article_id,collected_at,published_at,source,title,url,summary,classified,category,event_tags,signal_type,sector,woomi_relevance,claude_rationale,access_limited,korean_summary
45e6b0edc280,2026-06-10 11:09:50,2026-04-02 07:00:00,Student Housing — Brigham Young University (UT),BYU–Hawaii to break ground on $117M married student housing expansion - The Business Journals,https://news.google.com/rss/articles/CBMipwFBVV95cUxNWmd1eUVzeVotVnVQRzVDM1hLQUlYUDhCQXdmNWZFZ295VTNsRTg3SUtONEVYbzMyZUdMRHkyTWVZc3JOYndfT09VOFRPT0pTSkRnRERVTEs1TlBFQkNzNmZuSWt1RWZWZU1vM0x2WTJ5SUNiSkF6Zk11clZGODNqUDRSRmh5SGcxNkd3Y1o0bmNDX3RjMGtiTVp4d0JTemhYSDluTkdySQ?oc=5,BYU–Hawaii to break ground on $117M married student housing expansion    The Business Journals,True,개발,"construction_start,permit",중립,Student Housing,보통,"BYU-Hawaii의 $117M 학생주택 확장 프로젝트 착공 소식이나, 500베드 미만 규모이고 Core Spaces/Landmark/Greystar 같은 주요 플랫폼 개발사 미언급으로 보통 평가",False,
f5d609e80d69,2026-06-10 11:09:51,2026-04-15 07:00:00,Student Housing — University of California - Los Angeles (CA),IPA Closes Sale of Student Housing Adjacent to UCLA - Connect CRE,https://news.google.com/rss/articles/CBMikAFBVV95cUxOTHhrOWsxV2FBbXhTWE1GWl9RMUhCQkRhVzFIWUZicWlDc1pPMGlZT25ZZ2J1clZlWUl1VnVVazlQaGFQR2R5dE5PSjk1NlBiVzJCSlpqY20wTjd3N0hROEJvc2tXU0RIdjdSMm5GaU1TQWZnampKajNGdUJBMFhzenlhSnZwSXZrZUNUdjNxYUg?oc=5,IPA Closes Sale of Student Housing Adjacent to UCLA    Connect CRE,True,GP·자본흐름,transaction,중립,Student Housing,낮음,"단일 자산 거래이며 거래규모 미상, 주요 플랫폼 오퍼레이터 미포함으로 낮은 관련성",False,
923809cdf6b3,2026-06-10 11:09:51,2026-04-15 07:00:00,Student Housing — University of California - Los Angeles (CA),Raintree Partners Sells Student Housing Portfolio Near UCLA for $62.6M - REBusinessOnline,https://news.google.com/rss/articles/CBMioAFBVV95cUxOazJza2JOaWNnZk5qZ3M3czctRXpDeDViVkdoQTZSUTlPa2daQXVON29YMEpzQUpORlhkUUFVd0UyYk81X3FBQ1J3ck5peFY4SUVtMkk2TVBDaHBjS0lpWGloYUs4U3lmWkV0SlR4ZmpGbVIzOWwzd3gteFBZWkU3WUhhZUV6T0k5bTMxektpbzJwejBhYWFuRDRNcGc4WUh3?oc=5,Raintree Partners Sells Student Housing Portfolio Near UCLA for $62.6M    REBusinessOnline,True,GP·자본흐름,transaction,중립,Student Housing,보통,"Student Housing 포트폴리오 매각 거래($62.6M)로 GP·자본흐름 범주에 속하나, 주요 플랫폼 거래가 아니고 단일 매각 건으로 $50M 이상이지만 Core Spaces/Landmark/Greystar 같은 주요 개발사 미포함되어 '보통' 수준.",False,
045c06374783,2026-06-10 11:09:51,2026-04-05 07:00:00,Student Housing — University of California - Los Angeles (CA),UCLA reports expose explosive growth of student homelessness in Los Angeles County - World Socialist Web Site,https://news.google.com/rss/articles/CBMiaEFVX3lxTFA2VjFydU5NdnRLSlJWZ0c5MEZmRGVlQzNvakN5SWxQLUNVeWVqUXNKQS1iSVJYZC1XT0NoZDcwMThFaXp0QWQyVkVsZjNKQTdkVDNEbUhOZFY0bzQ4M2RWeG5YaUdBSzZr?oc=5,UCLA reports expose explosive growth of student homelessness in Los Angeles County    World Socialist Web Site,True,시장,market_data,약세,Student Housing,낮음,UCLA 학생 노숙 현황 보도는 정책·사회 이슈이며 Student Housing 수요나 임차인 데이터가 아니므로 Woomi의 개발 전략과 무관함.,False,
5cfc12b8ec56,2026-06-10 11:09:54,2026-04-28 07:00:00,Student Housing — New York University (NY),"Fetner, PGIM Team Up on $65M Columbia Student Housing Buy - The Real Deal",https://news.google.com/rss/articles/CBMiogFBVV95cUxNSzhkWTlucllDdVlpcGE4eUpqY3JqcXNvbGtlYnMtMG96NzFYMWFpWVM5TUtWYy1kY1J1cm5HVGZnUGp1U2I0UnF5akhPTmw0WmJNTHExdFFTTTduM2EwTmdMQ0Z3V2ZZUkVEWmdIQ2x4SjlHRzJVWm9SRmZJU1NQMG9tS2VUSWRHdnFuMVp4SXMwZXY4Q0xZWHlLc2JUVDA0LWc?oc=5,"Fetner, PGIM Team Up on $65M Columbia Student Housing Buy    The Real Deal",True,GP·자본흐름,"transaction,acquisition",중립,Student Housing,보통,$65M 규모의 Student Housing 자산 거래로 $50M 이상이지만 Core Spaces/Landmark/Greystar 같은 주요 플랫폼 관계사가 없고 단일 자산 거래 성격이므로 보통 수준의 관련성.,False,
ca15dd6a260c,2026-06-10 11:09:58,2026-04-27 07:00:00,Student Housing — University of Kansas (KS),Residence hall on KU campus damaged in storm; students evacuated - The Lawrence Times,https://news.google.com/rss/articles/CBMieEFVX3lxTFA2Mk1SX01RQTlLRVBfcXJnUmNvMlE3VHNkX3lNYVpydVUtSjZlQWg4U25XT0l0M28waGtrbG44eDRRWUdRTHE2Wm1qSS1vVGJSSzFiWlFDV0tmZ1lZNktTVVVOamhCUk1BZUw2UkRjV2d3eElRdUNDcQ?oc=5,Residence hall on KU campus damaged in storm; students evacuated    The Lawrence Times,True,시장,,중립,Student Housing,낮음,"단일 캠퍼스의 기숙사 시설 손상 사건으로, 시장 동향이나 Woomi의 전략적 관심사와 무관한 지역 뉴스입니다.",False,
fbcb75ef2476,2026-06-10 11:09:58,2026-04-07 07:00:00,Student Housing — University of Kansas (KS),University of Kansas student's First Amendment lawsuit against former supervisor clears legal hurdle - Kansas Reflector,https://news.google.com/rss/articles/CBMi1gFBVV95cUxOZWx6WUNnVEZqbGxweExDQnZGN1ZLNmVNRGpNeElTU2dWTnA3LUZ1YUN2NnR3aEtCM0JDMkQ1akVjSktiMS01WEpDSUFOQ2JPWHRucGZXSjVxOWxKY19ubXg5b0tTN0V2NzZnOEpjY2dseEswQi1aTGVzM2c2M3pJaUkyZHZJSnZ1RU1BY1FIZUtGMjZRa1RTUVpCNk0ySmI3aGlvZFMwWlRvdkpSdkZGTDEzX3R1bGRGNGtKWXAzVmdhT2RLU2d2dDJ0Z1N2MWNNN0VORl93?oc=5,University of Kansas student's First Amendment lawsuit against former supervisor clears legal hurdle    Kansas Reflector,True,시장,policy,중립,Student Housing,낮음,"법적 소송 기사로 학생 주택 시장 수요, 공급, 임대료 또는 개발 활동과 무관하며 Woomi의 전략적 이해관계가 없음.",False,
ea575c78bb3a,2026-06-10 11:10:01,2026-04-23 07:00:00,Student Housing — Stanford University (CA),New spaces expand residential and community life for students - Stanford Report,https://news.google.com/rss/articles/CBMihwFBVV95cUxNRDRCVkQyR1g2N1lXQjQxOVRTU1VNN1NXSHpURm50NjFuN1RsT1hjQ2htcExQd292dFpRNmlZUzNqendydXAzVHpRdHJKWFQzRThRZjVubzlqelphQWtOZDMtOXgzUmtTcm42QVRvYVN4Wi1mSHVzbG11UkpmQmdEcHV6MkxuVXc?oc=5,New spaces expand residential and community life for students    Stanford Report,True,개발,delivery,중립,Student Housing,낮음,"Stanford 대학 기숙사 신규 공간 개설 소식으로, 500베드 미만의 단일 캠퍼스 프로젝트이며 Core Spaces/Landmark/Greystar 등 주요 플랫폼 개발사 미포함으로 Woomi 전략적 관련성 낮음.",False,
6f4c1defd7cc,2026-06-10 11:10:05,2026-04-09 07:00:00,Student Housing — University of Iowa (IA),National award recognizes UCSC’s student-centered housing strategy - UC Santa Cruz - News,https://news.google.com/rss/articles/CBMiU0FVX3lxTE16ZTVQeTVzazNzVjNrXzZsaFZjcXpWR3dyQWROTmlyT3hReC1mdlBvbHl5a25FQnotYnhocVRSN3JGYzBOakpFVkdsbzNvY3VNOHU4?oc=5,National award recognizes UCSC’s student-centered housing strategy    UC Santa Cruz - News,True,시장,rent_occupancy,중립,Student Housing,낮음,"UC Santa Cruz 캠퍼스의 학생 주택 전략에 대한 상 수상 기사로, 특정 개발 프로젝트나 거래가 아닌 단일 캠퍼스의 정책/전략 인정 기사이므로 relevance가 낮음.",False,
5ac15fb686eb,2026-06-10 11:10:06,2026-04-15 21:30:53,Student Housing — Pennsylvania State University (PA),How Does Pennsylvania State University -- Behrend Rank Among America's Best Colleges? - U.S. News & World Report,https://news.google.com/rss/articles/CBMiiAFBVV95cUxPcmNNZEhyYUZEdFdHeVZSM0RTNFJ1eTFheE1sZEZ4cTdmamxobjVQQTZHMjhUc3BlR1VNelg0WGlFNE5qQXpQZmgxT1oyTC0zZG5wSDluejh3U0NxejY3MEZUenZVaFJYUE9aRVRVc3Q0MVYwTE41dDFHa1dqTDIyQUhGUTM5bXJK?oc=5,How Does Pennsylvania State University -- Behrend Rank Among America's Best Colleges?    U.S. News & World Report,True,시장,,중립,Student Housing,낮음,대학 랭킹 기사로 학생주택 시장과 무관한 교육 평가 콘텐츠이므로 relevance가 낮음.,False,
82cbcf921189,2026-06-10 11:10:07,2026-04-07 07:00:00,Student Housing — James Madison University (VA),"JMU President Jim Schmidt talks plans for graduate employment guarantee, more on-campus housing - wmra.org",https://news.google.com/rss/articles/CBMi5wFBVV95cUxQMGcxQ3hsb3FaU3lsVnE3Y3ZfVzRIU2lkaHVzYTdjWm1qTXNoMFd3SkZNMGpuWFhQZGRFa1BmekpxUno0elZDZ00xT1lMRmR6X3ZZcm5pd05nYmE4bV82ZHNpUWQwX2pTUnlQMUZ0S3dGS2dyZTJTMFpIYjBzSVRySGp3c3lRb3ZLSk1xVnJQYXp4eThjeFNjY0tuaEhqWVRGUWlDOTJVTkFRSzQxYUY2Qmp1ajlZRlZLNXdPRkozc2twWENSMkFsZTBUWTdldjVvdGNRTThobFVGREZUcUNJUkYyVklrdjQ?oc=5,"JMU President Jim Schmidt talks plans for graduate employment guarantee, more on-campus housing    wmra.org",True,시장,policy,중립,Student Housing,낮음,"단일 캠퍼스의 주택 공급 계획 발표로, 전국적 Student Housing 시장 신호가 아니며 Woomi의 전략적 파트너나 경쟁사와 무관한 개별 대학 정책 논의이므로 낮음.",False,
1b9d77e4f207,2026-06-10 11:10:08,2026-04-02 16:35:43,Student Housing — Cornell University (NY),Cornell University builds massive student housing complex to accommodate planned enrollment growth - Building Design + Construction,https://news.google.com/rss/articles/CBMipgJBVV95cUxNRHFqaDFvNVRBY052VUZzX3g4eXNaemNKdUVHQkNWdjIxOUxWcmlfNENvSTlPcHJpYllMYTczQ014dlRsMDNiTlRmY2U3RDlxajd6bDhZZmU2ODhJSmNLLTg2aWViRDM4bjc2S1Y2TkZQd1VWVW1MdFQtYVRqdnF5VGFPcS1tcE5zblZDMmJaS21MSzVUVG1KcHN2al9LVWt3TFRlYWdMVXh3cTJ6dFk0N0Z3NDJ3M0VPN2FLZU1Hd2lCYlBEcHZsMjZJMlBTemRzMkxYN1BhMHpKRVhQajk3cVVaZW1ZZGRrVHdyczhpaXlFeWpkZ3BpQnF1VWVjOVJycG5Oa1hXR2lRdHBneVp1LXQ2eG40N19YQ2NmYU5BRHNub244UEE?oc=5,Cornell University builds massive student housing complex to accommodate planned enrollment growth    Building Design + Construction,True,개발,"construction_start,delivery",중립,Student Housing,낮음,단일 캠퍼스 학생주택 개발로서 규모와 주요 운영사 참여 여부가 명확하지 않아 Woomi의 전략적 관심도가 낮음.,False,
4e36227c0c08,2026-06-10 11:10:09,2026-04-02 07:00:00,Student Housing — University of California - Irvine (CA),Envision UC Irvine long-range plan puts community in front row - UC Irvine News,https://news.google.com/rss/articles/CBMimwFBVV95cUxQam91TzVOcTZyLVlzeEIwUFZBT3BFanJKUVlLRTNrcnFnQ3BSX2lqSzJ2X2NCdUc0R0I0Vm9lUmFHeEU0alE1QUJ0b1UyMTdsSzVYZXU4MXZvUmxxZ0pNdnhFd2ZjeXZ4WUk2WkpSQlZpdW5saDJ5SWQ2Q1JRVFVIeXluangtZnlXbHZCWmpCN3dYSVZoRjYxTDQyOA?oc=5,Envision UC Irvine long-range plan puts community in front row    UC Irvine News,True,시장,policy,중립,Student Housing,낮음,"UC Irvine의 장기 계획 발표는 정책 성격의 기사이며, 구체적인 개발 규모, 투자 규모, 또는 운영사 정보가 없어 Woomi의 전략적 관심도가 낮습니다.",False,
acd4cabd8038,2026-06-10 11:10:10,2026-04-21 07:00:00,Student Housing — University of Georgia (GA),"Landmark, Kane Properties Acquire 128-Bed Student Housing Community Near University of Georgia - REBusinessOnline",https://news.google.com/rss/articles/CBMiwAFBVV95cUxQMTZNYU9Sak9FRXRXT3E0dmZTSjFwZzJRMThFNl9rVHF4ZjNHd0JUM2VaVWE0UU5RcmxNaVhGckZzZTNHdTBfYkxHNjRvak91LU93MlpJbVNTOXliNTNhb1RaNmFKZVhYNUJBSU5kSTY2eWI0TTJCM3NXSU9EQlRfSkt1TzZxcmo3SjBCeU4yV1dhdkl2bW5hMW1YcXZXdHdkV0N4SVpjX0xrczdRZG0za0tERk81RUhQVFFBQzczanI?oc=5,"Landmark, Kane Properties Acquire 128-Bed Student Housing Community Near University of Georgia    REBusinessOnline",True,GP·자본흐름,"transaction,acquisition",중립,Student Housing,높음,"Landmark(메이저 Student Housing 플랫폼)이 128베드 커뮤니티를 인수한 거래로, Student Housing 플랫폼의 M&A 활동에 해당하여 높음 평가",False,
a4822a21ae7f,2026-06-10 11:10:12,2026-04-23 07:00:00,Student Housing — University of Pittsburgh (PA),"Pitt, students navigate housing challenges amid increasing enrollment - 90.5 WESA",https://news.google.com/rss/articles/CBMijwFBVV95cUxQRUcxY1U0X056WjdfQjJHZERySFluZGJ4T1R3VFFwUFE3NGduZlpqdnVhYnFQejRCUHF1RzltOGg1SDVrQ1ZUcmtQX3ZUYlMzUHhYMzREb096OEc2d1NjbFdmTjY0aTg4X196a3docmNQUC0xRFphcHlUc05yNjgzYk45dXFuVTF1RmhMMTBUMA?oc=5,"Pitt, students navigate housing challenges amid increasing enrollment    90.5 WESA",True,시장,rent_occupancy,약세,Student Housing,낮음,"단일 캠퍼스(University of Pittsburgh)의 학생 주택 공급 부족 문제에 관한 지역 뉴스로, 전국 규모의 시장 데이터나 주요 플랫폼 연관성이 없어 Woomi의 전략적 관련성이 낮음.",False,
7ab7afb5e164,2026-06-10 11:10:13,2026-04-21 18:34:07,Student Housing — Iowa State University (IA),"Regents to consider ISU tuition, housing and parking changes - Iowa State Daily",https://news.google.com/rss/articles/CBMioAFBVV95cUxOZVJVTDV4N1VkRDJaZnJfNWpHSHVBX2dqclRSR0daRXhOX1AzLXpYYmthYU02RUJJU0lfem5ZbDZoV0hzc2ZTWk9haThhdWltcmhuZ0c3a3lndkFzbjVkWkF6VTU4YWpmektzNXFBZFlFYUZoMkZXU3liaGVfSWdWSkZqTVJWTzZEZUJJOExYVGxTYWpKcEJ4S1dkMDJxaEFL?oc=5,"Regents to consider ISU tuition, housing and parking changes    Iowa State Daily",True,시장,policy,중립,Student Housing,낮음,"정책 논의 수준의 기사로, 구체적인 개발 프로젝트나 거래 정보 없이 ISU 주택 및 주차 요금 정책 검토만 언급되어 있어 Woomi의 전략적 관심사와 직접 연관성이 낮음.",False,
54ac94dc4d6e,2026-06-10 11:10:13,2026-04-14 07:00:00,Student Housing — Iowa State University (IA),"Daniel Arthur Hallenbeck Obituary (2026) - Watkinsville, GA - Lord & Stephens Funeral Home - East - Legacy | Obituary Search",https://news.google.com/rss/articles/CBMihwFBVV95cUxNaGdHVWxmZlFVYmhMeWgwVGx6QjEtS3drZVpNTUZLRC03TkFjV00yMml6UlVINHlyLW5LMVh5ZEpqRzVKT0x2R1c5M2REY09SSjVvWTRIaDRmd1kyZmhZUkxYSmN4YVFXMFJWeEpoZHE0bFZ0QVRFcFAza2xUbmFnQ1pjcXJYY3c?oc=5,"Daniel Arthur Hallenbeck Obituary (2026) - Watkinsville, GA - Lord & Stephens Funeral Home - East    Legacy | Obituary Search",True,시장,,중립,Multifamily,낮음,"This is an obituary unrelated to real estate development, market conditions, or capital flows; it has no relevance to residential real estate analysis or Woomi's business.",False,
06e5b4bcdb1b,2026-06-10 11:10:15,2026-04-08 07:00:00,Student Housing — University of Central Florida (FL),"2 injured after shooting near University of Central Florida, deputies say - WESH",https://news.google.com/rss/articles/CBMibEFVX3lxTE5mT3kzczNYbzdfRnZvQnlCU0dILXlMbDNmdFpxUWpvU3p5WThIUi1kWUwtZHVmZ3l1RzV0SWFLeWVJOTZndEd5Q2YyRnU1QUhEMWNfSnlLRlhsT1lRRW42UEpKNU14WGZ6N2UzWQ?oc=5,"2 injured after shooting near University of Central Florida, deputies say    WESH",True,시장,,중립,Student Housing,낮음,"안전 사건으로 Student Housing 시장의 수급, 정책, 개발과 무관하며 Woomi의 전략적 의사결정에 영향을 주지 않는 지역 범죄 뉴스입니다.",False,
c9342051fa2c,2026-06-10 11:10:16,2026-04-29 07:00:00,Student Housing — Michigan State University (MI),Photos: Michigan State University's East Village - Lansing State Journal,https://news.google.com/rss/articles/CBMizgFBVV95cUxQcXVRM0cwZklaLXY1ZmpRSVdMelFOaUd2a1NJRTdVRW9Hel9WMVd3cl81UzJTZzUzVm1EVGgwcExac1N4cnpjUkJKdUZOenE2TndQYkQzTG1HcHNPbjF4aGpUeWFxWlFQa3kzTGVIWU00QVB1Y09tR0ZhMHAyVXIxZGM4YUZkTnQydWhmZTd6Yk1aYjM2WXJZdHcwT0xkTUJQaGhGZnlpRzR5dUZuX0FBdzNYeGdTZXQ2RFRTOU5NN3hlYS1FeEVPVVA3ZmlrQQ?oc=5,Photos: Michigan State University's East Village    Lansing State Journal,True,개발,delivery,중립,Student Housing,낮음,"단일 캠퍼스의 기숙사 프로젝트 완공 사진 기사로, 주요 플랫폼 개발사 미포함 및 규모 정보 부재로 판단됨.",False,
3301405d695f,2026-06-10 11:10:16,2026-04-05 07:00:00,Student Housing — Michigan State University (MI),GUEST COMMENTARY: Helping MSU students navigate the off-campus housing process - The State News,https://news.google.com/rss/articles/CBMi3wFBVV95cUxQaTlBbUZIamFGSWlCMVBYYS02YkdfTTlxbUtySWtrS0ZlVTVfOWlMbnV6RjJ0R2EtbHFlZXFuNzRFZmJFZkdtTjRXMUZhT2xBOEVONXdsN1l0T1U3YV9BdEFNS196dGl4Z3lTMDVINUExS2pNVEUyaWpoYWVnUWFDUHdyWDdkZGg4RS1DcGhhOWpZQkFCRzVtcGIzMnAxdWdqMkVnTjlBRkRzRmc4LU00YWhFYVRabWlfS3RfTElSaTl6VzFPYTIzN0g0aGE5OXlfVTJHWjMtNFNleTVrODNj?oc=5,GUEST COMMENTARY: Helping MSU students navigate the off-campus housing process    The State News,True,시장,rent_occupancy,중립,Student Housing,낮음,"단일 캠퍼스(MSU) 학생 주택 시장에 대한 일반적인 논평으로, 특정 개발 프로젝트, 거래, 또는 광범위한 시장 데이터가 없어 낮은 관련성으로 평가됨.",False,
98310ebde02f,2026-06-10 11:10:16,2026-04-10 07:00:00,Student Housing — Michigan State University (MI),"Michigan State University housing, dining costs rise more than a year ago - The Detroit News",https://news.google.com/rss/articles/CBMi7AFBVV95cUxQNTlmZks1T0pJVXZkNUtya0U2ajEzOER0ak13ZmdMRGVsNk5ia2tjSzBVQkZScDFJcVd0d1dNTk11VXN4MmVWMlZma1IwY0x5d0J2S01CUWRlNjhNR0o3OGI0dWwtZlJPSk9hSjhkYWF0ajYxRTA3R3VQZmxtb2xrcWtBUk8wRl9LNE1YX2VsN3ROWV9teWs2dEJDM0dKZDdzRUpmeXpiRzJHdFk1Nk9PSldfWUFEb256MGVVMWlSRVNRNjZWTTQ0Sy1EdFJONlVBODVlaDV2RkZjOHBPakdOMVZOZ3hnb3dITjl4WA?oc=5,"Michigan State University housing, dining costs rise more than a year ago    The Detroit News",True,시장,rent_occupancy,중립,Student Housing,낮음,"단일 캠퍼스의 주거 및 식사 비용 인상 소식으로, 국가 차원의 Student Housing 시장 데이터가 아닌 개별 대학교 수준의 로컬 정보이므로 관련성이 낮음.",False,
9c80889a1ead,2026-06-10 11:10:16,2026-04-10 07:00:00,Student Housing — Michigan State University (MI),"MSU trustees approve Spartan Success Center, housing and dining rates - Michigan State University",https://news.google.com/rss/articles/CBMicEFVX3lxTE0zbGhfalJiekpCTmZEbUV6MmhGVHotNWEzZkI1elpOeDBRTWhDZkFqSkIyakk4TmNxdU1acENKSDZHbUg3a3lVUHhveC1ELVE5Q2JWOHNIWmxiWDlRVDliTzE5YjNkLTVLNC1sdGFidDk?oc=5,"MSU trustees approve Spartan Success Center, housing and dining rates    Michigan State University",True,시장,policy,중립,Student Housing,낮음,"단일 캠퍼스의 주거 및 식사 요금 승인은 학생주택 시장 데이터가 아닌 기관 행정 결정으로, 전국 규모 공급/수요 신호가 부재하고 Woomi의 전략적 영향이 제한적입니다.",False,
abd37d4a2a05,2026-06-10 11:10:17,2026-04-02 07:00:00,Student Housing — San Diego State University (CA),IVC hosts student housing forum to showcase partnership with SDSU - Imperial Valley Press Online,https://news.google.com/rss/articles/CBMi5AFBVV95cUxOYnpnNlhSclBqVGtQdG5PVnROREhRc1Y1WWNLdnBvaEltZll5Vk1lbWFMbEY1LXlNOEVvaXpIZ0kweXE3RktXSlVqUTl0a3R6VE56Zi1JcjNtY1hxOElibXh0bTVLVldaQ2tSVVBYSVdPRVlmODZ3ZHZDWXJ3a3lQNUtQY3hUbFNvZ1pBNDlkOGxOZUdPcGtrTVZtWkJNZENDOHRmSkRMZ0dKWV8xU0dIV01POFRISTFtbDA2S3RLWGtlZkRUeUZJNHAtUDg3eEE4SzlZQ3l3Z2xHMlJ3dndqRGNoRmw?oc=5,IVC hosts student housing forum to showcase partnership with SDSU    Imperial Valley Press Online,True,시장,market_data,중립,Student Housing,낮음,"단일 캠퍼스(SDSU) 학생 주택 포럼 개최로 구체적인 거래 규모, 개발 일정, 시장 수요 데이터 없이 지역 차원의 제한된 뉘스이므로 낮음으로 평가.",False,
06b17c115a06,2026-06-10 11:10:17,2026-04-01 07:00:00,Student Housing — San Diego State University (CA),Imperial Valley College Officials Talk Up New Student Housing - Calexico Chronicle,https://news.google.com/rss/articles/CBMipgFBVV95cUxNMGFzX3JiblhpZ3ZfTGMwR2Y3X3dEaEZoS3JvTENUSFRWNEVmSVFvRFotMmVkMkItbDc0ODIxRVJUSWhLQkJDMUNvU2Frdjd3SnFCUjJPR0pkWkROTHpLV3ZwMjZKbjYzek50d0FucjVtS1VsZnZWM3JkRHpNcHIyaXFjOHhiZlQ3dGhLQ3JrYmZpQjdOR09hbEpLODI0aHFoUFY4b2p3?oc=5,Imperial Valley College Officials Talk Up New Student Housing    Calexico Chronicle,True,개발,construction_start,중립,Student Housing,낮음,"Imperial Valley College는 소규모 지역 대학의 학생 주택 개발로, 500+ 침대 규모나 주요 플랫폼(Core Spaces, Landmark, Greystar) 관여 없이 단순 지역 뉴스성 발표에 불과하다.",False,
3d504fdd419d,2026-06-10 11:10:19,2026-04-13 07:00:00,Student Housing — Florida State University (FL),"Florida State University plans $374 million expansion to add student housing, dining, and parking spaces - WTXL ABC 27",https://news.google.com/rss/articles/CBMi0AFBVV95cUxPbThTbkhPOVZXYTRYVWlKN3lhd2ZBT1Z2MDVjSXZ0Q0RCazlYMXp3WE1TUVhYejlHMHJwTzRiZE1VUVlEcnB3c0lYUk9oZHNJaFNjUkdfbjRwVlRvTkRYTDJHdk9IRkRzYkxRWG8xOWlWbTQyWWV1SHV4V29iUWlsM3YtTHNnQm5XMEREeFJXOG1rUnk1VWRUV01ZTzlnYnR4OXp1NzJka0tHUVh4dDBvclNCSVVCODZLWjkxalEyVXQ0ZktmT1hucVNhajRjTWQ4?oc=5,"Florida State University plans $374 million expansion to add student housing, dining, and parking spaces    WTXL ABC 27",True,개발,"construction_start,development",중립,Student Housing,보통,"Florida State University의 $374M 규모 학생주택 확장 계획이지만, 주요 플랫폼 운영사(Core Spaces, Landmark, Greystar) 미포함 및 500+ 침대 규모 미확인으로 보통 수준 평가.",False,
494f0268f19e,2026-06-10 11:10:19,2026-04-14 07:00:00,Student Housing — Florida State University (FL),"Florida State University Announces $374 Million Expansion for Student Housing, Dining, and Parking - Global Student Living",https://news.google.com/rss/articles/CBMiyAFBVV95cUxQb1NWczA5MFNXb2tGa0UtejE3em9qNEE0UF9ubE5tTlRnNF85WGJEa0NIYUZjTG1vSk1icVdnbXMtX2wyUFBDTFBsMFdjUnpQRWppRXJTSmVjR2lWWlZYTzdHZ1czQWlZdndTaU9RLUJLeklxaEpCZE82eEljdlQ3RWFxeG5yOWNPX2xHVEtORXVPWC1fdlNsMEVHYWNVNUJScjY5TERuYlBUVm40VktFQmFwUEc5cUtDd0J5a0RRbGJDaXlTand6Yg?oc=5,"Florida State University Announces $374 Million Expansion for Student Housing, Dining, and Parking    Global Student Living",True,개발,construction_start,중립,Student Housing,보통,"Florida State University의 $374M 학생주택 확장 프로젝트이나, 대학 자체 개발이며 500+ 침실 규모 여부와 주요 운영사 참여 여부가 불명확하여 보통 수준으로 평가.",False,
260588f3ce79,2026-06-10 11:10:20,2026-04-16 07:00:00,Student Housing — Auburn University (AL),Coming 2028: Auburn luxury student housing community breaks ground - The Bama Buzz,https://news.google.com/rss/articles/CBMilAFBVV95cUxPWmR1cmZ3S1UyU2dyZVVfWm50Wm5ZREFnanowRi1uM1pKeUlWdzFDNEptWHN6aW1QYS1uTndzTkxMVkJISmhtWFFfbWRlTHRrZVdKQkdyc2ltVHo5NUx2NGpnSGVLNEJhUXA5V1l0S2M5M0Y2VUMtNy01Ni1vei03Q05rc2RmMUp3SW9DN0dXQk4xQnNi?oc=5,Coming 2028: Auburn luxury student housing community breaks ground    The Bama Buzz,True,개발,construction_start,중립,Student Housing,보통,"Auburn 캠퍼스의 학생주택 신규 개발 착공 소식이나, 프로젝트 규모(침대수)와 개발사 정보 부재로 인해 보통 수준의 관심도로 분류됩니다.",False,
66d95e0a7cb7,2026-06-10 11:10:22,2026-04-17 07:00:00,Student Housing — Kansas State University (KS),Termite troubles: Kansas State student discovers pests in apartment - WIBW,https://news.google.com/rss/articles/CBMinAFBVV95cUxNQ1JjcHprZlQyOUhVZWhDa2ZDZHNsdXVaUkhjLXlPbzlXbGZnYUs2bHJxRGdUV3oyM0Ztd05mYVNrZldxTG5GYkRNRGRQTWpQZ1ZLdjJkSnZoNFpqd1lmNVMxY2pXd0FsRExDOVlDVGR5NENqcFFDbjlEMDhCNEgtbFFEQWZGZ09BTlowMWgxYjVFcDdqNzBKZk5weGTSAbABQVVfeXFMUDhBeHhmTGlpWVRIS3dVWjc5WUtfa3drQmFubXpUMUFWbjVGOEJ0ZG1VOUhTQXN2TFdiZEVoWjRTUUhLbDJ4endTU01hUUYtYTV4YzRmRjBDSjdxNm85WTBEMnBBd2s1S08zNlRBdGVDRzZVUXBwdEx0anZwUG1sdjJrMV9JWEJpRjItaF9oaVBOVlZHT1hTRjhQN2p6a19Udy05QU1PWmp3bzdKMS1iY2E?oc=5,Termite troubles: Kansas State student discovers pests in apartment    WIBW,True,시장,rent_occupancy,약세,Student Housing,낮음,"단일 캠퍼스의 개별 건물 해충 문제 보도로, 광범위한 시장 신호나 거래 정보를 포함하지 않으며 Student Housing 시장 분석에 미치는 영향이 미미함.",False,
413b1ef2b178,2026-06-10 11:10:22,2026-04-01 07:00:00,Student Housing — Kansas State University (KS),Rent inflation leaves K-State students struggling to afford housing - Kansas State Collegian,https://news.google.com/rss/articles/CBMiqwFBVV95cUxNamMzbjlVZDREc0ZOVVVDcF9LRzl2MXpOMlNxTHhESHA3R3JVQkRqLXd4QkxrVkNHMFhoWDhqLXd0XzhZNV93UW1leUYyZEZ4bjBYQk00X05lOHFvVy1xMUdfSzVuQ20wNEFoU2Z5ck8xSlREdHIwZnEwOWpXd0JRT2hBdVc2XzRkT1ZCTHRfM1JENUpMbXJ4TWoxYTRodUR0Mjg0bnJqTlhPaVU?oc=5,Rent inflation leaves K-State students struggling to afford housing    Kansas State Collegian,True,시장,rent_occupancy,약세,Student Housing,낮음,"단일 캠퍼스(K-State)의 학생 주택 임대료 상황에 관한 국소적 기사로, 전국 또는 다중 캠퍼스 수준의 시장 데이터가 아니므로 관련성이 낮음.",False,
b27b05c933e1,2026-06-10 11:10:25,2026-04-10 07:00:00,Student Housing — Florida Atlantic University - Boca Raton (FL),FAU students are using their skills to launch their own businesses - FAU University Press,https://news.google.com/rss/articles/CBMipwFBVV95cUxOSU16a0RjWTRfMlV1cUpXR21ZajFkU2haUDdlTVlYd1pOZmdabG5pakZRWEdOOXowOVh0d3N4UVpKTkY0MFhhM2JkS3VxbGo4U2lvNUo1eDhEOFdEbWtZN0N4WndDWDNlSVVxMUM2cWhHOGJFNzFySHVHczNBbDFBRmJjZExyS0x5TjJ2eWMtQkV5WlNtem00MU1uRU9yU0RHR2VIWVVsaw?oc=5,FAU students are using their skills to launch their own businesses    FAU University Press,True,시장,,중립,Student Housing,낮음,"FAU 학생들의 창업 활동에 관한 기사로, 학생 주택 시장 수급, 임대료, 점유율 등 실질적인 부동산 데이터나 거래 정보와 무관한 일반 뉴스이므로 낮음으로 분류합니다.",False,
9933f95011be,2026-06-10 11:10:27,2026-04-24 07:00:00,Student Housing — Duke University (NC),The Chronicle’s guide to 2026 residence hall move-out - The Duke Chronicle,https://news.google.com/rss/articles/CBMi7gFBVV95cUxNSWJaQXktWFRoNlJ3bG1xeGVna0ZuZURMSWlMdU95NjNrRHZWajRLaXJuem1JdU5NRGJTSkFnV1FEczhyUEp1SHZka0d6d3pCb1VBUVhiZFcxdEk0MkhPMXd2empwNm5BekFLb3FNU3BZUDIwQWg4V3c2QmhKTEtnUmF2YkdIcGc4LWVrX19DWmNXQVdKNWVRX0ZLVXhYcWZpYUJGNmJqSU5lTW5Ha1h0Z1B6ZEpHUnF4eW9pcllROWxwODJrbFotTVJHdmJVLXo1VzkxcXk0TjFzYTVoOGlGaEM4OGd3SU9XZDVXVTJB?oc=5,The Chronicle’s guide to 2026 residence hall move-out    The Duke Chronicle,True,시장,rent_occupancy,중립,Student Housing,낮음,"단일 캠퍼스의 기숙사 이동 일정 안내로, 전국 규모 학생주택 시장 데이터나 주요 플랫폼 개발자 활동과 무관한 개별 캠퍼스 수준의 정보이므로 관련성이 낮음.",False,
3b9a2a41f673,2026-06-10 11:10:27,2026-04-24 07:00:00,Student Housing — Duke University (NC),Duke University's inaction on campus land echoes history of housing neglect - Facing South,https://news.google.com/rss/articles/CBMipwFBVV95cUxQMnZ4YmZpM0lEWml3aTlUamtlRkVMdGZ0cW1HM2VYdVB4ZzJOVVZ0X2tCamRzTkJKdFJGaTJENWtXdVNJN1FKZFlGRU1uRE9CVFZjaHlrck9hZy01MjNDVmhwbl93WVdIMlhtT09PN3ZzbGRRQWFpckNYQ1ZIaENFNVJKVXUwRVBHbXF6SlgwQnhDajdqRlBpUF83Y2FrRncxS3J0X1VLQQ?oc=5,Duke University's inaction on campus land echoes history of housing neglect    Facing South,True,시장,policy,약세,Student Housing,낮음,"Duke의 캠퍼스 주택 부족 문제는 개별 대학의 정책 이슈로, 전국적 Student Housing 시장 데이터나 대규모 개발 신호가 아니므로 관련성이 낮음.",False,
af479c0f9ff0,2026-06-10 11:10:27,2026-04-09 07:00:00,Student Housing — Duke University (NC),"Duke Bought a Duplex That Housed a Thriving Community Space. Within Months, It Was Gone. - INDY Week",https://news.google.com/rss/articles/CBMiVkFVX3lxTE5ndXowNk1kUC1GNm9HRTFBb3dsTXkxSDFNSVJ5QTR4UFN2cUhKOTZXZDhjclpVaEtMcXlQV1RfVHFwYzRJenM5UEJHVjY1QmI4VV82RzJB?oc=5,"Duke Bought a Duplex That Housed a Thriving Community Space. Within Months, It Was Gone.    INDY Week",True,시장,policy,중립,Student Housing,낮음,"Duke University의 지역 부동산 인수 및 커뮤니티 공간 폐쇄 관련 기사로, 특정 캠퍼스 내 개별 이슈이며 규모가 작고 대규모 플랫폼 거래나 시장 데이터가 아니므로 Woomi와의 관련성이 낮음.",False,
3d855c8ee0fb,2026-06-10 11:10:28,2026-04-09 07:00:00,Student Housing — University of Kentucky (KY),Subtext JV to Develop 784-Bed Student Housing in Kentucky - Multifamily Housing News,https://news.google.com/rss/articles/CBMilgFBVV95cUxQcXkwRGU0R1pKLXBXNHdIZjJ0bldFYk1DYkNxZnM3VlhfTWd1SzF4WFRnSUxPMzhxTzRIcnhSdElWRUlNMVpIRC1KRlgwVkdJSklyaDdlald4Y1l0MHpkTE5UREJBSHpweXljVVJqeGlpa2FYUHpFRVdyVUNsb09rT21qeUlndHk0ZG92Q1pSSzRubGQ4N3c?oc=5,Subtext JV to Develop 784-Bed Student Housing in Kentucky    Multifamily Housing News,True,개발,"construction_start,JV",중립,Student Housing,높음,"784-bed Student Housing project with JV structure formation meets the 500+ beds threshold and involves development partnership announcement, warranting high relevance for platform and partnership activity tracking.",False,
659e1ba3b9dd,2026-06-10 11:10:28,2026-04-08 07:00:00,Student Housing — University of Kentucky (KY),Here’s when construction will start on 8-story apartment complex near UK’s campus - Lexington Herald Leader,https://news.google.com/rss/articles/CBMiiAFBVV95cUxPR2FEbHhHSmxwQUYwV2pwY2EtQVc2dElSUWFlSFBzaUs2MEE2SUJpd3h2OS1TaEZfQkVEOGQ1SGRKQmxRM25BSzZlRDZhOHRidFdDdU5BbHJBUng5S1RHRUVMT2JCLWZSZnRXWnZrTHozQzZsQzF5dmt1dmJmaUpUbEUxUktCV2F60gGIAUFVX3lxTE1PSzY5RGpoZWY4SGRVNWlienZ5cVd4SWM4akxkT1IzR1FyaGlZMjY3UmkzbXRXYXd1d3I4dHpHMUFSb3F4Y1VZVWVyVjZRLTY1VzFMZ0JfeFZYdUtxZ09VTUJnNUZObWFxNDA5MmotYUt5LTlYRzNsdHNxeUVmZHdfN2xhRm5GRW0?oc=5,Here’s when construction will start on 8-story apartment complex near UK’s campus    Lexington Herald Leader,True,개발,construction_start,중립,Student Housing,낮음,단일 캠퍼스 학생주택 프로젝트로 500+ 침대 규모나 주요 플랫폼 개발사 정보 없이 낮은 규모의 지역 개발 소식이므로 낮음.,False,
8af838e3897a,2026-06-10 11:10:29,2026-04-10 07:00:00,Student Housing — University of Connecticut (CT),Mansfield opens vacant units near UConn to more grad student families - Connecticut Public,https://news.google.com/rss/articles/CBMiwgFBVV95cUxQcnZHUjlmVjlmMWxFcmFrQXJaVVdDVWt3Ny1kVkVzZEROSzI5Z3FjSVlDeWpiS3R0ZG1NZFQ2aktLOW1Pa083SHBMcjlwNVZQd0lucUUtaWxoM2FLOWV4dXdCLTU1NFZfNUhkbW1NRHNWYUd1QUgwY3Z2MXJQYzdNUmpIZEVqT294bkkwdlEtUTl2VUE4c3gxbkg1QWpET1Q5OU05YWtfT3hYT25YVzY1ZDF2T185dGF1UE11MW5TTHE4QQ?oc=5,Mansfield opens vacant units near UConn to more grad student families    Connecticut Public,True,시장,rent_occupancy,중립,Student Housing,낮음,"단일 캠퍼스의 학생주택 입주 정책 변화 소식으로, 전국적 시장 신호나 주요 플랫폼 거래가 아니며 특정 대학 지역의 제한적 정보이므로 관련성이 낮음.",False,
db139dfd6dc3,2026-06-10 11:10:33,2026-04-09 07:00:00,Student Housing — Boston College (MA),“We Literally Did Not Have Housing”: Rising Sophomores Resolve to Off-Campus Living Amid Housing Shortage - bcheights.com,https://news.google.com/rss/articles/CBMisAFBVV95cUxObWFWYnlIRmRyOFNaSkQ1aWZjdjFtUFBaekNfRTFHWjZkMjI2WUtYMFdTY0FTWjNBZ0xSdFFkRWo0VXI4dTM1YzVJUXhyRmNfQVVUblhKRjdFZlVfeHR5bTh5bU1GRldzbjdicm94YUdUeUZWOENfYVNVcVhVZDJSOUxVM2dXX21EZWs0My1SY2pGcHdpdnJraENXb0FhUnhybTFRcVBKMnRaUjIxdHlOYg?oc=5,“We Literally Did Not Have Housing”: Rising Sophomores Resolve to Off-Campus Living Amid Housing Shortage    bcheights.com,True,시장,rent_occupancy,약세,Student Housing,낮음,"Boston College 캠퍼스 내 주택 부족 문제를 다룬 단일 캠퍼스 수준의 기사로, 국가 차원의 시장 데이터가 아니며 Woomi의 전략적 관심사나 포지션과 무관한 로컬 뉴스입니다.",False,
57c6be5a1c14,2026-06-10 11:10:33,2026-04-30 07:00:00,Student Housing — Boston College (MA),College move out season is here for Boston area campuses. See schedule - The Patriot Ledger,https://news.google.com/rss/articles/CBMi4gFBVV95cUxQdzNXal9GVzYyRzNPdm90Y0FNS3RqbU9mOWhqX2tSSzRUQzlPU2haLU5rR0RTVTNWMVYtcVhGY1dYcF96QVhmYWhyamhHX0xzUWtjblpQcGJMeVFhNWI5RnE0OFMwcWRTWWlRNXdJTFhYVEFUMzRSWnNtUDFhRkJzVUhWQzV0aXpnTHNITXJKdWY3VEJqWUNOVHM5bWdzUWNUU25LZE9mNFo5dXVnbkRUdEJ3a1NUdl93MGtHVnVxQVZjZzg3Z1lld21oajYwNjI4aTM4bGU0UFkwTWp6cWJ3bFFn?oc=5,College move out season is here for Boston area campuses. See schedule    The Patriot Ledger,True,시장,rent_occupancy,중립,Student Housing,낮음,"개별 캠퍼스의 단순한 이주 일정 정보로, 전국적 Student Housing 시장 데이터나 주요 플랫폼 관련 내용이 아니어서 낮은 관련성.",False,
9dbc232457f5,2026-06-10 11:10:36,2026-04-14 07:00:00,Student Housing — University of Utah (UT),The University of Utah and building for tomorrow - The Daily Utah Chronicle,https://news.google.com/rss/articles/CBMif0FVX3lxTE9xNGVUcjJwSk9LRm1RdV8yNkg4RjRtWGFkTExtWXVlaDI0ckdaVy1qdDFiWHI2cGZ1eGkwaUN0TFpZRUZXRTZEOFgxUHVaelZEOUI3bzFZTDNIa3RfZ1RoY2FSVDR4Z2RJYm1XNGdRNFhjY1BiMXBJY2diWDFRVWM?oc=5,The University of Utah and building for tomorrow    The Daily Utah Chronicle,True,시장,market_data,중립,Student Housing,낮음,"단일 캠퍼스 학생주택 시장 동향으로, 대규모 플랫폼 거래나 전국 데이터가 아니며 구체적인 거래/프로젝트 규모 정보 부재",False,
f080c2a084ac,2026-06-10 11:10:36,2026-04-10 07:00:00,Student Housing — University of Utah (UT),Old Office Max set to become student housing as Cole West breaks ground - Building Salt Lake,https://news.google.com/rss/articles/CBMiowFBVV95cUxObzBqaE5GTEJkWnJFRXJrYWlKYlc1ZloyamJ6TElYMElxdWJvNXhiNDdFbUZ3QXJfdTZOZlRkSklZVzZTR19YVHEwZlRaZE80ZjVRM2JpV21SWFNkTDJtVVdhdktQWjV0ODYxTFJNRkVVWGhzSWxsUG9PNkZUOGRPbEtaSU9WMnYyVjNSbWVfS21yYjBsQlRmVXdIa1N0VF9TeFJ3?oc=5,Old Office Max set to become student housing as Cole West breaks ground    Building Salt Lake,True,개발,construction_start,중립,Student Housing,보통,"단일 캠퍼스(유타대학) 학생주택 프로젝트의 착공 소식으로, 규모나 주요 운영사 관여가 명확하지 않아 보통 수준의 관심도 평가.",False,
c8be6d383dac,2026-06-10 11:10:37,2026-04-03 07:00:00,Student Housing — University of Houston (TX),University of Houston Celebrates Centennial Hall Top Out Milestone - University of Houston,https://news.google.com/rss/articles/CBMiYkFVX3lxTFBZaUp0bGtFM01GVnBYd1p0c3dvUUR2dkYxV3Q5dnRHZHFacURqbVFySG0wVkswcG5MQnRWbFY2WW9WUXM5Y3RuejNnaE5uUUdTcjRFSW9GMkdfaDB5OHNPU3Zn?oc=5,University of Houston Celebrates Centennial Hall Top Out Milestone    University of Houston,True,개발,construction_start,중립,Student Housing,낮음,"단일 캠퍼스 학생주택 프로젝트의 기초공사 완료 소식으로, 500+ 베드 규모나 주요 플랫폼 운영사 참여 여부 정보가 없어 관련성이 낮음.",False,
0fb053f44076,2026-06-10 11:10:38,2026-04-23 07:00:00,Student Housing — University of Delaware (DE),A Student’s Guide to Life on Campus at University of Delaware - Delaware Today,https://news.google.com/rss/articles/CBMihwFBVV95cUxQV2loNG42Ul90MzdmelNZOHVhc01JZEpPWlNlbG1MY1RuVzA5b2g1SEZNVGN5dFRLYUNXYUFJSUxJV2k2UVpfTkdMYXpsWEgyQWdUVE1vajMwOWdKWmoyeFFUMmlOLUQzemRIZzZ1SjhpV0pPRk5VcmYyQ0d5LTJhSGExX00waHPSAY8BQVVfeXFMUHE3WVFBandaeGJQLUhKTXgwZGpRTlNJbUJFTmI0b0x0WWtueHNLaXhuT2dZYjE5YURjRTFRbXRuYUNvdm9tdkZHd1F4UjZSYUVxb2JuVmtyaFF3Y2cxOUZhb3ppV0R4RHNLMi1HM2VsQ1d3Zm1LRGd1MXBPeG1CQ3dJRlEwY3FFd2wzNUJIc3c?oc=5,A Student’s Guide to Life on Campus at University of Delaware    Delaware Today,True,시장,,중립,Student Housing,낮음,"일반적인 캠퍼스 생활 가이드 기사로 학생 수용, 임차료, 시장 수요 데이터를 제공하지 않으며 특정 개발 프로젝트나 거래 정보도 없어 Woomi와의 관련성이 낮습니다.",False,
cc23f689ab25,2026-06-10 11:10:38,2026-04-20 07:00:00,Student Housing — University of Delaware (DE),"Buccini Pollin, University of Delaware aim to fill housing gap with $75M project - The Business Journals",https://news.google.com/rss/articles/CBMiqwFBVV95cUxPS21lcm45anVrZXJwa0FGaXFLQmUtUm9mc1ZuVjhNZlc2dG1reGEybmQyRVBrNVdVRXNwMFdiZDRaMnJ5MFdHZ25aYlB5MWpWeXRwWG5QQno1VmhfRXNSdlhFZFZ4eUpDZUtIcWRUTTJrT2FKVUg3QkNubGZrbEtuV1BMM1Q2MHR1Wl9jWmpwTngxVWFzQ0xTWGlIVVFUTEZVaG4xN0ljUVVLNzQ?oc=5,"Buccini Pollin, University of Delaware aim to fill housing gap with $75M project    The Business Journals",True,개발,"development_plan,construction_start",강세,Student Housing,보통,"University of Delaware와 Buccini Pollin의 $75M 학생주택 프로젝트는 개발 계획 단계이나, 500실 미만 규모로 추정되고 Core Spaces/Landmark/Greystar 같은 주요 플랫폼이 아닌 로컬 개발사이므로 보통 수준의 관련성.",False,
8fd67688176b,2026-06-10 11:10:39,2026-04-06 07:00:00,Student Housing — Florida International University (FL),29-story student housing tower proposed near FIU - The Business Journals,https://news.google.com/rss/articles/CBMirwFBVV95cUxPTUdTQUpSTHh5SENma0d6dlFDd3NXZHJ4M1Q3VWF1U1Q0VkNDUmdxV05kZ0Y2TkJVXzl2bGhMUXpyOFBfTGhubkgxOHZER0lDM3lLN2RTMGsxUHFGVzlackhoUUZwT1Fxa1R0TXJPUVFwQWZnejFibHFJOTdzTkE1ZlBDNjhNZFJuZkVsYUowWlFKdEMtVlBkM2Qzc3NQUm9ia1FQT1VFNEMtY1dSS204?oc=5,29-story student housing tower proposed near FIU    The Business Journals,True,개발,permit,중립,Student Housing,보통,FIU 근처 학생주택 29층 타워 제안은 단일 캠퍼스 프로젝트이며 500베드 이상의 대규모 프로젝트 여부나 주요 플랫폼 개발사 관여 여부가 불명확하므로 보통 수준의 관심도 판단.,False,
ee2097025d1d,2026-06-10 11:10:39,2026-04-01 07:00:00,Student Housing — Florida International University (FL),"Excellence elevated: New buildings to transform campus, accelerate FIU’s bold vision for 2030 - Miami's Community News",https://news.google.com/rss/articles/CBMizAFBVV95cUxNa0p0RDczWmtZNDlHSnlTTFJTNHdRckRWNlU3Mk9TZnItemhwa01nZ19SemhzQ3JCand6d2N2WTZCdHFiS0VoT29HNDZ0ODAwWTY4Q0VLbzFXaW5VVDhOVXVjU1l2dkZHQkNsWHE2cExoajEtVFJzMmdTdWg0WW1hVGFuVVVaNFpqN01YdXJIODNkWW5mZGdoVzVGQ1lubTVvdFg4dHZyWmFTTXZfV0M5enhlbC1aSW5oXzhZWVN0NnFLaUFDeXVoUmEyMXI?oc=5,"Excellence elevated: New buildings to transform campus, accelerate FIU’s bold vision for 2030    Miami's Community News",True,개발,"construction_start,delivery",중립,Student Housing,낮음,"FIU 캠퍼스 신축 건물 계획 발표이나 구체적인 규모(침대수, 금액), 개발사, 착공 일정 정보 부재로 낮음 판정",False,
3b1b8c7ce744,2026-06-10 11:10:41,2026-04-15 07:00:00,Student Housing — University of Nebraska - Lincoln (NE),Day: Architecture offers unique solutions to community housing needs - Nebraska Today,https://news.google.com/rss/articles/CBMinAFBVV95cUxQVmEzUHA4aEdDTUhId3V4bVNWQ2FqMEE0UldOZXRDVkpFaXh6bklIU0hmdVpQQV84UTVVdzJXLW1yT3Itb0wzZmViNXFUVWFQcE5qQ2tSMTVmUjhrczBnX2Jhd2xCY0s5aGlzMnJUakxnSUF1Sklzc3hIRFFVN3dqR2NmWXluLTFfQkFvbFA1NEZfUW5uMzNtRDI4YTQ?oc=5,Day: Architecture offers unique solutions to community housing needs    Nebraska Today,True,개발,,중립,Student Housing,낮음,"건축 설계사 Day Architecture의 지역 커뮤니티 하우징 솔루션에 대한 일반적인 소개 기사로, 구체적인 프로젝트 규모나 진행 상황 정보가 없으며 대학 내 주택 개발과 무관한 통상적인 기고문으로 판단됨.",False,
432788a565b1,2026-06-10 11:10:44,2026-04-01 07:00:00,Student Housing — University of Virginia (VA),Tie BZA vote means Fifeville building can be ‘student housing’ - C-VILLE Weekly,https://news.google.com/rss/articles/CBMiiAFBVV95cUxNcjNWNTNmVHNFazVzdFNjZnB6WFVSaHRRcW05VkYtOXhVRWJpSHoxTUN4M3AyWHljM1RHcEJ3cUdXNkUwMnF1UmhmV3d0Q2R0V05TM05ON3RNUEV6MEdRNHFJbklBc1FvUi1PZ0RMemhKLUlxdkV3UDBHbUpNTXBFVmpoRktockZY?oc=5,Tie BZA vote means Fifeville building can be ‘student housing’    C-VILLE Weekly,True,시장,policy,중립,Student Housing,낮음,"단일 캠퍼스(버지니아대학교) 학생주택 허가 투표 소식으로, 규모와 영향력이 제한적이며 Woomi의 전략적 연관성이 없습니다.",False,
0358975efe68,2026-06-10 11:10:44,2026-04-30 07:00:00,Student Housing — University of Virginia (VA),'We don't exist': Fifeville and West Main student housing plans cast a shadow on community-led efforts - Charlottesville Tomorrow,https://news.google.com/rss/articles/CBMiygFBVV95cUxOY2pLc0c0UW9LZnNyLTBOWVBhN21IYjgyYzg4SFJBWU40TmpKOEN3b3hhWldYNzMxRFNRQVlEbml3YmJFTjFScG5MZkVCQVJxRVBxV09QQ1JLLTA1NVVjOEtHV000clp0OUVVald0TVF1bDNkOUJIUVN5aU1Yb3FRaHFnTUE3TF9iZnFSOE9wUWJsV3ViU3BXaXdWam43Sm1zNmpTcUdqbFE2SjZmQlNqNnZEY3JfR0ttaXlyYVJLVFJ0WDNBMUZDdTJB?oc=5,'We don't exist': Fifeville and West Main student housing plans cast a shadow on community-led efforts    Charlottesville Tomorrow,True,시장,policy,중립,Student Housing,낮음,"지역 커뮤니티 이슈와 개발 계획에 대한 의견 충돌을 다루는 기사로, 구체적인 프로젝트 규모나 자본 동향 정보가 없으며 단일 캠퍼스 지역 뉴스에 해당합니다.",False,
df97fe0dbca2,2026-06-10 11:10:47,2026-04-23 07:00:00,Student Housing — University of Mississippi (MS),Law Course Connects Housing Issues to Oxford's Past and Present - University of Mississippi | Ole Miss,https://news.google.com/rss/articles/CBMiqgFBVV95cUxPTnJxTEpySkNLdkpHQ0k4TUJpdmM1Q3VYWi1nWG5vWTlONVlIbFBpcjkzc3VIZlZ6bi1lOU9XOW9nR25uRVJJR0Izek9OMk1BT3VkZGNlT3Bra1pxaHJxU0oxODk0bk83cVEtam8wMUZJdU9MUGRoMG5mQ20zR2ZNMmliZjhXWk5vV3FBalNPdnJ3c0FITEU1YWh3LXYzeDl2NWZnQUJ2dklFUQ?oc=5,Law Course Connects Housing Issues to Oxford's Past and Present    University of Mississippi | Ole Miss,True,시장,policy,중립,Student Housing,낮음,"학생주택과 관련된 법학 과정 개설 기사로, 실제 개발·거래·자본흐름이나 시장 수급 데이터가 없는 단순 교육 프로그램 소식이므로 관련성이 낮음.",False,
296abc397ec6,2026-06-10 11:10:50,2026-04-07 07:00:00,Student Housing — Florida Gulf Coast University (FL),FGCU building first employee housing community in State University System - FGCU 360,https://news.google.com/rss/articles/CBMiqAFBVV95cUxQbGljX050eEwydkdfUDdWRkVSY25ycXV4ZEpnWmJ0TmZ1azRjTllFRVhLNGtCaklGZ2xmMTItenhJMlZUWVhYZjI0SUZRSUtCeFNueUlSNUROaXhiWEl0Mkg3NE1rUHpYYnhfWkNreHlVZHVwNGozQmpkVmhNNWd4N0xOX0tvRGxVSzdmbGcxQXkzSVoxT1ZnX3V4RkNoel9MRUJwNl9PLWM?oc=5,FGCU building first employee housing community in State University System    FGCU 360,True,개발,construction_start,중립,Student Housing,낮음,"FGCU의 직원주택 커뮤니티 건설 계획이지만 프로젝트 규모, 침대수, 개발사 정보가 명확하지 않으며 대형 플랫폼(Core Spaces/Landmark/Greystar) 미포함으로 Student Housing 기준 미달.",False,
e12584ceeb3f,2026-06-10 11:10:53,2026-04-24 07:00:00,Student Housing — Utah State University (UT),Utah State University Blanding Celebrates 2026 Graduating Class - Utah State University,https://news.google.com/rss/articles/CBMimwFBVV95cUxQME5OZWhzQ0JhM3lfZTJlUWc4M05HTGppSy1jSHFZc1JjRnU4Z1JfZEgtSThTQ2l4eVItN0UxNW9uT3BTcGdtVFZ6LTdPRjdQaXlSaG9vN05TaHB6RmlMNXdrTkJad0dVcWJubkpEVkVUWXVac3lDMUNTVm50UVVkeGJWaDJxZVZ2SVFVZTRDVVNkLXE3V1ZNa19Nbw?oc=5,Utah State University Blanding Celebrates 2026 Graduating Class    Utah State University,True,시장,,중립,Student Housing,낮음,"학위 수여식 관련 행사 소식으로 부동산 개발, 시장 데이터, 자본 흐름과 무관한 대학 뉴스이므로 관련성이 낮음.",False,
a8da802c5860,2026-06-10 11:10:56,2026-04-14 07:00:00,Student Housing — West Virginia University (WV),William C. Bayless - WVU John Chambers College of Business and Economics,https://news.google.com/rss/articles/CBMingFBVV95cUxQeGZkOVdmc2tocjhkaWtOUWdwZHlzaFNmVGItZ1RUN1k2THl5czJacnN1b3BRY2VyU0owWmpIUEQ3SDRPaVExWV9xUkhueTlTVEpvZmNqd0ZEMTRfVUJvRFhTaEphNWxfdDViRzZmaHdYNFBaTW9pTjhDbnBFbEpVUlRkYkxTeTU5WTIyVXh2dXhvRTE4QjhqeGxxYW9HUQ?oc=5,William C. Bayless    WVU John Chambers College of Business and Economics,True,시장,,중립,Student Housing,낮음,"교육 기관의 비즈니스 스쿨 교수 프로필 페이지로 부동산 시장, 개발, 자본흐름과 무관한 학술 콘텐츠이므로 관련성이 낮음.",False,
3761c32b24f7,2026-06-10 11:11:03,2026-04-16 07:00:00,Student Housing — Georgetown University (DC),RAs Denounce Roommate Policies After Housing Selection - The Hoya,https://news.google.com/rss/articles/CBMihwFBVV95cUxOZTBULTZWUnRnN0JhRnNEQWl2ODBscTVQUkp2Njc3MUV0WmR3YTk5dE1McVotSDRKODJmSGlUazRNby1YbEdTV1Vna0xTRjl2aEZhanJqN1ZmWl9SQ1pCVXcyVVZxX1VWRFZSalhXY1hTNUxzRWx4WlUzMkgtanVBNjVJZkU3UWc?oc=5,RAs Denounce Roommate Policies After Housing Selection    The Hoya,True,시장,rent_occupancy,중립,Student Housing,낮음,"단일 캠퍼스 학생주택 거주자 정책 논의로, 광범위한 시장 데이터나 거래 신호가 없는 지역 내 개별 대학 뉴스",False,
70709be1d910,2026-06-10 11:11:03,2026-04-12 07:00:00,Student Housing — Georgetown University (DC),Wonderful ‘Spring Awakening’ by Mask and Bauble at Georgetown University - DC Theater Arts,https://news.google.com/rss/articles/CBMirAFBVV95cUxPRDh2d1VBbm5UQXJBS3FSREdxZUNqQ1kxUEs1RHF1X1dvSGpNSnZRX2RrYkhGMHVJVlllY1MzZU92Y3dtbkU0dlFsRnNPdVVhRldrZVdoYlRVWGRGLUxodzdXYk1rRGhrVktCMkgtN3FsNUdFOUROYzVUeTZsVWpDeWR6TnFYY1V0TkF0QXMyajhMT0FEVkwteEd0eDh2dzZFX0tOV2FGb0tVRXow?oc=5,Wonderful ‘Spring Awakening’ by Mask and Bauble at Georgetown University    DC Theater Arts,True,시장,,중립,Student Housing,낮음,"Georgetown 대학교 연극 공연 리뷰로, 학생 주거 시장 또는 부동산 개발과 무관한 문화 예술 기사이며 투자/시장 신호가 전혀 없음.",False,
25e5e902c4ae,2026-06-10 11:11:06,2026-04-01 07:00:00,Student Housing — Emory University (GA),Emory plans to open Peace House as new themed housing option next year - The Emory Wheel,https://news.google.com/rss/articles/CBMirwFBVV95cUxOS0FfRXQtWU5oY2F3djd1d2ZneTNDNkk4Y29kSTRXYWNfSVJpcVJJa0hzTlZ0Q0dFRGJnOFUxSzM0ZUJCQ09Xc1NiTmdSOTVSUGF2Ujgyc2gwVjBtRlZGMy1YdU1kX3FJX3JzRVRyMVZzelJjU2k5ejdhMmkyU0h4cVlWa19yTzBMWVpRVWxXMVhNVlFXQ1BlRjBacC1SV1hCMUh4NDR5OTFJWV82YVNN?oc=5,Emory plans to open Peace House as new themed housing option next year    The Emory Wheel,True,개발,construction_start,중립,Student Housing,낮음,Emory의 Peace House는 대학 직영 기숙사 신축 계획으로 규모가 명확하지 않고 500+ 침대 또는 주요 플랫폼 운영사 관여 증거가 없어 낮은 관련성.,False,
9715c0fad951,2026-06-10 11:11:09,2026-04-16 07:00:00,Student Housing — North Carolina State University (NC),"UNC, NC State to spend $600M on new residence halls - The Business Journals",https://news.google.com/rss/articles/CBMirAFBVV95cUxQbUJKMkFpeFdJalpGSkpDbnFTT1NNRDhXY2ZMT0c3aG1QRkl3T0RLVzV6LVhIb3lMQmJBWHN3R0w0cEk1QUxueXltWUNqRXJmRFVXOEtfNFVvbWU3QUU1UWtaY1Q4TXRwcHhiMml3ei1FRVYzNE9LU0RMdmFELWFnalVsU3VvRVp6ekF6TE9WeXVSNENhbm14RGM0QWtZUS1mZ2otLXV5Z25MS1dx?oc=5,"UNC, NC State to spend $600M on new residence halls    The Business Journals",True,개발,"construction_start,permit",강세,Student Housing,높음,두 주요 대학의 $600M 규모 기숙사 신축 프로젝트는 상당한 규모의 학생주택 개발로서 높은 관련성을 지닙니다.,False,
c4729b41025f,2026-06-10 11:11:10,2026-04-21 07:00:00,Student Housing — Western Washington University (WA),100 demonstrators oppose Israeli soldiers’ campus visit; event moved off-site - thefrontonline.com,https://news.google.com/rss/articles/CBMiekFVX3lxTFBQSEFhZFJhYXN0enV4VTNSSGM3T3pGakJuTm1qdE55Y3JVaWlwaW8tVENOZmJIaE9Ic2tLMGdJUXh5Wm44cU9pcXhHTnVIaXdrWmVFdmh6T3p3bTE4RHlmWnpPaUE4YUIwUUFMbFVLbzVQT1ZpWjVTQXBB?oc=5,100 demonstrators oppose Israeli soldiers’ campus visit; event moved off-site    thefrontonline.com,True,시장,policy,중립,Student Housing,낮음,"정치적 시위 관련 기사로 학생주택 시장 수급, 임차인 수요, 개발 실적과 무관한 캠퍼스 행사 관리 이슈이며 Woomi의 전략적 관심사와 거리가 멀다.",False,
f1eef2f0bcc4,2026-06-10 11:11:12,2026-04-30 07:00:00,Student Housing — University of Colorado - Boulder (CO),"CU Boulder to open Code Talker Hall, the school’s greenest student housing yet - Boulder Daily Camera",https://news.google.com/rss/articles/CBMihAFBVV95cUxNLUlXQ0hJZ25za09DNFQ0MlZLZ1g2U19NX2NrdlNkUXJJZzB5ZUZmekZHYjM0UWZMdGFEaFE5UkY4dVk1RkNYLU5XR3ZLYnZWV0VMYWRqOUFDV21SWlI0WE9HUUdZSFljUVFISWhFU3Q5T1FXdEFYaVlWekl1d1d4aENxUDE?oc=5,"CU Boulder to open Code Talker Hall, the school’s greenest student housing yet    Boulder Daily Camera",True,개발,delivery,중립,Student Housing,낮음,"단일 캠퍼스 학생주택 개발 완공으로, 500베드 이상이거나 주요 플랫폼 운영사 관여 없는 소규모 프로젝트에 해당하여 우미와의 관련성이 낮음.",False,
309e6448c32f,2026-06-10 11:11:14,2026-04-16 07:00:00,Student Housing — University of California - Davis (CA),IEC Expands Into Student Housing With $42.8M UC Davis-Area Portfolio Acquisition - Multifamily Executive,https://news.google.com/rss/articles/CBMiugFBVV95cUxQRTJTUUk1UUxYeUFBaExIc3pMVnE3Vk50T1ZVVlZfWkxtUEhhZUxGMVp1YkF2S010ZVdfOU82VnBMUzZRckd4Ym8xM0F1VWtpNUtlWHBiNDdhQXJ0eUdGT3hWMGcteGNkSjFLc0dVbUlGXzhiOUl5Vi02M1gxNkdqd21hTnk4YTJzeGpZblNEV3FOTGZxQmMzSnI2dGhrVXNEZGdkR0xKem45QngxUnFnLUVlNEgwVkxOdmc?oc=5,IEC Expands Into Student Housing With $42.8M UC Davis-Area Portfolio Acquisition    Multifamily Executive,True,GP·자본흐름,"acquisition,transaction",중립,Student Housing,낮음,"Student Housing 거래이나 $42.8M 규모로 $50M 미만이며, Core Spaces/Landmark/Greystar 같은 주요 플랫폼 운영사가 관여하지 않아 Woomi 전략적 관심도가 낮음.",False,
4f022785c897,2026-06-10 11:11:14,2026-04-13 07:00:00,Student Housing — University of California - Davis (CA),"IEC Acquires 357-Bed Multifamily Portfolio in Davis, California for Student Housing Conversion - REBusinessOnline",https://news.google.com/rss/articles/CBMiwAFBVV95cUxOSXBabjRMT09LTDRVMWVfMk5Za3VObDR4cWZoT3VZSUlUOTJRdllwMzZ3cXJia0NIaEd5WDg5Tm0zRlRHYWhxcHN2d1N5U3YteUFiRmlSdXdpUVZPb2pGb1JYNUVmVTdSNGc4RnBOeUNXWUJoT2M1RVpBX1BwSzFPM2hWa3lHbEN3LVhWcnZBUGVvaVB6ekgtT1JBUm5rNktPSXQ5WTIta3lwdWlKZ0x5VEJvdFpXTDRaVHdfRjR1RG0?oc=5,"IEC Acquires 357-Bed Multifamily Portfolio in Davis, California for Student Housing Conversion    REBusinessOnline",True,GP·자본흐름,"transaction,acquisition",중립,Student Housing,낮음,"357-bed Student Housing portfolio acquisition by IEC falls below the $50M+ threshold and does not involve a major platform operator (Core Spaces, Landmark, Greystar), making it a small-scale institutional transaction with limited relevance to Woomi's strategic positioning.",False,
943fc0edd3e3,2026-06-10 11:11:17,2026-04-07 07:00:00,Student Housing — Kent State University (OH),New changes coming to student housing - KentStater,https://news.google.com/rss/articles/CBMiigFBVV95cUxQVlN0T0plaHI4d3E1MmxtNk9aTEZ3VHBMLUlGM1JUTVpxal9rRUxwbm43YThHRnJPTjlOUV9PdVZybHBpTWRFY2VEV2F5NUFLeFNIbWhQYmwxZl80WmthNThWczVCM3ZLOWZ3NzYtMEp0ZzlNQ2NHblNHSmUzaFFPRVhGcEM4UlozaGc?oc=5,New changes coming to student housing    KentStater,True,시장,rent_occupancy,중립,Student Housing,낮음,단일 캠퍼스 학생주택 시장 변화로 전국적 데이터나 주요 플랫폼 운영사 관련 정보가 없는 로컬 수준의 소식이므로 관련성이 낮음.,False,
ab450bbd9305,2026-06-10 11:11:21,2026-04-13 07:00:00,Student Housing — Middle Tennessee State University (TN),"MTSU breaks ground on $83M-plus, 554-bed student housing project - The Daily News Journal",https://news.google.com/rss/articles/CBMiyAFBVV95cUxQVGlKTTc0aF8wN2lOa3lYbFdMaURkQjh1RGUwVFJQQS1UOHZ5eUpET1oxZlRiNW9VWThXeXFNenlON2Z2aUZLYlFyZFpZUnZwRUFvNTV2M2sxSGtMMWJDV29XRFY2WXBJSi1zcnA2LWNGSWw2dlhUWkJmSU9tZDljVmc3M3BjZEhFTGQ5UzUwNUhYSnRNOFhqV0JRTlJHd2ZoS3RkMFlld196UmpTUkRfODdtYzdxaXJ3YUE0NjdLZnZ2SWJYUWFVTA?oc=5,"MTSU breaks ground on $83M-plus, 554-bed student housing project    The Daily News Journal",True,개발,construction_start,중립,Student Housing,보통,"554-bed Student Housing groundbreaking at $83M+ exceeds size threshold but lacks major platform developer involvement (Core Spaces/Landmark/Greystar), warranting '보통' relevance.",False,
5220b51ab72e,2026-06-10 11:11:21,2026-04-08 07:00:00,Student Housing — Middle Tennessee State University (TN),MTSU breaks ground on first student housing in 25 years - News Channel 5 Nashville,https://news.google.com/rss/articles/CBMiwAFBVV95cUxPRXN4WDFWNHdOT2VZUGFkYmYwZm5xVWIwZG5SbGY0aE9QU0lWcDRfWlZQWHdES25hMmhBS0FCamYwRloyamFUNnliRFc5MlktQkNXQ2xDRVhLdExyVVRxcVdvMXk1dVo2UVFzbXoyQVo3cUVjZ255cWVWLW5oNnFiNlZGT2J1YTVXV0hLMGhJMFRNaTAwWjVrX3U2ZmJXR1kzWGJodDM4LVpDZW5iajJLZkZiZ3FvaGQzNVpZVWk5LVA?oc=5,MTSU breaks ground on first student housing in 25 years    News Channel 5 Nashville,True,개발,construction_start,중립,Student Housing,낮음,"단일 캠퍼스 학생주택 착공 소식으로, 500+ 베드 규모나 주요 플랫폼 운영사 관여 없이 지역적 관심도만 있어 Woomi 전략적 관련성이 낮음.",False,
786bc224ff33,2026-06-10 11:11:21,2026-04-08 07:00:00,Student Housing — Middle Tennessee State University (TN),"MTSU Breaks Ground on $83M-plus, 554-bed Womack Commons Student Housing Project - Williamson Source",https://news.google.com/rss/articles/CBMiqwFBVV95cUxOck5ZWEFMUFQya0hnVjZQVDJ1UXU3MVYyaTMtc0o1d0tXeUhENWtJTGNKTVhIUFN3OTNwNHB0NWdOWEVaYUlFc1ZQcXN4WjNjSmxvN0JaY3Z2WWVJZXhCbWhNeUFmSjkydWZ3b25Mem93Njh3TG1XTkZzRFpPTXh2UTFGMmtnNTFDdnVxeVJGTGFfTGVHazZyVDdWMTQ1T1lSRHMyZWtIWVFVV0E?oc=5,"MTSU Breaks Ground on $83M-plus, 554-bed Womack Commons Student Housing Project    Williamson Source",True,개발,construction_start,중립,Student Housing,보통,"554-bed Student Housing groundbreaking at $83M+ exceeds unit threshold (500+ beds) but lacks involvement of major platform operators (Core Spaces, Landmark, Greystar), making it 보통-level relevance.",False,
3458384a8066,2026-06-10 11:11:21,2026-04-08 07:00:00,Student Housing — Middle Tennessee State University (TN),MTSU's groundbreaking of $83m Residence Hall/Parking project - WZTV,https://news.google.com/rss/articles/CBMijwFBVV95cUxQN0NDMTlxNVBwVmhOUWVHLWJNZG13OGMyTVdvemRlbEZSU0lJR2xqNEktOWg5V251UXhlQ00tX1J6WkRScDVuamwxSWFPLTNyTnR3V3B4WFlIQXNpcTVQbVdxMkFqLVRSU0FJVXh3LWdlVHJTSmFONHB1c0I2NUtXMnV1LW9nQXI4bzNoV1JNNA?oc=5,MTSU's groundbreaking of $83m Residence Hall/Parking project    WZTV,True,개발,construction_start,중립,Student Housing,보통,단일 캠퍼스 학생주택 프로젝트 $83M 규모의 착공이나 주요 플랫폼 운영사 미포함으로 '보통' 판정.,False,
00ecf6946efe,2026-06-10 11:11:24,2026-04-17 07:00:00,Student Housing — Towson University (MD),"Towson University dorm shooting occurred during attempted robbery, police say - thebanner.com",https://news.google.com/rss/articles/CBMitAFBVV95cUxObTAzZUtnQXQxUVNjTEdOUHBhdmVRVXd6dkg5NGhqeEFYT3c1LXlWTTgyZ1RZbUR5RkxPNGRRbzV1NTBITVo0Wm92VEJFbXE5SFNpLUxuaVo0cW1zcHF1OWpXbnJfUWt6Ym5GZU5Qd0VPWTdrZEJfWG1BaDhWTERBNkFCb1ZBVDhlanhfTFk4N3ZBajE1UWV0bkVhTml5NmVKV3BPb1pDU0p4U21pNG1tNm83clc?oc=5,"Towson University dorm shooting occurred during attempted robbery, police say    thebanner.com",True,시장,policy,중립,Student Housing,낮음,"범죄 사건 보도로 학생주택 시장의 공급, 수요, 임대료, 점유율 등 핵심 시장 지표와 무관하며 Woomi의 전략적 관심사가 아님.",False,
8f3f14524c0d,2026-06-10 11:11:26,2026-04-21 07:00:00,Student Housing — University of California - Berkeley (CA),Update: UC Berkeley student identified as fatal fall victim - The Berkeley Scanner,https://news.google.com/rss/articles/CBMiowFBVV95cUxNd2IyZGMtWEFoSUlxX2lnOXVJajVVTm5YV3doTTE0ZWFyamVXUVEyZ21TdF8wNHN5TmNlMUV0Sm85dDAwZmxPRDFrNUZpVnJfVTJCRHRwRmk4SndZQk55a2dCSU5lREdOOVRXWTRfR3U1RVNsbW1YZnVmYkkyUXBLaFNKUFpuYkF4WE1tZUdVOGpzRXAyTEJjd1gwbkh3LWVxWExj?oc=5,Update: UC Berkeley student identified as fatal fall victim    The Berkeley Scanner,True,시장,,중립,Student Housing,낮음,"이 기사는 UC Berkeley 캠퍼스 내 학생 사망 사건으로, 주택 시장, 개발, 또는 자본 흐름과 무관한 안전 관련 뉴스이며 Woomi의 사업 전략과 관련성이 없습니다.",False,
01de2facfde1,2026-06-10 11:11:26,2026-04-23 07:00:00,Student Housing — University of California - Berkeley (CA),"Police at University of California, Berkeley investigate 2 dead men found on campus - Fox News",https://news.google.com/rss/articles/CBMiogFBVV95cUxNaHhXSGk4V0YzTTJqbnZwNUdES1J6UkZhWTI3MWlFVDJmTC1CdDRXdnIwaHFDcUVTTE5kZUFzUEx5NEc1R0REMUdHVkpzRUhnU01sWHZvazRNWWo0b1h3cEZVTDlOdGY2bnlNWEM0bzZFNHBEYkduYlFDbnhKdV9yTC1adERwdnVMdXpIZTdhNTkyT0RlZWMzWTBrSDNWb2N0cVHSAacBQVVfeXFMTVpBZGdBb2RqNGdMcFJGQVNqaXpwR1VzUGczMVVkbmstbXl2a1lPX0pYdTBNMVNTQ2l0M1NUNUlBNmNEcjFZTk5xMm5oUWpoOGdxVTFRb28xQzhqR1l0X1AyYnQweEZ4MkpYU2k0c3lyMkxZX24xNXVsVkRLalRteU10U3Fpc3dSQmhCTzk4N3VCcGNWZHlmZzNYd3NFQkFlc2x2Q1hEa1k?oc=5,"Police at University of California, Berkeley investigate 2 dead men found on campus    Fox News",True,시장,,중립,Student Housing,낮음,"경찰 수사 사건으로 학생주택 시장의 수급, 개발, 또는 자본 흐름과 무관한 캠퍼스 안전 뉴스이므로 실질적 관련성이 없음.",False,
04f56395c93b,2026-06-10 11:11:27,2026-04-15 07:00:00,Student Housing — University of Southern California (CA),Mosaic Investment Partners Completes $56M Student Housing Project Near University of Southern California - REBusinessOnline,https://news.google.com/rss/articles/CBMizgFBVV95cUxNS2Jka0c2TTFHdDBMYjdXeDM3QkltcFYwSlBGa01pNDNLVVpucjdkQmtickt0Nl80NjM4SXdZbWhyZlRGblppQW1PellRNGszLWFXelhuYWF2dmVOMldzaEJUeFNjMDNaTmJlVnJkX2NzVlVXZm9weWYyZlVRWXAtdmpKSVBEdFRSZFlUUGxET1JhYkF2NnYzdGprZC0yQlRleG41SUFwRmVzVmVwaFpWQ2YxYzl2d044Z191LTc2RWhzY01ISURpOU1pZmZBZw?oc=5,Mosaic Investment Partners Completes $56M Student Housing Project Near University of Southern California    REBusinessOnline,True,개발,delivery,중립,Student Housing,보통,Student Housing 프로젝트 완공 소식이지만 $56M 규모는 플랫폼급이 아니고 Core Spaces/Landmark/Greystar 같은 메이저 오퍼레이터 미포함으로 보통 수준.,False,
24ddc8e0b204,2026-06-10 11:11:27,2026-04-15 07:00:00,Student Housing — University of Southern California (CA),"Mosaic Student Communities Cuts Ribbon on Tessera, Adjacent to the University of Southern California - Yield PRO",https://news.google.com/rss/articles/CBMiTkFVX3lxTE9yV3N6NU5YUTdIRURoNTB5VFphWm5yOGo2NXFBWXdhZDZkUGxtZ0xVUGI3cVpxMVEyeFFwdGtMcV9zSzNRZVlDNFhkNDEtZw?oc=5,"Mosaic Student Communities Cuts Ribbon on Tessera, Adjacent to the University of Southern California    Yield PRO",True,개발,delivery,중립,Student Housing,보통,"USC 인접 학생주택 프로젝트 완공(Tessera)이지만, 규모 정보 부재 및 Mosaic이 주요 플랫폼 개발사가 아니므로 보통 수준의 관심도로 분류.",False,
1c8137a03a39,2026-06-10 11:11:27,2026-04-27 07:00:00,Student Housing — University of Southern California (CA),Two Student Housing Projects Hit Milestones - Los Angeles Business Journal,https://news.google.com/rss/articles/CBMijwFBVV95cUxQa3BiN09ZM3FEYkhBS25sNUc5V1NKS2pCd1NIYU9pQzNTVndnZXFsRmpKR3JuZ1RYSGJtMkJGY0JSaG14eFBsSzhiTUZ1WHJUSldZb1hYc2hkNW8tNTZVcTY4a1hkQmNSYzdyQ25wemZnMVFpVmFMa3djZXlOTGVaOWRoa0NWajlIYm9JamJ1VQ?oc=5,Two Student Housing Projects Hit Milestones    Los Angeles Business Journal,True,개발,"construction_start,delivery",중립,Student Housing,보통,"Student Housing 프로젝트의 마일스톤 도달 소식이나, 구체적 규모와 개발사 정보 부재로 '보통' 수준 관련성으로 평가됨.",False,
3fee93216094,2026-06-10 11:11:28,2026-04-16 18:33:32,Student Housing — University of Nevada - Las Vegas (NV),Suspect in custody after UNLV student assaulted 'at knifepoint' in campus housing complex - ktnv.com,https://news.google.com/rss/articles/CBMiswFBVV95cUxQZ3BsRW5KcTFzWFdzOUd4bjJSQWxRUE9sVXRYVTdfaGhhTlV2RVl5NU1rTUdRN1lqS1FoSVY5M3VISXhGLXl6dHA5d204UmtDYTlScWJtTUcyeTcxaDRiY2paTEJNSVZ4S1ota2ptWVV4ekhwNy1WbkcxZy04T3M1MG94azhxWG1IZjdMTjEwdHdyeE5rdWRaZ25lZ1ZFV0pwT1I3bFF0R3lFdU8xN0VwOHdHdw?oc=5,Suspect in custody after UNLV student assaulted 'at knifepoint' in campus housing complex    ktnv.com,True,시장,,중립,Student Housing,낮음,"범죄 사건 기사로 Student Housing 시장 데이터, 정책, 거래와 무관하며 부동산 투자 관점에서 실질적 정보가 없음.",False,
3cb13de21205,2026-06-10 11:11:29,2026-04-29 07:00:00,Student Housing — University of Minnesota (MN),"University of Minnesota plans Rochester expansion, seeks funding - Finance & Commerce",https://news.google.com/rss/articles/CBMikwFBVV95cUxNTHAyNjJqM2Y2SlRRTXVnOFBpcjVLOXNmRFk0ZWRDQTMzSVh6Q09LaGhVY3ZqUmpMYWlGUldXWW5FcHhfY2dGUXlXbjRsaVU4aU9BM1hWOEZueW9IQUFWdHZlTE9UalhmWF9mRlhla3k1YktXRFdBcTdZYVFSLVg4dzh4bWw4b1lfUmpRcTJHc2xMUmM?oc=5,"University of Minnesota plans Rochester expansion, seeks funding    Finance & Commerce",True,시장,policy,중립,Student Housing,낮음,"대학 캠퍼스 확장 계획은 정책/행정 공지이며, 특정 개발 프로젝트 규모나 운영사 정보 없이 대학의 의향 표시 수준으로 Woomi의 전략적 관심도가 낮음.",False,
fbd4b070d4ff,2026-06-10 11:11:29,2026-04-08 07:00:00,Student Housing — University of Minnesota (MN),ASL Lands Refi for Minneapolis Student Community - Multifamily Housing News,https://news.google.com/rss/articles/CBMiigFBVV95cUxPa21faHdvUFhQRkhYUGFoRzRCMWk0Q2M0MFVkeVhYWDBJcDFCZkZZdVg5WHNWTEJscGJ1cnRsX0Faa1JKc0NxaDlDNTRFRllQbDNuSUctTldHczBYYmpiZFE1YmlPNzZWX2hvZV9tN25xalJvQTNFWWxXYk0xRllkbE9KSFM4Q0VDQlE?oc=5,ASL Lands Refi for Minneapolis Student Community    Multifamily Housing News,True,GP·자본흐름,financing,중립,Student Housing,낮음,단일 자산 학생주택 리파이낸싱으로 $50M 이상 대규모 플랫폼 거래나 주요 개발자 관련 정보 없어 낮음으로 분류.,False,
e4cf0f2d3af4,2026-06-10 11:11:30,2026-04-15 07:00:00,Student Housing — University of Texas at San Antonio (TX),"San Antonio firefighter injured by woman with knife during standoff, SAPD says; suspect in custody - kens5.com",https://news.google.com/rss/articles/CBMikgJBVV95cUxNSThGbkF0TzczT0JMOFhhM0pzTnBGX08wTEdUakVrMm1BUmRQZHlBckc5elJYU0dKaXdRNVpFN0t3bW9iVmZ6a2tUeHltX2dleWJGSHI1dy1IRDJUY2hmMDBtTDFBR0VOYXpEUjVmcTBHYW9IWmpMRGxtMDZ5MGZjcmxOcUJuUTM3SWRTSEdxcW9HNDhWYkVoNHNkWlEtcF84bkxJMjhYYXdpZm16dUJ1SmljN1ZFUjhhV3pnbk1WdmVCcFdzdmc4QTJ1bEhkNk14ZGUtcHhjdXVBS19zWlZoejRWRDZ6RjZfRGl0NFp2eGtlR3N1dllQZFJvbzNMeDdJdm5LYThqNGM2dHRLRm4wTGhn?oc=5,"San Antonio firefighter injured by woman with knife during standoff, SAPD says; suspect in custody    kens5.com",True,시장,,중립,Student Housing,낮음,"This is a local crime incident unrelated to student housing development, market trends, or capital flows; it has no relevance to Woomi's business or sector analysis.",False,
2d975b464551,2026-06-10 11:11:33,2026-04-07 07:00:00,Student Housing — Coastal Carolina University (SC),Coastal Carolina University explores housing options amid rising enrollment - WPDE,https://news.google.com/rss/articles/CBMizAFBVV95cUxQV2hmOGs1bTZWRUxuR1BLeFZIZS14dnpnTzhtenBER25JZElKeDVwMXdHcWUwYjk1S05VZlR4YTR5RnlGWkVBVGZIRFFKNTdKaGQ1M0NIc2doQUNfVi1NS1RvWTllNEpoREJjZG1iQjU1d2I2QkxhS3hOaWp1X0U3TWh4aWc4ZHZIMU8zNWFhZlVDTlhienNPc3F2V0JVVzhjbXlCMV96eXpydmtVeDNpQm9HLURkSHQzenFfay01U3VGN2QySWxUOFZZeHA?oc=5,Coastal Carolina University explores housing options amid rising enrollment    WPDE,True,시장,market_data,중립,Student Housing,낮음,"단일 캠퍼스의 학생주택 수요 현황 기사로, 전국 규모 시장 데이터나 주요 플랫폼 운영사 참여가 없어 낮은 관련성",False,
54f61a8316c2,2026-06-10 11:11:33,2026-04-10 07:00:00,Student Housing — Coastal Carolina University (SC),‘I cried’: Coastal Carolina student expresses frustration over campus housing availability - WBTW,https://news.google.com/rss/articles/CBMizwFBVV95cUxNLVZ2Y1NLUGhmVUJ5WVFodGkweWF4VjV6ckE5ZDZka0N0OElIZEpianZ2Vk11ODhXYml1SnJISHFhN2Z2NXBsc0FHdVA1dDczZGxCYW1HZ05qeXdxVDhmeXhsMTU4YjRfaFMzRVp2a0ZERlVlV3lIZVNsUnphM1RLU1hWNUxIcVpJZHJEVGR3LUl2RTR0REdCeVRBSy02MTRYa2lkMV9SNjl1dURYX3ZmVlpYa3pTX2ppRVRjUXZRREVNN2NlaHJQUUo0UUFOVGvSAdQBQVVfeXFMUDQwVjBGR291em1ZRU5MVWZ6eE5YWXAwc2RySnhoOVVMUkdHQzVkbUNOOU5majhrc1FHSk00MmI4Q1lONzhmZzlaRjU4bE5rQzhMUVMtc1BIaTZXNHpxdVhGTF9BN1B3clppeDBVdXdLYXRPSUUxQjR6UVZxaTZqclBIRWJ4bXZzclZ5WHFubF9GQTZCMWM5VDBXNWp6MHk2Z2xxSjJhWmdPWmFrc3czelJxS3hTbnctblR0X2h2VTY3SFQxU2FsQ1FwZDZqdDVlaFMzQW8?oc=5,‘I cried’: Coastal Carolina student expresses frustration over campus housing availability    WBTW,True,시장,rent_occupancy,약세,Student Housing,낮음,"단일 캠퍼스의 학생 주택 가용성 문제를 다룬 로컬 뉴스로, 전국 시장 데이터나 주요 플랫폼 거래가 아닌 개별 캠퍼스 수준의 소식이므로 관련성이 낮음.",False,
83b0859bd47d,2026-06-10 11:11:33,2026-04-07 07:00:00,Student Housing — Coastal Carolina University (SC),‘In a panic:’ CCU underclassmen running into on-campus housing woes - WBTW,https://news.google.com/rss/articles/CBMisAFBVV95cUxPOWVJSEphZVEyYlNyYWpocldtcnhDUFpoRlhTSjBDcVVaTGlWdUhfbVUyeHZlTGszdDR5OUk3Rm5uSXdBV3dWaWxZRWRXZUZnVXRhU3FpMFBIaXdzOF9QMzR3VjRGQVpMUURoUkxRTkpfX3ZFTDhUTnFCNWM3VTkyazFMRFJ2enN0MDhjaW5HQ1Rub0VWRDVacEwwNlVIdW93aG1fSnA0Q1JwbHg4N3NzcNIBtgFBVV95cUxNQnZXTjRHdXdDS2YtV0k0ajJ3MjJLS2g0WmswempzUmVVblVVcUkxOWVJa2NkREdUUHJod2JyWEM5MWhua1liM1dMQWJjN19xLUJXcEFfMnZvM290MFd5WG9Sa0lCbC0wVXlUQURtd2ZzSm8wNUVVRWtfSmV5YVJxcjRLQjhpZ3M0MTNKX21vNWJ5SUJKamoxTFBCLWU3T1VaZG45WlNLS0NLUmMtT3o0Qkp2WmkxQQ?oc=5,‘In a panic:’ CCU underclassmen running into on-campus housing woes    WBTW,True,시장,rent_occupancy,약세,Student Housing,낮음,"단일 캠퍼스(Coastal Carolina University)의 기숙사 부족 문제에 대한 개별 뉴스로, 전국 차원의 Student Housing 시장 데이터가 아닌 로컬 주택 이슈이므로 관련도가 낮음.",False,
801a7b68655d,2026-06-10 11:11:36,2026-04-02 07:00:00,Student Housing — San Jose State University (CA),Texas educator trades retirement for California - The Business Journals,https://news.google.com/rss/articles/CBMiowFBVV95cUxPdnk1c2otVmxKaWwyTlhCYktKNEFfeHhCWmFKVFA5QTNIeWpoVUc4NUJ5Z19NdVplZHBUaHFJTlo2VEFzUnFlOXEwbU1taXVPN2RMbVV6Y1hCM3hnb2xUcElvQ1FqYkpuMmRQME5DZU5CaGRyejNDaWx0RGdLdWtBNVh6TmRkbUl4U1FyejB4ckd2c1AySUJoNF9XWnNaSnpwY1Jn?oc=5,Texas educator trades retirement for California    The Business Journals,True,개발,construction_start,중립,Student Housing,낮음,"San Jose State 근처 개인 교육자의 이전 소식으로, 구체적인 학생주택 프로젝트 규모, 운영사, 또는 시장 영향을 알 수 없어 관련성이 낮음.",False,
6a17b6df19bc,2026-06-10 11:11:37,2026-04-08 07:00:00,Student Housing — Colorado State University (CO),Live global at CSU: International House opens to undergrads - Colorado State University,https://news.google.com/rss/articles/CBMikgFBVV95cUxQQTg0Zk01bFV6cldUSTJNMjBURUFpdHFpN3Y5aTh3czZySUxUbWJYWGxrTlg2eTJEU3hmM1o2R2V0U3hqZmJYTkVKU3V3SkV0SUJuNzFWbnNDVmp2a0ZmMURmcGNLVTNia0NLamozRWtYdTh5MVhTSG9pYXBLUHpJU2JoenpwWHhWY19oSDA1NlU4Zw?oc=5,Live global at CSU: International House opens to undergrads    Colorado State University,True,개발,delivery,중립,Student Housing,낮음,"단일 캠퍼스 학생주택 시설 오픈으로, 규모가 명시되지 않았고 주요 플랫폼 운영사가 관여하지 않아 Woomi의 전략적 관련성이 낮음.",False,
3a5ce93e313f,2026-06-10 11:11:37,2026-04-01 07:00:00,Student Housing — University of Louisville (KY),Vesper Expands Portfolio with 385-Bed Student Housing Near University of Louisville - Global Student Living,https://news.google.com/rss/articles/CBMiuAFBVV95cUxNNEVhWVl4dXMwM3FlY0hKUy1xU01ZUzBTVzlmVVlwR0FqeU1GVmc0X3ZlbnQzRnhtM1VXSXFQcmxsRGRYMDhPR282X2g4RVNwZ2UxMXR5OURvVk1WXzhjS0xtTUFzMWttajNWRnhRaFpkNWlONVR3emFQV3lwNERHMjBWTFpXUEtIUVprUFFaUG55WUlhSmdvam5OYXkwZ0d4VXhuc25UREQ3cjZKalpmMUJFNDNjUEdp?oc=5,Vesper Expands Portfolio with 385-Bed Student Housing Near University of Louisville    Global Student Living,True,개발,"construction_start,delivery",중립,Student Housing,보통,"385-bed Student Housing project is below the 500-bed threshold for '높음' relevance and does not involve major platforms (Core Spaces/Landmark/Greystar), making it a standard development announcement.",False,
9db7624f3eb2,2026-06-10 11:11:38,2026-04-15 07:00:00,Student Housing — Syracuse University (NY),Lender Fellows Bring Housing Research to the Heart of Syracuse - Syracuse University Today,https://news.google.com/rss/articles/CBMimwFBVV95cUxQN09ZTjk5bndqMU52cVlQcWZnb1ZZY1VJOE8xOU9rQkZMRTd3azRYMFVMVDNfTVNhZzVzT1I0R1lJaTRpazBfT0s3aW53aTdjWUJ0SWUxWGg2MDNoekFyQ1BYYXI3d1pXbHBMNll3S2c1LXd0WFV6eGZuZGludlpKLVlXMzZRMHI3RGtyX1Q5TnVDODRRVkY5SUdQUQ?oc=5,Lender Fellows Bring Housing Research to the Heart of Syracuse    Syracuse University Today,True,시장,market_data,중립,Student Housing,낮음,단일 캠퍼스 주택 연구 프로젝트로 구체적인 시장 데이터나 거래 규모 정보가 없으며 전국 단위 학생주택 수급 신호가 아니므로 관련성이 낮음,False,
c776283f1b3c,2026-06-10 11:11:40,2026-04-10 07:00:00,Student Housing — Montana State University (MT),"Montana State to demolish aging West Side Houses, build residence hall - The MSU Exponent",https://news.google.com/rss/articles/CBMi7wFBVV95cUxOYUpFdWRVOWdxX01YTU1sWmFPb1Q3aVphX3BzSmRfclh5UVlXNzdjMlJmWXJMZVp2M3U0RG0xVkViX1pHc21tZzNQUWtXVGhjNGs4X0JiQlJlSzRWZXNKQ1VFdlVNQU5yZDd6aF9XOVV1U0x6X2VpSEZWQTVmbDd1X1hIZDBGRlI5NHdFbW90NFRaU0FPNGZaQmhhdlNNLVBZaFJEelh0WVFDakdOLVQxclk5ajVlVHJoTlpsM3plSlhjcTFDd3VJNEY0X2pfa1NyNjVXSmpSaWtkeXl3ejRPb1RXcW1FU0xIVEhWZFRGRQ?oc=5,"Montana State to demolish aging West Side Houses, build residence hall    The MSU Exponent",True,개발,"construction_start,permit",중립,Student Housing,낮음,"단일 캠퍼스 기숙사 프로젝트로 규모가 명확하지 않으며, 500+ 침대나 주요 플랫폼 운영사(Core Spaces/Landmark/Greystar) 관여 증거 없어 Woomi의 전략적 관심도가 낮음.",False,
ecb19acd413a,2026-06-10 11:11:40,2026-04-07 07:00:00,Student Housing — Montana State University (MT),MSU plans new Bozeman dorm as campus housing stays near full - Nonstop Local News Montana,https://news.google.com/rss/articles/CBMi5AFBVV95cUxQSE93LXpETHVFVm5meEpQRDRiUXItMk1pQjhuVW1pSWZUbFA5aDlDcy1HWXU1Qm5DVHljY3k2UEJOdUZ0cElVczNhQVhjbEVZUlNBZm92SWVDYV9kTm9uY19SWWE2WUd4Q0ptU3pXX0dLaXZBTE9jLWE3dUZTYV9HMmFOd0xZWHcyZ0czLVZPbG5hQ2FsRl9WblEwUVR1d0hYMUJPd3JDUGpjd0RVa2x2dnRqVFdBaTVKdU8tTXp1SzczUklDUmhYX0lXOFZCOVFackdlOFZlV3dwa3FOUlZXbnNjS20?oc=5,MSU plans new Bozeman dorm as campus housing stays near full    Nonstop Local News Montana,True,개발,construction_start,중립,Student Housing,낮음,"단일 캠퍼스의 학생주택 개발 계획으로, 규모가 500베드 이상인지 확인되지 않았으며 주요 플랫폼 운영사 관여가 없어 Woomi와의 관련성이 낮음.",False,
2f82d79911f4,2026-06-10 11:11:40,2026-04-21 07:00:00,Student Housing — Montana State University (MT),"Major Projects Ahead as Construction Season Nears MSU, Including West Side Houses Demolition - KBZK News",https://news.google.com/rss/articles/CBMixwFBVV95cUxQOF9MTDdCZHFlN1VZb2RJNzM2Y0FPeUxiblFYUC1oSVlPMWxlZjdqeU1zeUhIb0tIR1dmWDg5UTlZSnIzN3dscVpKVkZScWl1SVBkczFPQkhQb2QyVk1uSnUtazF4Z2ZiYWh1aENmQ1BJV0s1QkRoVnAyeV9fUnJheExFV1lHQXNlOUF5OHU4cGJwTFVzTl9URDFRSl9KTk5rTVY0aDFNTzNON1ZReXNnbUN3ajNuZmJYR3EtRlpISExnZGJXNWxB?oc=5,"Major Projects Ahead as Construction Season Nears MSU, Including West Side Houses Demolition    KBZK News",True,개발,"construction_start,permit",중립,Student Housing,낮음,"Montana State University 캠퍼스 내 소규모 개발 소식으로, 규모가 불명확하고 주요 개발사 또는 운영사가 언급되지 않아 Woomi의 전략적 관심도가 낮습니다.",False,
0ecaeaf6a6cc,2026-06-10 11:11:41,2026-04-15 07:00:00,Student Housing — Ohio University (OH),Ohio University's Roderick J. McDavis Residence Hall to open in August - The Athens Messenger,https://news.google.com/rss/articles/CBMi6wFBVV95cUxQdGN4Z1NqOHdkbzNQOFRRakdkcE43R3VHZGdaRkltZ3E4N19KVXlpd1U4LWI1cHdERE9ldmRiU056T0ZjUldYSVhiWXA4ZVc5ckFDclBxdEJoYTVmdFo3cm9SZm41bG9BQ2FaMEJwZzFTVUR3ZnZqakxBRzRfNUN3VmhSVFdTbFl1bHBwbXh5VTAySUVXNjd6RzlCN1FILWhMajlBSk16N3Biamc5TnRCeGJxUWZnLUJrajY2NW9ybFhXa0c5UFV0TVNfaE5GNjlZOWpObGJkQWdTM2E2UW16Vms0cXFmQWtBR2o0?oc=5,Ohio University's Roderick J. McDavis Residence Hall to open in August    The Athens Messenger,True,개발,delivery,중립,Student Housing,낮음,"단일 캠퍼스 기숙사 완공 소식으로, 주요 개발사나 대규모 플랫폼이 없으며 500베드 이상 기준 미충족 및 규모 미상으로 Woomi의 전략적 관심도가 낮음.",False,
d01d2b192595,2026-06-10 11:11:45,2026-04-01 07:00:00,Student Housing — University of Hawaii at Manoa (HI),Reports of mold concerns inside UH Manoa dorms after Kona Low storms - Hawaii News Now,https://news.google.com/rss/articles/CBMiqwFBVV95cUxQRDJ3RDg2SlprWVliOEtJSlo2eFAtMVpQVnhwRnNzSTVFNlVQMHNjaUt4WGNOZEFiSzZyMmhKaW82SDJLWmZWa1F2cWdRZEU2RTlPaWQ0Q3BzUTIwbnVkbnB5TldQdjVkTjg0YjFCZHBjOV9HbHFNQ05zMmgxcnA4X3RXWXh6eUp2MTJ1QnZOUWRUNkhVWG10SVdLd09XNXdYYVJQSXpQZlMwWEHSAb8BQVVfeXFMTmo4WEJIS3pGOE9ocGRWNFdKWFpsMlZmczViVTlUMEVCRzBIZDFjWnRZU0xteFZicjZyN0FBV0c5c3llNWZaZ3U1bHJlRHlBSkt3dnE3VkNRWWNLb0w2ZU94VEZJd2JPZmc4OUlnZUxld1R1ZUlHUENFOUpFSmFMbV9WRGRXbTFRbVZXYmpHWlViMXRSSzBUczdMeFBUU04xZ1YtN2lqX09NdDlLWENuTTJPNW40UVhMdUZSM1I4Wm8?oc=5,Reports of mold concerns inside UH Manoa dorms after Kona Low storms    Hawaii News Now,True,시장,rent_occupancy,약세,Student Housing,낮음,"단일 캠퍼스의 기숙사 관리 문제에 관한 지역 뉴스로, Woomi의 전략적 관심사나 전국 규모의 Student Housing 시장 신호와 무관함.",False,
77f6c1370698,2026-06-10 11:11:47,2026-04-19 07:00:00,Student Housing — Temple University (PA),"Temple University student chased into dorm lobby and attacked, police say - NBC10 Philadelphia",https://news.google.com/rss/articles/CBMiwgFBVV95cUxNMDdJYkRpSktCQVFpN0xHZGpiN1FmMDdieURoZXJ4dVBoQWI5WEpSSVo2YmVkTDRSMXVoeEIzMU5IcVFmVFdVZUJmdG9fTEZsTGVBV3AwZ0J5ZUpaejZ1NmlUTGtiQ3FmX2hGY183N1dBcUVWYWxydHJkLUNxemh4SkJxMzdiVFAxaVduVjM3Z2ZnRWRZTTh3V0xCajgzMzQyaFlSQ2ppbXlEZU5sTDBkMzg1VzBMUUJaWGxFRlVQUnNxZ9IBygFBVV95cUxNMkxrd2tSNFVkMFViZWg5T0poT3BXdUIxZ3JGRGhVNVRMb0tQVTRTTEM1T0dWMW14Z19MOEN1S0dLOFg3VS02ZnJqYUg5akM4SEJiMUVzejFnem8xaTNjM0Q3bWkxNk10Y01JeXVRUzRHV090WVVyN2V0RTBvM0k2N0lpdGJ6NFBtS2VEMjJpSFFLVzZ0d29MeVVBb2dCa0htYjhQMHZaTnA5eWZ1R1hNZTJhWk01X3B4bHJQQktGQWFwMGJMOTlrZTR3?oc=5,"Temple University student chased into dorm lobby and attacked, police say    NBC10 Philadelphia",True,시장,,중립,Student Housing,낮음,단순 범죄 사건 보도로 부동산 개발·투자·시장 데이터와 무관한 내용이므로 관련성이 낮습니다.,False,
3f66598edc14,2026-06-10 11:11:52,2026-04-14 20:05:10,Student Housing — California State University - Northridge (CA),Rising costs force some CSUN students to reconsider living on campus - Daily Sundial,https://news.google.com/rss/articles/CBMiqgFBVV95cUxOd2JZRi1ObWhEWHJEVGFGUV9FaHViRXQ2MGVkWE1VSFRneXBsQkRqYUlJcnFEYms2Wi1fdmVPRHItZjBmZDBtRFRoN2lWSjNhM3ZEY0liZTFSUTMxdXFYVERHUzlIQWQ4Q2Y3RmYxWGRzdmtaYTdBSDFLcU9Wa05ZSGIxdlk4aUx3V3Nxc1J3Tm5nOUNvQ0E4MnFiTXNoa3Q5WFhabDJDaGotdw?oc=5,Rising costs force some CSUN students to reconsider living on campus    Daily Sundial,True,시장,rent_occupancy,약세,Student Housing,낮음,"단일 캠퍼스 학생주택 수요 기사로, 국가 차원의 시장 데이터나 주요 플랫폼 운영사와 무관한 로컬 수준의 거주 선택 트렌드이므로 낮은 관련성",False,
b541c7771851,2026-06-10 11:11:54,2026-04-29 15:21:13,Student Housing — Binghamton University - State University of New York (NY),Growing impact: Binghamton University generates $1.79 billion for New York state - Binghamton University,https://news.google.com/rss/articles/CBMiqgFBVV95cUxPSGkwZXZvTFJyOVJLbUdQcV9tZ2xEeGxyaVFWc0pKandDYWYySkE5b3d2TjRUMkJ4bnIweDlmTVhwWEpOaTdDSTBLcWRVOFhOVEZ3MkhpeGhZNTZUYmtJTzFXUklza2FJOGphNHFKSlN1a0Y1Ukk0TExoX0FhSm1KZ2MyWDFvbVgwdUt1UVZRcVgtRnJRN2E3T2pTblM1NjJSbm53dnBaQl8zZw?oc=5,Growing impact: Binghamton University generates $1.79 billion for New York state    Binghamton University,True,시장,market_data,중립,Student Housing,낮음,대학의 경제적 영향력 발표로 학생주택 개발이나 거래와 무관한 일반 통계성 뉴스이므로 관련성이 낮음,False,
9abb80fc075a,2026-06-10 11:11:58,2026-04-20 08:55:32,Student Housing — Old Dominion University (VA),"Old Dominion University Attack Leaves One Dead, Two Injured - collegenews.com",https://news.google.com/rss/articles/CBMikAFBVV95cUxOMzZtY0VNdlR2eExyUWlESFdqZnBndER3ZWhNZEtLLTRaUENkdnF6VVFBREM5Sks3UGxoTWZHaWdGcFBLakRaR2tyMDExUmtzeGp1U3FoeWg2TWVtemw4NXZJMFFIVTcyeW54bnZtNncwTjMyS1FGdTNZdjAtOVlZWVAwMTVmRWxsYkZ3RTRocW8?oc=5,"Old Dominion University Attack Leaves One Dead, Two Injured    collegenews.com",True,시장,,중립,Student Housing,낮음,"This is a campus safety incident unrelated to housing market data, development activity, or real estate transactions, making it irrelevant to Woomi's business interests.",False,
faee576839fe,2026-06-10 11:11:59,2026-04-27 07:00:00,Student Housing — Miami University (OH),University housing or health violation: Miami’s mold problem - The Miami Student,https://news.google.com/rss/articles/CBMi0gFBVV95cUxQa2RQTW1La2l3Z0RKcEg2RERid1B6V1NVZlV5ZlhwekZSSzBqWURpM285NURaTTRfNVZmc2V2cUF4Zmo5RUtqZWJVWDhZRXo3bnJmR3NoR2NPOHlpSzB5amlTMkN0R2Q3eUFfWkU5LU5kbzZsWlZIWW1ZVk9UdnBqUk5ES3BCeFRtOHhjOXpNWXZyei1tZWFNanZiRkhkaHNpa0tqR0YwaTEzOUkwTFNFTEQyYzFjSXVZLXVyNU13UEtVSE1ZNDZ2RlozMmY2T1cyZ2c?oc=5,University housing or health violation: Miami’s mold problem    The Miami Student,True,시장,rent_occupancy,약세,Student Housing,낮음,"개별 캠퍼스의 곰팡이 문제 보도로, 전국 수준의 Student Housing 시장 데이터나 주요 플랫폼 관련 정보가 아니므로 낮음.",False,
5d44adde0a0f,2026-06-10 11:12:01,2026-04-30 07:00:00,Student Housing — Tarleton State University (TX),Tarleton Fort Worth to announce a new vision - NBC 5 Dallas-Fort Worth,https://news.google.com/rss/articles/CBMikAFBVV95cUxPS2FkQUhoeTRyZXdhYWlOalZVR0ZxNXlqZGgxQnVkclpNendVejVzdlpxTUhzY2dyQ3k2dWkxUnVvVUdNQy11SkRyeXZhWjFBZnNidTAweWxDMjFxaFVZWG5TcEg2aDRUWGZLbjYxdDBJb1FkUGl1MHp0THpxeTZsS1F0QVFvTUpLb3dVdDJUSnPSAZgBQVVfeXFMTnB2ckJjTmx3NW1iMW1oc0dBaXVGNmpleUU1cXVyRVU2RWJFcEo1S2RIRVF5TmlYd3M5Tl8yOHF0TENfNkxUUlZkTWx5eXdnTEE1QnJrUUJsdDY3bUlXMWFqSG13WWpwemg1VlAyYjRWMlBMVFJLa1A1YXh2N2ZKR2dPa1ZYc2pYTkdZeGZ1VVFMak9SU183QVo?oc=5,Tarleton Fort Worth to announce a new vision    NBC 5 Dallas-Fort Worth,True,개발,permit,중립,Student Housing,낮음,"Tarleton Fort Worth 캠퍼스의 일반적인 비전 발표로, 구체적인 학생주택 개발 규모나 주요 플랫폼 운영자 관련 정보 부재로 단순 공식 발표 수준으로 평가됨.",False,
c1b485e01baa,2026-06-10 11:12:03,2026-04-02 14:09:27,Student Housing — University of Michigan (MI),The University of Michigan addresses a decades-long student housing shortage with a new housing-dining facility - Building Design + Construction,https://news.google.com/rss/articles/CBMitwJBVV95cUxPUXlqMFlLLXZsYUhMWXJrYUlkS1JuRVRwdFZEWEFKTm5lNk01LUJ6SVVWanB6UmJKbk1VVmJxZGtDUnNaaU54dnJ3Z24wbVhfb19XWlZ2WDN2YWtjZXMzMzMtREVORlQ2RERNQV9nWlNuTlo2SWQ5bk5raHJ5VnBhbFR5QmxJOHQwX0IyRjEwdU9pYkxsUmNybXVSQXQ1ZDYwUl9LODc2TmhYSnBPeTBITktJUFlMWERfTWdaYWF0Y1NTZEtEeWw0aFNZWXlnSTBPMjU2OE53Mk5GVzYtS2daOGw5VFNYWUI0SUN5R2c1dzI0QWY1WnFhMHBWLXkzZk5fU2pBVkxIZG5CTEhBRUdFeUJHd28xZ29wS3Zscm9VTEw0eFRoV2t6WVhHUFE3dGg4Zl9UZVRpSQ?oc=5,The University of Michigan addresses a decades-long student housing shortage with a new housing-dining facility    Building Design + Construction,True,개발,construction_start,중립,Student Housing,낮음,"단일 캠퍼스의 학생 주택 개발 프로젝트로, 규모 미상이고 Core Spaces/Landmark 등 주요 플랫폼 운영자가 없어 Woomi의 전략적 관심도가 낮습니다.",False,
980bb056b896,2026-06-10 11:12:04,2026-04-09 07:00:00,Student Housing — Boise State University (ID),5 ½ Benefits of Living on Campus - Boise State University,https://news.google.com/rss/articles/CBMiiAFBVV95cUxOUWZMd0l4am5fQ25wbnIyZjA2SU52NV9EbU9kdl9UX3B6alVxWUZtckxFRHN5UjFiWHNOZTNlU3dtVS14TW9Ya3Njck96MXp3Mm4xM01ncm5qNG1aT2F5elJ2YklXUWZSTXFKeXlvcm5sRjJqS0ZEY244bDY4cXQ1X0pZR1BCNnVS?oc=5,5 ½ Benefits of Living on Campus    Boise State University,True,시장,rent_occupancy,중립,Student Housing,낮음,"단일 캠퍼스의 기숙사 거주 홍보 콘텐츠로, 시장 데이터나 거래 정보를 포함하지 않으며 Woomi의 전략적 관심사와 무관함.",False,
2dfafee10015,2026-06-10 11:12:04,2026-04-16 07:00:00,Student Housing — Boise State University (ID),"Boise State looks to (shorter) future plan for campus development, with ideas both concrete and blue sky - BoiseDev",https://news.google.com/rss/articles/CBMiekFVX3lxTE1XUlpsR0RMM2lrRjVBRzBjSUVUNnBsYWtDZXlhQUpZbll1eEEtcWs1X1E0akdPLXkzVkRveERjQ1J2bEE1VGpJRXoySFB5c3gxZm1PNncwTVo4MlMwU2dTR29pTjk2T3JIQmNRS1NZcUtzUlNpVkowX3VR?oc=5,"Boise State looks to (shorter) future plan for campus development, with ideas both concrete and blue sky    BoiseDev",True,시장,policy,중립,Student Housing,낮음,"단일 캠퍼스의 개발 계획 의도 수준 기사로, 구체적인 학생주택 프로젝트 규모나 주요 운영사 관련 정보가 없어 Woomi 전략적 관련성이 낮습니다.",False,
4b5d6e12c5d8,2026-06-10 11:12:05,2026-04-23 07:00:00,Student Housing — Georgia Institute of Technology (GA),Need a place to stay for the World Cup? Try a GA Tech dorm room - USA Today,https://news.google.com/rss/articles/CBMiwwFBVV95cUxOUVo5eEItbUxKODhQekE4YWZvR28wVU53dkd5dnZIQWgzWTk1YTF6MXJZcmpJX2hOVjVBczZTZVltRXFXYkxld0pVWnVLQml0Tk5Wazh1OWpBUTlXaVJwYXYyV3pkRllVWVI4azMxaEtzQTh5cjBYR2dpdmpTenNXOVFEWkxmdEJOTGo2NGJBRTRiUjJicGtVMTVRTHB3ZTQ3blB3cU95ZldCc0FINGJNakFxWkk2Q0VqcVl2ZnEtaERRSEk?oc=5,Need a place to stay for the World Cup? Try a GA Tech dorm room    USA Today,True,시장,rent_occupancy,중립,Student Housing,낮음,단일 캠퍼스의 단기 임대 활용 소식으로 전국 규모 학생 주택 시장 데이터나 주요 플랫폼 거래가 아니므로 관련성이 낮음,False,
5456b88b972d,2026-06-10 11:12:07,2026-04-02 07:00:00,Student Housing — George Washington University (DC),"It’ll cost some George Washington U students over $98,000 next school year - The Washington Post",https://news.google.com/rss/articles/CBMinwFBVV95cUxNR2JXeU5ZdVdZSjRWOGM5SG1vZ1huZl8zeHA5XzNTOG12NVR2SmpiWjNfb3BxWlk5OWJZcUt4Smx5aGRyT2pjT1dlVE9hQ2VSTnc3MWtVS0JZd05PNnhOMTdOc0JwU2lDeE5hdnJkMWF2WV81eG9uR0V2cGM4TFdYLVh4QWNlWFJJeFZFdnNMS0djWkp2TkdaT0VwS09PMEE?oc=5,"It’ll cost some George Washington U students over $98,000 next school year    The Washington Post",True,시장,rent_occupancy,중립,Student Housing,낮음,"단일 캠퍼스의 등록금 및 기숙사비 인상 뉴스로, 전국 규모의 학생주택 시장 데이터나 대형 플랫폼 운영사 관련 정보가 아니므로 낮음.",False,
a12c27081aa3,2026-06-10 11:12:13,2026-04-12 17:32:03,Student Housing — Portland State University (OR),New Housing Building - Portland State University,https://news.google.com/rss/articles/CBMiY0FVX3lxTE1BMnNmNjlpVlJNZVFpNzdEeXluZGdZTnNJelZ3VkZNZlV1VUNCb2NRYjZzZHZNY2FMRFFGWnZSbWNQNkNzNnhEVHZwbmhLN04xS0hsemJROUlEVkJuaFdDVlZpNA?oc=5,New Housing Building    Portland State University,True,개발,construction_start,중립,Student Housing,낮음,"포틀랜드주립대학의 신규 기숙사 프로젝트이나 규모, 대학/운영사 정보, 진행 단계가 불명확하며 Woomi의 전략적 파트너나 경쟁사와 무관한 단순 대학 프로젝트로 보임.",False,
adcea4998764,2026-06-10 11:12:18,2026-04-23 07:00:00,Student Housing — University of Vermont (VT),"Burlington's City Council Ordinance Committee to talk UVM housing, consumer protections - WTVG",https://news.google.com/rss/articles/CBMivwFBVV95cUxOS0VFb1JCSnlORnhVdEttaTdNU2I2aXFYcVQxNnk4eGpmQTVoYldZdHFnV2FxZ3VPZEN6bENzcmtudHhSa0J1aDlUMTg1emlJcUpqSjc1SDVzV2gxTVJSRUxwS2xOWU5HM2hxNEoyaVRrZ195al9NQnJNdHFZaUFfamNPWVB5dVJJdkYzZnhJdDlSZ0M3U1FLaWxXQVpMUjFTSWV6NHpPQmduLWNLV1F0M0VYQmdpZWN1cHI0STVlZw?oc=5,"Burlington's City Council Ordinance Committee to talk UVM housing, consumer protections    WTVG",True,시장,policy,중립,Student Housing,낮음,"지역 단일 캠퍼스의 정책 논의로 전국적 영향이 없으며, 구체적인 프로젝트 규모나 주요 플랫폼 개발사 관여 정보가 없어 관심도가 낮음.",False,
065835e55c8e,2026-06-10 11:12:23,2026-04-29 07:00:00,Student Housing — Wayne State University (MI),Atchison Hall reopens as newly renovated home for Honors students - Today@Wayne,https://news.google.com/rss/articles/CBMisAFBVV95cUxPZnRjalpLZ2lXYWwwd0NKSk01ZzRFTVRzTVE5akljQ0NKMFc4NWhBX1dscjkwT2l4U2lOOTduMEdlbkxJWHkzVklIVDQ3Y0oyM0ZQVVZROFZGMUpwQk5uUFV3Y25PRW9Pd2JRZzJNM2o4Vzc5anJ5X0liQ1dtajNQZnZ3aWZGZ1IyQ05LR0JqNFJoRS1YdWxOLUo5ZDhOZmJVNzlSZHJ0bXQ1U2oxUThrSg?oc=5,Atchison Hall reopens as newly renovated home for Honors students    Today@Wayne,True,개발,delivery,중립,Student Housing,낮음,"대학 기숙사 리노베이션 완료로 개발 카테고리에 해당하나, 규모가 명시되지 않았으며 주요 플랫폼 운영사 관여가 없어 Woomi와의 관련성이 낮음.",False,
96fb1ad0448f,2026-06-10 11:12:23,2026-04-27 07:00:00,Student Housing — Wayne State University (MI),"BOG Notebook: Housing rates remain flat; campus upgrades move forward for Law School, soccer field - Today@Wayne",https://news.google.com/rss/articles/CBMi2AFBVV95cUxQa0hFMFJDdHZWM0ZDcXdXdnpmYTQ3WXA2ZFNmOFV0bVM4bExRbEtzbnpnSkxMNzJvOE0tNUdqNU44d3dVOUhKdVExYVQ2aE8wMUZ6a0NSZVJELU5qOGNtWXA4RER4QWppekhYUEw1cTdVTG5xb2w0b2d6U1lCVm54cndhUXFOQTRtSENDbWJJTGJoVHZvLVd5Vi1xWEQ0WDFnMTNfNWdnZDRnYXE4QzFDenNPR2p1MEhKNDREZG1GOXNud2JaQWZ3TFdnOTJoVlNwV0NrM1hJQkw?oc=5,"BOG Notebook: Housing rates remain flat; campus upgrades move forward for Law School, soccer field    Today@Wayne",True,시장,rent_occupancy,중립,Student Housing,낮음,"단일 캠퍼스(Wayne State University) 학생주택 임대료 동향은 개별 캠퍼스 수준의 정보로, 전국적 시장 신호나 주요 플랫폼 개발자의 활동과 무관하므로 낮은 관련성.",False,
9fd309894d81,2026-06-10 11:12:23,2026-04-01 07:00:00,Student Housing — Wayne State University (MI),"Inspectors look over the aftermath of a HVAC unit that caught fire at the Maccabees building on the campus of Wayne State on Wednesday, April 1, 2026. Photos by Mandi Wright. #WSU - facebook.com",https://news.google.com/rss/articles/CBMi3wFBVV95cUxPMFd0aGI3Yk1GWTlISDJjemphZlNpU3dwTXpWajdORWVFVXhQMWdaTUZ3STZRVUJobXFiMTY2ZmFVcjZnZUpCdVF0MEMxLVF4QVlHdVBGc0RuRVNsTWdtbFJZYXVVc3pLNEV4eENxaXlRNC1MWk96Vi1oaW5kUzZpM2FXMWZ6N3VlekpHRDJjc2hIcS1uT0VWNm9nTkUtaUxIeldSRTVPUkVNYXU2TUZOUkNiblRUakhoR1RmR2NDMDNFZDhIZXozTnpjVmZOQ1BHTGMwTExqcW9famRUS3NN?oc=5,"Inspectors look over the aftermath of a HVAC unit that caught fire at the Maccabees building on the campus of Wayne State on Wednesday, April 1, 2026. Photos by Mandi Wright. #WSU    facebook.com",True,시장,construction_cost,약세,Student Housing,낮음,HVAC 화재 사건은 개별 캠퍼스 건물 유지보수 문제로 학생주택 시장 전체 수급이나 Woomi의 전략적 관심과 무관한 지역 소식이다.,False,
7b23bcfa046a,2026-06-10 11:12:27,2026-04-28 07:00:00,Student Housing — Western Kentucky University (KY),WKU Board of Regents approves public-private partnership transaction for $350 million “Elevate WKU” student housing partnership - Western Kentucky University,https://news.google.com/rss/articles/CBMifEFVX3lxTE5Jekwyb0JfZHExUmFRcDN6Ym9uSFNGNG9QOHpsazJUSDFGWGIxcllYQXYzRFd4Tmp3WVZuZkNORGtvWTRkRzBlSmZ5TzY2a2drdG0yMF9SWE9LMHYwRzJBWXBuUF9qcGRHaFZNM0JIU1BKZU9laE5mbWgwdDE?oc=5,WKU Board of Regents approves public-private partnership transaction for $350 million “Elevate WKU” student housing partnership    Western Kentucky University,True,GP·자본흐름,"transaction,acquisition",강세,Student Housing,높음,"$350M 규모의 학생주택 공공-민간 파트너십 거래로, 대규모 기관 자본 유입을 신호하는 플랫폼 수준의 거래",False,
d34d5a0added,2026-06-10 11:12:27,2026-04-30 07:00:00,Student Housing — Western Kentucky University (KY),Gilbane Gets Green Light for $350M Kentucky Project - Multifamily Housing News,https://news.google.com/rss/articles/CBMimgFBVV95cUxPVFdLeEdBTG92TkZXeFRZQ1M5ZVNzTWtWZ2RPemh2cmZJd18yanRkVGZZQUF5ak9CdWNwYkFtX0djUzhoMDE1eExobjFkOThJekd3dUNaY1JTQmNUd1N3YXB0ZlktcnYzeEp4UXFyWENralU3WnloSDltZ1dOV3VLajNyemRYYXFuUWJXTE5VX0lpYW5mZ2FVNHhB?oc=5,Gilbane Gets Green Light for $350M Kentucky Project    Multifamily Housing News,True,개발,permit,강세,Student Housing,높음,"350M 규모 학생주택 프로젝트의 허가 획득은 대형 개발 사건이며, 금액 규모와 학생주택 섹터 특성상 Woomi의 경쟁 동향 모니터링 대상입니다.",False,
032c3b114794,2026-06-10 11:12:32,2026-04-22 20:10:47,Multifamily Executive,"Multifamily Finance 2026: AI, Automation, & Control",https://www.multifamilyexecutive.com/premium/whitepaper/752398,"Multifamily Finance 2026: AI, Automation, & Control 
 dwunderlin 
 Wed, 04/22/2026 - 16:10 
 
 Wed, 04/22/2026 - 16:10 
 
 Resource Type 
 Whitepaper 
 
 
 Promotion Start 
 Thu, 04/23/2026 - 10:45 
 
 
 
 Promotion End 
 Fri, 10/23/2026 - 10:45 
 
 
 Multifamily finance leaders are under pressure to modernize — but with competing priorities and economic uncertainty, making the right technology in",True,시장,,중립,Multifamily,낮음,"This is a whitepaper on multifamily finance technology trends (AI, automation) with no specific deal, market data, or development announcement — general industry commentary without actionable market signal.",False,
68dab9475fd4,2026-06-10 11:12:32,2026-04-14 15:57:25,Multifamily Executive,Scale EV Infrastructure and Increase Property Revenue,https://www.multifamilyexecutive.com/resource/scale-ev-infrastructure-and-increase-property-revenue,"Scale EV Infrastructure and Increase Property Revenue 
 Attract residents and increase asset value with scalable EV solutions. Learn to overcome electrical capacity limits and use cloud-based tools for resident billing and revenue generation. Access hardware like the Shasta 80 for phased deployments. 
 swheeler 
 Tue, 04/14/2026 - 11:57 
 
 Learn how to turn EV charging into a competitive differen",True,시장,market_data,중립,Multifamily,낮음,"EV 인프라 관련 기술 솔루션 기사로, 멀티패밀리 자산의 수익화 방안을 다루고 있으나 특정 거래, 시장 데이터, 정책 변화를 포함하지 않아 실질적 투자 신호 가치가 제한적입니다.",False,
cd22c1d43e70,2026-06-10 11:12:43,2026-04-29 18:00:00,Federal Reserve,Federal Reserve issues FOMC statement,https://www.federalreserve.gov/newsevents/pressreleases/monetary20260429a.htm,Federal Reserve issues FOMC statement,True,시장,policy,중립,Multifamily,높음,연방준비제도의 FOMC 성명서는 금리 정책을 결정하는 핵심 신호로서 주택담보대출금리와 부동산 시장 전반에 직접적인 영향을 미치는 거시경제 지표입니다.,False,
0e7be95cd4b3,2026-06-10 21:01:07,2026-04-21 07:00:00,Student Housing — University of Wisconsin - Madison (WI),"UW-Madison plans to air condition 3 dorms, reducing total beds - The Capital Times",https://news.google.com/rss/articles/CBMi4AFBVV95cUxPNk1nRlpIbWxwakswaFJrVDJuOTlLWm53MmF1NE5pbm1PdE1sbmN2N213UE9nelNzbGJqNVBHNmdjaFFtc3NKeGxob2VIZ0o3Nmcxc0U4bGlpem9MMzU5QTN6RTVJbGVMZzJPQXA3ZHBpaWpuSG1Ed2Z4dG9Eak9zQnZSM3A0bmE2SFFFNzQ2OTh4NnhXQ01BUVY5aHNGTDRvQU5zTU9lVVJZN0U5UkJDbWx6SHFIcVBfcWpJVHRPakZTMjhjVm1udGgtWEdjeURpdFA3V3FXSTh0QlRsaVg0WQ?oc=5,"UW-Madison plans to air condition 3 dorms, reducing total beds    The Capital Times",True,개발,construction_start,중립,Student Housing,낮음,"UW-Madison의 기숙사 에어컨 설치 계획은 대학 자체 운영 시설 개선으로, 규모가 명확하지 않고 핵심 개발 플랫폼(Core Spaces, Landmark, Greystar 등)의 참여가 없으며 상업적 Student Housing 개발과 무관한 사항입니다.",False,
1fc1462714e8,2026-06-10 21:01:36,2026-04-21 07:00:00,Student Housing — University of California - Riverside (CA),North District Phase 3 and new parking structure coming - highlandernews.org,https://news.google.com/rss/articles/CBMimAFBVV95cUxQVUFFalJPZ0hHSkhoT2NYVF9HZ1JGU3RiWnJmejhXT2RpbkZFU0ZvQURsYW5SOWpFakxjLXlmTFVFZ2FKRC1BMjBQdUpidWxxQURWQVVTTHJsX3R2WEpUdzdXZFlYRU13UGgzQ3cxbUdhSmd3YlRhSGtBanFiLWlaQlg2UXlrT0o5c1VGMUNtVkhHQUJERlVDdw?oc=5,North District Phase 3 and new parking structure coming    highlandernews.org,True,개발,"construction_start,permit",중립,Student Housing,낮음,"단일 캠퍼스 학생주택 개발 소식으로, 규모 미상이며 500+ 침대 또는 주요 플랫폼(Core Spaces/Landmark/Greystar) 관여 증거 없음.",False,
48e7ded7287b,2026-06-10 21:01:46,2026-04-20 07:00:00,Student Housing — University of Delaware (DE),Widener University Relocating Its Delaware Law School Campus - DELCO.Today,https://news.google.com/rss/articles/CBMiZ0FVX3lxTE9qZVM4dmllR3dhY2swMDE0bFpHRjNmdjFhbWhiTUNFd0lZTExJVGoyVkRlc05yMmRycHRxMWpzMnNwYUNfdHJPa3dpUk5DY09pOW5JbFRsUXpGZGRqTUg1RGtQSUdXclk?oc=5,Widener University Relocating Its Delaware Law School Campus    DELCO.Today,True,시장,policy,중립,Student Housing,낮음,"대학 법대 캠퍼스 이전은 학생주택 수요에 장기적 영향을 미칠 수 있으나, 개별 기관의 캠퍼스 이동 뉴스로서 국가 규모의 시장 신호나 Woomi의 전략적 우선순위와 무관하며 정량적 거래나 대규모 플랫폼 활동이 아닌 로컬 정책성 소식이므로 낮음",False,
79e07bff006a,2026-06-10 21:02:24,2026-04-28 20:36:16,Student Housing — Boston University (MA),The Best Places to Study for Finals - Boston University,https://news.google.com/rss/articles/CBMigAFBVV95cUxPTV9JMFRxSFQ0THd5YUN2OXctZ1NXWndacnhKekZ1NkxqX0I0OEpicTZZUzRfamJNaHh6cHdxNktWM2FtVFZMOEhzN1E5TllnLVNLSW16Nk5UakZzMEloNGs0bmNjSHlfTVh6T3R3OVB0VEZTMmxlUlBuWkpVLWVNTQ?oc=5,The Best Places to Study for Finals    Boston University,True,시장,,중립,Student Housing,낮음,"보스턴 대학교의 시험 기간 학습 장소 추천 기사로, 학생 주택 시장 데이터나 거주 수요 정보가 없는 일반 캠퍼스 라이프스타일 콘텐츠입니다.",False,
825d15db4b3e,2026-06-10 21:02:54,2026-04-01 07:00:00,Student Housing — Ohio University (OH),New McDavis Residence Hall set to open this fall - thepostathens.com,https://news.google.com/rss/articles/CBMilAFBVV95cUxOaUhjM3VCaTRucXhpQWVKYnFIMk5QY1Vtdkt5M0hGSnczSnBQZW01SkYzNGRXaURBYkZTUnBGUDJLbVZMSkhDYjlKVk9oTi13N0tNRU1Id2NIOGtoLWpQVVowQWRvNHFxOU1ONm8yRkVLRG1xQWtpOWV5aE5UQmVnMFZEMWVmUldfMi0yM3JkdkhfY3Fz?oc=5,New McDavis Residence Hall set to open this fall    thepostathens.com,True,개발,delivery,중립,Student Housing,낮음,"단일 캠퍼스 학생주택 기숙사 개설 뉴스로, 규모나 주요 운영사 관여 정보 없이 지역적이고 소규모이므로 낮음.",False,
05c940e18630,2026-06-10 22:50:03,2026-04-27 07:00:00,Student Housing — Stony Brook University (NY),Stony Brook University Student Arrested For Allegedly Selling Drugs On Campus - News 12 - Hudson Valley,https://news.google.com/rss/articles/CBMi2wFBVV95cUxPQmJMZWZwOGtaWmxQVHpadlYyR3JITUpldEIxLTQ4eEMyd2lRNnpqTzRJYlV0bmlaai1mOWI0QTByUUJoblJsY1hBSWFodl94anNFdDI4b2lEOUlBTlQzU0xRN0JaVGpTcVF4TDhrallzVlV0Zi1GejR2cnFXRVNtOWpFY2hjbzhheE1kSFlWdlQ0eFNqNTlQMTEtY254WHoxZXdxWUhjM1lxcmgwMC1oZlFsMzBscHo1M0dLVVlTX3FOZ3c4dC1QTFFxOEs4ZndDY28xUXpOaVlOUGM?oc=5,Stony Brook University Student Arrested For Allegedly Selling Drugs On Campus    News 12 - Hudson Valley,True,시장,,중립,Student Housing,낮음,개별 캠퍼스 범죄 사건으로 Student Housing 시장 데이터나 Woomi의 전략적 관심사와 무관한 뉴스입니다.,False,
2e06e6c38c99,2026-06-10 22:51:27,2026-04-09 07:00:00,Student Housing — Middle Tennessee State University (TN),MTSU Begins Construction on First Student Housing in 25 Years - Global Student Living,https://news.google.com/rss/articles/CBMimwFBVV95cUxPaGNzZjFyWUJ4dklPUTIxbVVrWjdLbmhUMDZ3VVh4a0tOaXBDdWxYLXNLbmxJMk1UeUZyYTB0VFRpaGFxVGdDM1F2Uk9kZTFMbm5GakUwZU5fWVNybXlLbkFHSXd3LXowVjh3RGU4YUlRbjh4aVRFQVZOa0JBbDktbFNxOFRtUXlMRW10N1YyMTk4TGN1bFBHckxPaw?oc=5,MTSU Begins Construction on First Student Housing in 25 Years    Global Student Living,True,개발,construction_start,중립,Student Housing,낮음,"단일 캠퍼스 학생주택 프로젝트의 착공 소식이지만 규모(침대 수), 개발사 명시, 투자 규모 등의 구체적 정보가 부족하여 Woomi의 전략적 관심도가 낮음.",False,
12c97cc223d9,2026-06-10 22:51:28,2026-04-15 07:00:00,Student Housing — University of New Mexico (NM),UNM’s Generation Hope FamilyU program enhances campus support for parenting students - UNM Newsroom,https://news.google.com/rss/articles/CBMirgFBVV95cUxOOGpOTFZxQld5eXpHVFdtQS10Q05GNDN0bVloWmgtclNCYWtJU2VGaFlZRFRYZzRvUnF6Snh0UXgybHphaE4xQVVNRnZreGNNWElFSW9jU3R6VDFfY1VKck5QeUJvcnpjRUVUQjlPZ0xyemhQVmp2ZG9ZODVlQUI2d3FCM3RmSHFDaHQ3aTVaTmhaODZ4MVFkZWhPYUtRSHFITjZvakI4NnZHU0VRTnc?oc=5,UNM’s Generation Hope FamilyU program enhances campus support for parenting students    UNM Newsroom,True,시장,policy,중립,Student Housing,낮음,"대학 캠퍼스 학부모 학생 지원 프로그램 발표로, 구체적인 건설·거래·재무 데이터가 없고 단일 캠퍼스의 정책 수준 업데이트이므로 전략적 관련성이 낮습니다.",False,
34e5d5940673,2026-06-10 22:51:28,2026-04-28 07:00:00,Student Housing — University of New Mexico (NM),Luna Community College Board of Trustees Extends President Linder’s Contract - lasvegasoptic.com,https://news.google.com/rss/articles/CBMi8wFBVV95cUxPd3JMdWJPdXRwN3Z3cW1ndHJjX0VHWHhiZURPelp4YUlQSzZ2Ym5za0RaMzdUVEtpa3VPaHJvTFI5VHBhYUhsQVQ2NjNPc3BvLU1NLXlEQW5hOEtYMmV4cjk4aWtwR2tDdWFrRDFJeHF6em9uVW5oRlRfYmY4bVEtOW1aNEItYXAyRVlkNmQ2Ym5Hd0U3V0xIN2dKRndtTVNJcnB4aWh6ZXJ3MDBMb1dNZXhXelhSR05LenZKUUJleExRYlRMVGM4bmNrd3JXM0lHbWNuay1CVl9xT2xUenVoY3VHT1dDdGtKaFhJTktPckxuX0E?oc=5,Luna Community College Board of Trustees Extends President Linder’s Contract    lasvegasoptic.com,True,시장,,중립,Student Housing,낮음,대학 행정 인사 소식으로 학생주택 시장이나 개발 동향과 무관한 극히 지역적이고 소규모 뉘앙스의 콘텐츠.,False,
d54f885d9006,2026-06-10 22:51:34,2026-04-28 07:00:00,Student Housing — University of Southern California (CA),Exposition Park to see more affordable housing near USC - The Real Deal,https://news.google.com/rss/articles/CBMikwFBVV95cUxNZFV0MGNFSTQ5SF9aQ01PTG84YTJMUHZFQVRZelBvam84WnF3OFVubW5zZS1iN0RaQnBtY28xdDBpR2ZlV2JGOWFlVTdkY0REazVDb2s0cWdkYXd3RFF3VGpJM3hYRzR0S2loaE54YVFTYklNOHRGVVhXNE4wR3FoaEd3aklHZnRJalRVaVRROTNjUk0?oc=5,Exposition Park to see more affordable housing near USC    The Real Deal,True,개발,"land_acquisition,permit",중립,Student Housing,낮음,"단일 캠퍼스 인근 저렴주택 개발 계획으로, 500+ 침대 규모나 주요 플랫폼 운영사(Core Spaces/Landmark/Greystar) 미포함으로 보통 이하 기준에 미달합니다.",False,
ea9bb11fbd34,2026-06-10 22:51:36,2026-04-23 07:00:00,Student Housing — University of Minnesota (MN),Grace University Lutheran shares message of radical love for all - The Minnesota Daily,https://news.google.com/rss/articles/CBMiugFBVV95cUxQcDFZUlNHVWVxSnhYY1BuV1FpUGw0OFNrUkNvTnVVWWwwWkhZTi1rd3lmMkZBMUdNc3lYU2NmOUdVeVIxVnpzNjBtWEM3MDFSbTVfNVFyUlRXWjQ5M3B6N3hfblZwcUtDVnJneVlWbThsUVU3VkRMVXVvT3RTYWRlLXU0NnhRa1pwYXc2NGVhOGNJZS1Db2FISmV1UlhkMjNRUXp5QThoSFdyVVhOMnFGOVFuVTFEU1VLdGc?oc=5,Grace University Lutheran shares message of radical love for all    The Minnesota Daily,True,시장,,중립,Student Housing,낮음,"종교 단체의 메시지 공유 기사로 학생주택 시장 데이터, 개발, 또는 자본 흐름과 무관한 내용이므로 낮음으로 분류.",False,
2b511b999ac6,2026-06-11 21:01:06,2026-04-09 07:00:00,Student Housing — University of Florida (FL),A look into UF’s multibillion-dollar construction plans - The Independent Florida Alligator,https://news.google.com/rss/articles/CBMingFBVV95cUxQbnlaa0ZuZHhEbDd1MWlXTnBaX3NZVjQxTnpVRWhuY0w3Q0FrVmE4YmgyMUpFRFBKSmpEWUJ0SEJVMnlDVVpvazRXTldZZWN0T05VRG14WEVpTzFzM1ptUzdYNzZReWx6STV6QUhYQzhQa3IzV193VUduU0ZrQ0JpamFlOFFPZVNVelhRdmM4ZGhrN1JabEJJYW9LaTU5UQ?oc=5,A look into UF’s multibillion-dollar construction plans    The Independent Florida Alligator,True,개발,"construction_start,permit",중립,Student Housing,낮음,"University of Florida 캠퍼스 인프라 건설 계획으로, 학생주택 개발자 플랫폼이나 Woomi의 전략적 파트너와 무관한 대학 자체 프로젝트이며 구체적 규모 정보 부족.",False,
1b46e2996b78,2026-06-11 21:01:14,2026-04-27 07:00:00,Student Housing — Stony Brook University (NY),Stony Brook University Student Arrested For Allegedly Selling Drugs On Campus - News12 | Westchester,https://news.google.com/rss/articles/CBMi2gFBVV95cUxQaE1WQjNRWDJsOTBQaGpySTBHemhqajNrN3VCNHFzbDhHaEtEZVNXUFhwRTNCSXhwVnF2blpKRDEweFRZbmdtYkY1LW5vdGdTWXFsMjU4WlJZcGU5TmNzLVJPZVdRSFJ2MmpHM1UwX2czd3JOY1pmRzdzaWh4SW41OVRvSmEyV09OUTh4Y0pwblFjTTlNNTBTR2stUXk5TExGa0NURkZ6NmV2NXZqT2UwcDB6Zm51WXRlcmVfSU9xQUZmT2twcE5OTmFUYUVqd1ZJSGJFUjg1dEFYUQ?oc=5,Stony Brook University Student Arrested For Allegedly Selling Drugs On Campus    News12 | Westchester,True,시장,,중립,Student Housing,낮음,"학생 약물 판매 체포 사건으로 Student Housing 부동산 시장과 무관한 범죄 뉴스이며 개발, 자본흐름, 시장 데이터 어느 것도 포함하지 않음.",False,
1229538c7fdb,2026-06-11 21:01:21,2026-04-24 14:14:42,Student Housing — James Madison University (VA),2027 Campus Master Plan: Advancing Campus Development - James Madison University,https://news.google.com/rss/articles/CBMiX0FVX3lxTE1iRFpsMTE4RnhCTkJMMU44RUNwR3N5R1J1SHQ0NkpXUnAtc2szenhwUU5CbmNDV1JHRDRxS3gta1VYZmQ5dS1oZGF1NEI2c3cxaEU3T3ZuSnc2WlFpSTRJ?oc=5,2027 Campus Master Plan: Advancing Campus Development    James Madison University,True,개발,permit,중립,Student Housing,낮음,"JMU 캠퍼스 마스터플랜은 대학 내부 개발 의도 수준이며 구체적인 프로젝트 규모, 개발자, 착공 시점이 명시되지 않아 부동산 투자자 관점에서 실질적 신호 가치가 낮습니다.",False,
112b53f2bdf7,2026-06-11 21:01:53,2026-04-09 12:50:55,Student Housing — University of Maryland (MD),University of Maryland begins work on $148 million graduate student housing development - Building Design + Construction,https://news.google.com/rss/articles/CBMilgJBVV95cUxNZDg1d0F1bXFKbXNRcTQtVHhWX2JINk9ObmZqdUhRaXNwM250aGE2ZktfT2hxekxHa2M4MFlfZ25HUVBEcTl2SmVlOFNrd3RnSWlXUU82cG9zaTRDS1lIYUFpMjJ3WTFtNG1vSWlZcVVNQXp1bHFwYklTdjU2UkNiZnVlRVZ4Uk1lNHRwb1JsWDdmTlpKZHFSU0c1ZUNzeEdEMkhjTmI3aUZBQkI0U3VjUUtnM1lMMDQtTlhWVGZwdnkzek9PNktKc05IV0dWUWJKZTJWcjZFVW9CZVdNSlV4YnJUNkxLVktuaFhpYWJIRjFadzdBblVzWUdFRWlzSmZ6NG9RVUh1cHFMbjlnWnZGdXoyYWI3UQ?oc=5,University of Maryland begins work on $148 million graduate student housing development    Building Design + Construction,True,개발,construction_start,중립,Student Housing,낮음,단일 캠퍼스 대학 기숙사 프로젝트로 대규모 플랫폼이나 주요 운영사 관여 없는 소규모 개발사건이므로 낮음 평가,False,
fa235c180796,2026-06-11 21:02:09,2026-04-20 07:00:00,Student Housing — University of South Carolina (SC),New housing project on Shop Road breaks ground near USC - WLTX,https://news.google.com/rss/articles/CBMipAFBVV95cUxPNWwzaGxnSE9hME9pTWE1b25ieHd5bTJzdGRiZVBIUkJNT1RtVmtCbUswd2REZlRMZ1MzZGJMMGExNV84YUdweTdRakNmQmpKbnhkRS1EZGx0RTNUQ3Jydm5ueEF0azRlZ1VnOHk2V0s3c09YLWdTNXJjdWVjcHZzYlgyY3N3ckdrZkZKdXBpckRxeGJnSDRodlEyM3hvY09NNVpIbQ?oc=5,New housing project on Shop Road breaks ground near USC    WLTX,True,개발,construction_start,중립,Student Housing,낮음,"University of South Carolina 인근 학생주택 프로젝트 착공이나, 규모·운영사·자본 정보 부재로 500+ 침대 또는 주요 플랫폼 운영사 연관 기준을 충족하지 못함.",False,
926fe30619c0,2026-06-11 21:02:24,2026-04-16 07:00:00,Student Housing — University of Miami (FL),Mahoney-Pearson farewell | University of Miami Development and Alumni Relations - University of Miami News,https://news.google.com/rss/articles/CBMigAFBVV95cUxOQmpwNmFjU2lBYXZobGhvM1dpa2MzVnVyY25ZOGJMWkNHUXNhNGJjdVZHV1k5c0VlWU5DNkFkcldiRmhhTGlHR2VYWUhUTG1GQ0FEallXS2xMU1lDZV9NcGtETlctZ3VPeW9JYnl6QndWUm1zczN2MGNZdlBKQ1hMQQ?oc=5,Mahoney-Pearson farewell | University of Miami Development and Alumni Relations    University of Miami News,True,시장,,중립,Student Housing,낮음,"University of Miami 개발 및 동문 관계 부서 임원 퇴임 소식으로, 학생주택 시장 데이터나 거래와 무관한 인사 관련 기사입니다.",False,
7e7941619e0b,2026-06-11 21:02:49,2026-04-17 07:00:00,Student Housing — Towson University (MD),Towson University students recount panic after gunfire reported inside dorm - WBFF,https://news.google.com/rss/articles/CBMiqAFBVV95cUxQMG9tRkVOME5vZWhsTDd3elp6LS1tTVlDVlVlLUswRk9hZERwRGF5OU1VSUlEWWQzWlpoLTNYRms2Smp4SXVEOXlyeTJ4ZHNOc3V5MEVabVFWZGhHUGRCZ2J0QVpGMXRuOEFidTlfZXhyNTJ6RXFMZVlsNkllbWJ2SGVlb2xqRmlibGdoandxWmhyaEtYYjFCdTZmWVdpSkZDOTFWSW9pRi0?oc=5,Towson University students recount panic after gunfire reported inside dorm    WBFF,True,시장,,중립,Student Housing,낮음,"This article concerns a security incident at a university dorm and has no relevance to residential real estate development, market trends, capital flows, or investment activity.",False,
85a196508911,2026-06-11 21:02:55,2026-04-06 07:00:00,Student Housing — University of Texas at San Antonio (TX),UT San Antonio Giving Day exceeds goal in first year of unified campaign - UT San Antonio Today,https://news.google.com/rss/articles/CBMipgFBVV95cUxPRWRwVnF0TFM0ZkJlZFRLN1pLalZmSEVmc2Q3TnIxSDFFdlB3U2MyTXNPUVlzVjRhemh5czB5Yk1fYnJPSWQ1SUwzRHBRbTdOSHZMbGxwUmRCbUdsQ0prOU1pbUtDV3FNX3Vxb0VHQXoxa190UnpONVZfRW4xODV3Tk1Gc1JoQVlUMzM2VXpNTFhjOTVzOGhzeVNtUTJaUFZDZnpLUnd3?oc=5,UT San Antonio Giving Day exceeds goal in first year of unified campaign    UT San Antonio Today,True,시장,,중립,Student Housing,낮음,UT San Antonio 기금 모금 캠페인 성과 기사로 학생주택 개발이나 자본흐름과 무관한 대학 행정 뉴스이므로 낮음 관련성 평가.,False,
512731b6dae7,2026-06-11 21:03:02,2026-04-13 07:00:00,Student Housing — Colorado State University (CO),Off-Campus Life receives proclamation from City of Fort Collins - Colorado State University,https://news.google.com/rss/articles/CBMimAFBVV95cUxNMG42ckZHcFpZNGRVTy0xSWFTb201RnFBRFZLSkRRbHd1RmtTZ2M2YjJrakhGdGhyMnBoN2dWbDJFY1UzaEM0TFd6NEJZVVVhblpDakQ2bzVaODU3UFQwZVVpV1F2eXFJU1F2cmxBMng0eDF0VUVhcEFVNG9tVG5SSk1Db3ZObjduN2tHeURKUkY3M1I1YzNxYQ?oc=5,Off-Campus Life receives proclamation from City of Fort Collins    Colorado State University,True,시장,market_data,중립,Student Housing,낮음,"단순 지역 기관의 표창장 수여 기사로, 부동산 개발, 자본 흐름, 또는 시장 데이터를 포함하지 않으며 거주 부문과 무관한 행사 보도",False,
b8d48f470f42,2026-06-11 21:03:47,2026-04-23 07:00:00,Student Housing — University of Vermont (VT),"Burlington’s City Council committee to discuss UVM housing conditions, consumer protections - WCAX",https://news.google.com/rss/articles/CBMitgFBVV95cUxQdUp3TU5CczJYcHJ3ZnhQeGdka2dJNE1feTV0eUpIV2NNQVNGMmszNzd4eTFocVktNFdMNFlaZ0FvX2FOZkdIZmY1OTZPb1VPSEdTUWk3dUJJYlNtd01fVF9MVm1EdHNEMkt2SGpKNHcwVUliUUxxaGVocWtMY21jMkpiVU1VM01vMENGUVcwYU4zMm9URlVvYXVnLWhLbzFSTmdEdXF6N0h0WElpNnRieXNfWVpVd9IBygFBVV95cUxQQ0t3RE0zTTlKMXA5bEJYOTRUWm1zbjJ2Z3lWeEx5OFVPREpuV0dQeGRiT3FDRTUzNEw4dXFhQlRVODNwYmJvQmhubnJQYXpsSUZ3N3FQd3g2N3QySGhpNTZUcjF6eEhDLUVHT0l5MzF1SjhheVBsNWNIR0ZuU0RNOXVXYURKbjlOUndTd3hkMVFheEEzdUcyV1NOWXN4Qkh6TXVua1podEx4N29MeVE0cGFpNXhfNWJTM1JFMUoxZUpaeUUwWkNZTnFR?oc=5,"Burlington’s City Council committee to discuss UVM housing conditions, consumer protections    WCAX",True,시장,policy,중립,Student Housing,낮음,"지역 정책 논의로 특정 대학의 학생주택 소비자 보호 규제만 다루며, 시장 규모 데이터나 주요 플랫폼 거래가 없어 관련성이 낮습니다.",False,
aa9a6d411bca,2026-06-11 21:04:00,2026-04-24 07:00:00,Student Housing — University of Akron (OH),"Two years in, the University of Akron’s president has the school playing to win - Crain's Cleveland Business",https://news.google.com/rss/articles/CBMickFVX3lxTFBPNi1oY2dRd0RFUzBGV0JTMVBDdUh2Sk4wV3o1MU9KZ3c2akhTY3EyaVpCNURuU0ZyUnBpbjJiUm53Q0tkUkNfbW1EcDVqY0Z6dmFIaFRKaW1NeWhLLW1NUl9mZHlNbEFRcHZfY3pYWjZWZw?oc=5,"Two years in, the University of Akron’s president has the school playing to win    Crain's Cleveland Business",True,시장,market_data,중립,Student Housing,낮음,"University of Akron 대학 경영 관련 일반 뉴스로, 학생주택 개발이나 자본 흐름과 무관한 단순 지역 뉴스이며 규모나 주요 플랫폼 운영사 언급이 없음.",False,
6ea0799b3876,2026-06-11 22:48:25,2026-04-15 07:00:00,Student Housing — University of Missouri (MO),Columbia shares public feedback on housing needs as Housing Authority celebrates milestone - KOMU 8,https://news.google.com/rss/articles/CBMijwJBVV95cUxQZmNvTlEzdGFDSHJqMy1IQ3FqVmJIV0U3UktqM0M5TVloMnZMSWxxRkZiSFp5UTk0alhTV3FPOUxjRVBZUndZSjVfMm1XdTFQaDZiYmw4cGEzRXFIWFlFY0tIS2x4elFmYk01V1dyc0luM21QUnFuaGROT1FkZGFZMWd4X19Yc2w1S1NYTGlGYy1sUmNMUDB3aU1ObnFoWGYtQUlUenlJVVBlaEZLVGJpWXc1YUltUFBhUTNadklkN05RMW1qVWFORE5RdTF5bWRGOWpHRlJFSTRMRFpFLUpsZUh1MnlOcWJhMnlGYkJqNC1fSkZwdXVmdUxXenhRaTVlajhYeFREYUhlXzdvTk9B?oc=5,Columbia shares public feedback on housing needs as Housing Authority celebrates milestone    KOMU 8,True,시장,market_data,중립,Student Housing,낮음,"Columbia 시의 주택 수요에 대한 공개 피드백과 주택청의 이정표 달성에 관한 지역 단위 소식으로, 대규모 플랫폼 거래나 전국적 학생 주택 시장 데이터가 아니므로 낮음 판정.",False,
82858c6a030d,2026-06-11 22:48:43,2026-04-09 07:00:00,Student Housing — University of North Carolina (NC),Carolina North will transform local community - The University of North Carolina at Chapel Hill,https://news.google.com/rss/articles/CBMiiwFBVV95cUxQbkZWcGlyaGVWb0NNOFZST2dIM3JNaFpzRmRTdWpiSkJqamtvRlZBcUtNR0N6UXZraFB6aEJhNzhRX3hsRDA0YmJBX1c0OUtaeDFybnFIZWNaRXZVT3hMZm5aekNQbnZHeUdsakk1bjRLYkM5aDZLMFE4QUxYdWtvT0lLUS1ScmdOREdz?oc=5,Carolina North will transform local community    The University of North Carolina at Chapel Hill,True,개발,"land_acquisition,permit",중립,Student Housing,낮음,"UNC 캐롤라이나 노스 개발은 대학 캠퍼스 확장 프로젝트로, 500개 침대 미만의 학생주택 프로젝트이며 Core Spaces/Landmark/Greystar 같은 주요 플랫폼 운영사와 연계되지 않아 관련성이 낮습니다.",False,
8879f61caf6b,2026-06-12 21:01:00,2026-04-27 07:00:00,Student Housing — Stony Brook University (NY),Stony Brook University student arrested for allegedly selling drugs on campus - News12 | Brooklyn,https://news.google.com/rss/articles/CBMi1gFBVV95cUxOUmxLLUEtV3k5WGhGMWRMS1UzdUUtWHRDMEFUM210OWJNTkNNTm9IbGc2eFV6MjR6WXF5cTBiTzlVTGY2djFteFVMMjEtaUpWWmlQQXppVTNJQ1RTTzFrSzRhWUxwb016Z1l3NVpZZkdMZk1Ccm1VWjQzRVQwZEk2aFZyUnpDNXBid29lX184Smk2VTExa2tGWjF0NWJ5NDlDU3F0Mkd5S3h4RW9JcWtVMUxUTlFfUGkzSFJPYVptTktMWDVndHVfWlNFbjFydmRseDEzS05B?oc=5,Stony Brook University student arrested for allegedly selling drugs on campus    News12 | Brooklyn,True,시장,,중립,Student Housing,낮음,학생 마약 판매 관련 범죄 기사로 부동산 시장이나 개발과 무관하며 Woomi의 투자 전략과 연관성이 없음.,False,
05a1c175284e,2026-06-12 21:01:05,2026-04-11 07:00:00,Student Housing — University of Iowa (IA),"Having aborted sale plans, University of Iowa eyes upgrades to Mayflower Hall - thegazette.com",https://news.google.com/rss/articles/CBMi_AFBVV95cUxOM0RZZXhJX0E0cjloTTRncEJaYlRka1ZsYmpyU3dTcEJWOFRaT2ZHRVdORkhqSEs5Vk1Bc2V0cXNGWkNFd2dlbUJSNXNSNXhzVHBMcG5PX1gtWnZBNlpfQVlLWDFmTWNxQ25meUNNZDZTQ3ZrTWYzc3ZKTEF5TUpqR2VfUmw1Q1VuR0ZGRnJYZUZGZXN1LXVrczhSVVJCak9saW1LUk5mOU9OdGdkZzktclNGNWMyQVJlMWtZcDg4U2RmdzF6TFFoazRYeXdyTUxjR0d4eGRtU2Mzc000UUE3bjFpSzlfR0NmXzJBb3hKRzljWnFJdXV6M2owZ1k?oc=5,"Having aborted sale plans, University of Iowa eyes upgrades to Mayflower Hall    thegazette.com",True,시장,policy,중립,Student Housing,낮음,"단일 캠퍼스 학생 기숙사 시설 업그레이드 계획으로, 소규모 단일 캠퍼스 동향이며 주요 플랫폼 참여나 대형 거래가 없어 Woomi 관련성이 낮음.",False,
8cc033144d98,2026-06-12 21:01:32,2026-04-28 07:00:00,Student Housing — Indiana University (IN),Knighthead Funding Secures $39.7M Refinancing for Indiana University-Area Student Housing - Global Student Living,https://news.google.com/rss/articles/CBMivwFBVV95cUxOSWpLdlc2M0hCX0ZjWFRGV1EzTU5nZGwybm5HVGlhU3FBOGVReldycDYzVEFROXlGOXRQblpKQldaendadDNEWEpGemJaZmxVeFcxRHRyb0N5OTV2czVaNlRZVzRCY0dDcDl1ZkJwQ1hER2p4YklXUTZBTzY5S2pGWlNyQlBNSzRHeXBMcG9nUEN5ZmlHS09hV09iaGh0YllIaHhhTkRlNkxvZE03MmdwbjhzRnZndEQ2bmRaMXVNUQ?oc=5,Knighthead Funding Secures $39.7M Refinancing for Indiana University-Area Student Housing    Global Student Living,True,GP·자본흐름,financing,중립,Student Housing,낮음,"인디애나 대학교 인근 학생 주거시설의 $39.7M 리파이낸싱으로, $50M 미만이며 주요 플랫폼(Core Spaces/Landmark/Greystar) 관련 없어 낮음으로 분류.",False,
92c55ae37a2e,2026-06-12 21:02:36,2026-04-07 07:00:00,Student Housing — Coastal Carolina University (SC),‘In a panic:’ CCU underclassmen running into on-campus housing woes - Yahoo,https://news.google.com/rss/articles/CBMikwFBVV95cUxQckNvYk9qWVh5UTViOFZNYVhCc0ZyMHREYjkwWG42alZ6ZWlyb3FBcTg3a25MOHI5bGVDU0hMRThSX2ctaFd1RHpCbGUyakVOU1FaUGFBLTAweXp3NktuTVhGa2FHYWdYRG5mcTl6NUhCODBFenc4XzVnU0hjYzI1ZXBFd0JSa1U1bVoyTmt0SU9JZ2c?oc=5,‘In a panic:’ CCU underclassmen running into on-campus housing woes    Yahoo,True,시장,rent_occupancy,약세,Student Housing,낮음,"단일 캠퍼스(Coastal Carolina University)의 기숙사 수급 문제로, 주요 플랫폼이나 $50M+ 거래와 무관한 소규모 개별 캠퍼스 이슈에 해당하여 관련성이 낮음.",False,
fa060694a37e,2026-06-12 21:03:08,2026-04-29 07:00:00,Student Housing — Boise State University (ID),"Lab space, dorm rooms, Greenbelt improvements: What Boise State has in its 10-year plan - Idaho Education News",https://news.google.com/rss/articles/CBMivwFBVV95cUxNZFV2YWxrYU12WXZYTHB1ZUo5UE5DZ2tySS0ycXRQN1EwdmFwdExMa09xT2UyeVZFNldSQ1oyYnVINGRpYXFmcXdZSWpvMUlZQkZuWW5tRURmaGJxYUtLQndweVFIZWhMMVBNOVpoMUpiWW40cTFxc2s3NEdBT0Z3UmtqT0dTQWFYa3RHVFdmN3Y2SHVId1FKTHdzY3BiN1F1SHFIR1JEYlk5ZEVtd1JjQzZaZTRsWmpZSlh6Y080Yw?oc=5,"Lab space, dorm rooms, Greenbelt improvements: What Boise State has in its 10-year plan    Idaho Education News",True,개발,"permit,construction_start",강세,Student Housing,낮음,"보이시 주립대학의 10년 장기계획에 포함된 기숙사 증설 계획으로, 소규모 단일 캠퍼스의 장기 계획 수준이며 주요 플랫폼 참여나 $50M+ 규모 확인이 없어 관련성이 낮음.",False,
f450fc3f0a52,2026-06-13 21:01:04,2026-04-15 07:00:00,Student Housing — University of Illinois - Urbana-Champaign (IL),CUrbanism Club uses data and art to draw attention to Champaign-Urbana’s housing needs - IPM Newsroom,https://news.google.com/rss/articles/CBMirwFBVV95cUxQRXU4WDJqdDRodkpLTmFha2ZKV0RrWURCdHczMXhYNWo4Z242UHNCWW5sQzc5YWhpX2tTaW5WLUFONXMxcHlWQmkwcDdSSmNVX3B5UEx6T2hZWEpfVWh3SWlLYnlITml6UHkxal9CTVNlbjFrbUgzdmVjX2pQdnBVVzBTU0dlLWVuVWt5bjFudnJCVVJpb3J5b29NR3NuMDZyMTNuc044V0ZIcFI4X3V3?oc=5,CUrbanism Club uses data and art to draw attention to Champaign-Urbana’s housing needs    IPM Newsroom,True,시장,market_data,중립,Student Housing,낮음,"단일 대학 캠퍼스 지역의 소규모 클럽 활동 관련 기사로, 전국적 규모나 주요 플랫폼과 무관한 지역 수준의 정보에 해당한다.",False,
bfeeed94046e,2026-06-13 21:03:33,2026-04-23 07:00:00,Student Housing — East Carolina University (NC),Another rape reported this school year at ECU dorm - WITN,https://news.google.com/rss/articles/CBMihwFBVV95cUxNZkhSUFVGQjFFVXdDR2Jkc2JSVW1aYUZCU045bWM4RzZ5SVhKOUlxbl9rbTZIRVc2eWl4V196ZmlzR3J1R1BQQnJCYWJTdmliUWd4ZHozZTV6T2MtS25pNkFyVUVQRElobmtURXN0VG05Rk1ObzJUdm83c1g1MEFCNWFsTEpZQzDSAZsBQVVfeXFMUGtEVnhDeXB6MG9YNGc0cVpoQjZoM2JRZDVfZDhFQUNxWkEwalJSU3BzRkJDNFdmcV81ZDQ1eVI2MEY2d0lBV25TRG9CR1NxX3BzYm5QcDlPWVNiVTlPbkctamwwcnB0OUJGVVdFbE4ydEZjanliNVJWZTFCcWdFSFNleDhVZkRWU21SMS1CLWh0VFN4TENLajl3NWc?oc=5,Another rape reported this school year at ECU dorm    WITN,True,시장,,약세,Student Housing,낮음,ECU 기숙사 내 성폭행 사건 보도로 부동산 투자·개발과 직접적 관련이 없는 개별 캠퍼스 안전 사고 기사이며 Woomi의 사업 관련성이 없음.,False,
10eaff8008ab,2026-06-14 21:01:32,2026-04-20 07:00:00,Student Housing — University of Central Florida (FL),UCF eyes 60+ acres of land for mixed-use development - The Business Journals,https://news.google.com/rss/articles/CBMiqAFBVV95cUxQYlFFNjB6RFdSU3BBSDgtTnJvQ2ttaHhEamJCWUFzRDRFaDFad2Z3d2Jsa0lkSnM0NXprdkN6dkFtTDQwZ18yM0x3aEUyY1RzdWlGLW1LeVpnZXNSTmJldmFnaFQ0Y1lqcHIxRmcxZ3JfSjdkdEtVYk9mQV9pc3hhSTR0S0h4WnJPMWNxa3hQSVBlcmJVQWktSnNYT3lHUFp3RXFwell2dHU?oc=5,UCF eyes 60+ acres of land for mixed-use development    The Business Journals,True,개발,"land_acquisition,permit",강세,Mixed-use,낮음,UCF의 60에이커 혼합용도 개발 검토는 학생 주택과 혼합용도 성격이나 주요 플랫폼 참여 없이 규모 기준 미달로 Woomi 관련성 낮음.,False,
f8ad3b23e1e8,2026-06-14 21:01:44,2026-04-16 07:00:00,Student Housing — Duke University (NC),Housing issues persist at NCCU one year after housing protest - Campus Echo Online,https://news.google.com/rss/articles/CBMiekFVX3lxTE91amhXREpMaDJVVGxUc3U3dk56cWlMVXRGR2dJQmVHa2pFSmdrSHZ1YlNiVXBBUUIwdENiWVlWLS03cDhVdHd0LWZMY1hYajBQZ0paWkZXSU1MY2MwUTc1b1pKRTRuOTVyb3JCNEdSSlhwM29yVGV0ZHJB?oc=5,Housing issues persist at NCCU one year after housing protest    Campus Echo Online,True,시장,rent_occupancy,약세,Student Housing,낮음,"단일 캠퍼스(NCCU)의 학생 주거 문제에 관한 지역 수준 기사로, 주요 플랫폼이나 대규모 거래와 무관하며 Woomi의 전략적 관심과 거리가 멀다.",False,
06426a926220,2026-06-14 21:02:21,2026-04-22 07:00:00,Student Housing — University of Miami (FL),Sweeping plans for University of Miami campus revamp - Miami Today,https://news.google.com/rss/articles/CBMiUEFVX3lxTFB5UXdCakpiWXdsczNXRWZxaG9lM2tEb3hnOGowUlp1TVJ4ZW5DMEVkOWt4SURXYXV3el9lN2xQUUE2bUU1dTBLcWZYcUNsc3pI?oc=5,Sweeping plans for University of Miami campus revamp    Miami Today,True,개발,"permit,land_acquisition",강세,Student Housing,낮음,University of Miami 캠퍼스 개편 계획은 Student Housing 관련이나 구체적 규모(500+ beds) 또는 주요 플랫폼(Core Spaces/Landmark/Greystar) 참여 언급이 없어 낮음으로 분류.,False,
0a89ca6f3581,2026-06-14 21:03:32,2026-04-02 07:00:00,Student Housing — University of Nevada - Reno (NV),UNR Giving Day highlights importance of scholarships and affordability - mynews4.com,https://news.google.com/rss/articles/CBMiowFBVV95cUxQTEhzTVFMekdlb1JTbkw5S0d2ZlZxMDBCSk1BbGxmQ2NidnUxSkR3X1pkaXhDd0JrcUFsYVMxR0NhU21abTRsd0dOcVlFRFNvMTN4TmJ3SmxFU29rajdHYUNwemJNYWQ3NWs0cjh5ZXB4SlZiX09tb0tvWWZ2Y09CeXdYYXRwWjg4TUZ0Vk52Z3VJY19sdzNnSVZGVktjUXNaekJj?oc=5,UNR Giving Day highlights importance of scholarships and affordability    mynews4.com,True,시장,market_data,중립,Student Housing,낮음,"UNR 기부의 날 장학금 및 학비 부담에 관한 기사로, 학생 주거 시장과 직접적인 연관성이 낮고 Woomi의 투자 판단에 영향을 미치는 정보가 없음.",False,
a8a11fe9ad4f,2026-06-15 21:03:04,2026-04-13 07:00:00,Student Housing — University of Louisville (KY),VIDEO: Students reflect on campus safety following shooting near affiliated housing - The Louisville Cardinal,https://news.google.com/rss/articles/CBMixAFBVV95cUxPOG5nRVFfdjRMeEM5dWk1M3AxdUJBMWFDODdfVUxMcHhsUURPaEUxNXAwS29hVnotVFBuNVhyT1daR1pmamxpdE1HRzZsc2NJRGdQLUtHaldKb0FkVU5tc2NJaWtSeHpMV0dtQl9od2N0akVoalE5T1owNXM3Wm9YaGJCREpaY1Q3M1NoelBEZ2lMM256dE9kREsyakJpLVRIbEE0anZMR2JwWU91Zmo3SjdvOUt0ZlNUWXFxb1VaZGE1OGVO?oc=5,VIDEO: Students reflect on campus safety following shooting near affiliated housing    The Louisville Cardinal,True,시장,,약세,Student Housing,낮음,"루이빌 대학교 인근 학생 기숙사 총격 사건 관련 캠퍼스 안전 보도로, 부동산 투자·개발과 직접적 관련성이 없는 개별 캠퍼스 수준의 사건 기사임.",False,
af24144eb918,2026-06-15 21:03:04,2026-04-06 07:00:00,Student Housing — University of Louisville (KY),Vesper Holdings Expands its Student Housing Portfolio in Kentucky with Acquisition of The Nine - GlobeNewswire,https://news.google.com/rss/articles/CBMi-gFBVV95cUxPSjRqVlQ3dWoyYXVid0hmRHoyOGhCd0hfTlN0VktRcTlDb0RiYXdRbkQ0OUJUZWJkU0FJdFAxUkh2dG9iRV9ydkdNMFhkelYtcjhSRmY4RnJYakMzbU1RdmVleDloa0pIZFdKb0xtajVDVGFTVWFtNFowLVJ4VXZLcmZWSXJQSnlVVnIzZHBMYVZick5Vd2Z1Y1FSQS1MaVR2MzNEdDAxeGVqOTBkYzVhMUhJMGtQeGNhR3A4MVNZNWdTRkFYcloxR0hUWW9FNnl5TzNCV21wcTlpT3FPcjdteHh6aDBRbUtJUm5tUUFwTzZjX05hb2dVTGRR?oc=5,Vesper Holdings Expands its Student Housing Portfolio in Kentucky with Acquisition of The Nine    GlobeNewswire,True,GP·자본흐름,"acquisition,transaction",강세,Student Housing,낮음,"Vesper Holdings의 켄터키 루이빌대학 인근 학생 주거 단지 인수로, Known GP 해당 없고 딜 규모 $50M 미만으로 추정되어 Woomi 관련성이 낮음.",False,
81d6c7460b6b,2026-06-15 23:00:03,2026-04-09 07:00:00,Student Housing — University of Kentucky (KY),"Subtext, Clarion to Break Ground on 784-Bed Student Housing Development Near University of Kentucky - REBusinessOnline",https://news.google.com/rss/articles/CBMixwFBVV95cUxPeFZFZDBJS3RGcklfNTA5RzJ6dTdsRGRxdDNZRE40QzdJSEp5dFF4c2V6Q0lIY3Y0UDZKOXdNNDlSc1ViUXdjcnowMGRNWVdtNVg3V3dKazZwWk5HcVJiZUhlOWZVTEF1YmkzYWJMZnFCRVdBUFEycHlVcFBiRXNBZ18tVXpCeHI1aWU4REpfTjJyLTFsT0IyOUFuaGcyaWZJRWxwS3FXa2JwckpXTTZJc1dDWUlUZHMwRnhXdmo0VjdzaExUMTFR?oc=5,"Subtext, Clarion to Break Ground on 784-Bed Student Housing Development Near University of Kentucky    REBusinessOnline",True,개발,construction_start,강세,Student Housing,높음,"784베드 규모로 500베드 이상 기준을 충족하는 켄터키대학교 인근 학생 주거 착공 프로젝트로, Student Housing 개발 카테고리에서 높음 기준에 해당함.",False,
3ff41821b53f,2026-06-15 23:39:58,2026-04-30 07:00:00,Student Housing — University of Colorado - Boulder (CO),"CU Boulder to open Code Talker Hall, the school’s greenest student housing yet - Colorado Hometown Weekly",https://news.google.com/rss/articles/CBMikwFBVV95cUxNemwwbHBMdmFRUHhXOTZUbkpDcHZ4NGxWcVBVU0RyU1YxRFZwWFVudkxBVkdqRVRsYU1GQUZLWDdUd3VIN1E4a08zV3QwN18zVllobXFiRU1JVmU5MFdpZDJJY0dURk9KUTgyTTlCUElfTW5WTlhfRi1hU19TcUpPTHhYVG9UZGktN2ZBLUx6Zm5kbG8?oc=5,"CU Boulder to open Code Talker Hall, the school’s greenest student housing yet    Colorado Hometown Weekly",True,개발,delivery,중립,Student Housing,낮음,단일 캠퍼스 학생 기숙사 오픈 소식으로 주요 플랫폼 참여 없고 500베드 이상 여부 불명확하며 Woomi의 전략적 관심도와 거리가 멀어 낮음으로 분류.,False,
df4897dc5946,2026-06-16 21:01:19,2026-04-15 07:00:00,Student Housing — Purdue University (IN),Plans for 12-story building at 501 Indiana Ave. are on pause - Mirror Indy,https://news.google.com/rss/articles/CBMilAFBVV95cUxQOEUwRVQ2b1RzQmZRcGtaMkx2Sm11VWQ4ak92N09fS2w5a2toVFhJcjAxWjlUREo0YzJPN1hxdWpFVVdQNnM0bHRlY0Nzd2lvakwzMnBZbFA0eTlGRmwtUC1Qc3VQZnlieDVJT3owSE9GWTBtazRYUGpBb2Vmb0w1XzdISWlEQjJwZkItd2hPZEdrOVZ4?oc=5,Plans for 12-story building at 501 Indiana Ave. are on pause    Mirror Indy,True,개발,"permit,land_acquisition",약세,Student Housing,낮음,"인디애나 지역 소규모 학생 주거 개발 계획이 보류된 단일 건물 뉴스로, 규모 및 주요 플랫폼 관련성이 없어 우미글로벌 관련성이 낮음.",False,"인디애나 애비뉴 501번지에 계획된 12층 규모의 건물 개발이 현재 보류 상태에 놓였습니다. 해당 프로젝트는 퍼듀 대학교 인근 학생 주거 시설로 추진되었으나 구체적인 보류 사유는 공개되지 않았습니다. 단일 건물 수준의 소규모 프로젝트로, 500베드 이하의 학생 주거 시설에 해당하며 Core Spaces, Landmark, Greystar 등 주요 플랫폼과의 연관성도 확인되지 않습니다. 개발 보류는 자금 조달 어려움, 인허가 문제, 또는 시장 수요 불확실성 등에 기인할 수 있으나 세부 내용이 부족합니다. 우미글로벌 관점에서 전략적 의미가 낮은 지역 단위 소식으로, 직접적인 투자 또는 개발 의사결정에 영향을 미치지 않는 수준입니다."
d57d2edd84b3,2026-06-16 21:01:44,2026-04-10 07:00:00,Student Housing — Boston College (MA),BC School of Social Work and United Way of Mass Bay host conference on housing stability in childhood education - Boston College,https://news.google.com/rss/articles/CBMiygFBVV95cUxQcmRaUWdXbDA1c3RiNGdiYVpUMkctcFpDWkZKNlh0NmRyeVAycUpISHpHS1JidF9RZEN3OE9WakFnQ2VZRGpMTnpBOVlUd0RHXy03b2pzbzUyYWo5RVk5MDN3UDN5NjBDTGRmR1NXeWZGOUNnVE1LYVpJZzVONjljSElpMHZWRzY5NUl0aWlXVTlTWVBnRDA4YmloOW9wb3UwS0dFajZtSzgwYzh5MmFnQ2JqNzUySEtHcldiTVozY09EZ3M1V1ozN3Nn?oc=5,BC School of Social Work and United Way of Mass Bay host conference on housing stability in childhood education    Boston College,True,시장,policy,중립,Student Housing,낮음,"보스턴 칼리지 사회복지대학원의 주거 안정성 관련 컨퍼런스로, 학생 주거 투자나 시장 데이터와 직접적 관련이 없는 학술·사회 행사 기사임.",False,주거 부동산과 직접적 관련이 없는 기사입니다.
d7b623307956,2026-06-16 21:01:59,2026-04-05 07:00:00,Student Housing — Harvard University (MA),At Least 150 Students Displaced Overnight After Adams House Fire - The Harvard Crimson,https://news.google.com/rss/articles/CBMicEFVX3lxTE5NMHJreExEY084Q0htNFFXQUtQMDBoTHlEb1FpN2VuS2Ric3Jtb21XdnVHNWZQZERTM1NVTTBxNGtXQ2luUTllamlhaTBSRzB5NERQTDc1Yi1qeFYwMU5RZ3hOcmRYWlE4cXNuUHYyX1E?oc=5,At Least 150 Students Displaced Overnight After Adams House Fire    The Harvard Crimson,True,시장,rent_occupancy,중립,Student Housing,낮음,"단일 대학 기숙사 화재로 인한 일시적 학생 이주 사건으로, 부동산 시장이나 투자에 대한 전략적 시사점이 없는 일회성 사건 기사임.",False,주거 부동산과 직접적 관련이 없는 기사입니다.
064102d532f9,2026-06-16 21:03:08,2026-04-30 07:00:00,Student Housing — Binghamton University - State University of New York (NY),Growing impact: Binghamton University generates $1.79 billion for New York state | Newswise - Newswise,https://news.google.com/rss/articles/CBMisgFBVV95cUxQZFloSHJBWHNLVkxkdHZlZmpjZk41QVpnbjY3aDJ1U29BYjVSX1BqaXJIenNHMmk5WmQ4TW5xSmJWUW1NTDd6NTF0d3RIeW9IV0FhSVFyOWtxVFU0Q29YNVd6WEdBUkg1WjF5T3U0ZVZIUG01WjVZWmhIRE5WeEpSVlhQdHF6cnJYWFJqdHJpUmI2VnV1VUh2R0RwN2F5dTh0dWtJZWZIT19kenVoMzYzc1dn0gGyAUFVX3lxTFBkWWhIckFYc0tWTGR0dmVmamNmTjVBWmduNjdoMnVTb0FiNVJfUGppckh6c0cyaTlaZDhNbnFKYlZRbU1MN3o1MXR3dEh5b0hXQWFJUXI5a3FUVTRDb1g1V3pYR0FSSDVaMXlPdTRlVkhQbTVaNVlaaEhETlZ4SlJWWFB0cXpyclhYUmp0cmlSYjZWdXVVSHZHRHA3YXl1OHR1a0llZkhPX2R6dWgzNjNzV2c?oc=5,Growing impact: Binghamton University generates $1.79 billion for New York state | Newswise    Newswise,True,시장,market_data,강세,Student Housing,낮음,"빙엄턴 대학의 지역 경제 기여도 보도로, 학생 주거 개발이나 투자와 직접적 관련이 없는 대학 경제 파급효과 기사임.",False,주거 부동산과 직접적 관련이 없는 기사입니다.
b1c541306ebb,2026-06-16 22:51:08,2026-04-17 07:00:00,Student Housing — University of Alabama (AL),The Cutest Decor Gem in This University of Alabama Dorm Only Cost $10 (and It's a DIY!) - Yahoo,https://news.google.com/rss/articles/CBMirgFBVV95cUxPbkNjMmtOOVZlck5tQkdWblBFallxU1BUd3RzUV82WnRDTHVKcVJFcm5oVXJyMHVHcEFZZ2xCZVJXT3pxRlBjTFFuLXFiOHpYTTJ1WlMtdHdDc1NzalBlbWhEdkM4QTJZVGJsQ0QtZ0F0LXBaeC1ETEtUY2VEWGlpVU1SYUZ5SFZNN3F6Z0ZzeDJYc0pZdWdiS3ZJVjJaaGRPdjktRjMyVlNuVGhFdHc?oc=5,The Cutest Decor Gem in This University of Alabama Dorm Only Cost $10 (and It's a DIY!)    Yahoo,True,시장,,중립,Student Housing,낮음,앨라배마 대학교 기숙사 DIY 인테리어 관련 기사로 부동산 시장이나 투자와 전혀 무관한 라이프스타일 콘텐츠임.,False,주거 부동산과 직접적 관련이 없는 기사입니다.
fcf5157b001b,2026-06-16 22:52:32,2026-04-20 07:00:00,Student Housing — University of California - Davis (CA),Why IEC is exploring student housing conversions - Multifamily Dive,https://news.google.com/rss/articles/CBMimAFBVV95cUxQYmEyMklidjFabmFxZG05WWxncVUxN0RRSXZxSTJjbzRkbGFSTWhBMFVZbzZya0NlM2hrV3VmUTh0cGJ5QXJkMTZiYnZwSHZqcUF3VjF1RFJySjQyUFRpZmI1VS1Dd0JqMXNUSk5tSDRQdElMUmlIemM1b0xsLUd0ZDZRcW0wREFDYkQ3emZyUXlka0ZHRmdzag?oc=5,Why IEC is exploring student housing conversions    Multifamily Dive,True,개발,"construction_start,permit",중립,Student Housing,낮음,"UC Davis 인근 학생 주거 전환을 탐색 중인 IEC 관련 기사로, 소규모 단일 캠퍼스 사례이며 주요 플랫폼 참여나 대형 거래가 없어 우미글로벌 관련성이 낮음.",False,주거 부동산과 직접적 관련이 없는 기사입니다.
11b3d7437cf1,2026-06-17 21:01:14,2026-04-10 07:00:00,Student Housing — University of Florida (FL),Higher housing costs in Gainesville force some students to work more to get by - WUFT,https://news.google.com/rss/articles/CBMitgFBVV95cUxQckh5NXBWS1k0QktOVW9sajJtT21TUmh3Q2RVbUlvWHZFeDlKWXU5dDVEcFJDMmc3em9yRlY3V01nMm9sVllDcS0tVFRnMUkwb1lPWnJjZUtnUy1ZeXdVdUtUQTdqQlBsc3Q4Sm1TbHRvSWIwS3VRb1BYRjBqd3M5cVZPMkhRcFlEVmpURjFrRi1jQWpvNUUyZVU2MmV0aXB1aTBrNm5WbDNqajM0bGlwVkJFVzFlQQ?oc=5,Higher housing costs in Gainesville force some students to work more to get by    WUFT,True,시장,"rent_occupancy,market_data",약세,Student Housing,낮음,"플로리다대학교 게인즈빌 단일 캠퍼스의 학생 주거비 부담에 관한 로컬 기사로, 주요 플랫폼 딜이나 정량적 시장 데이터가 없는 소규모 지역 뉴스에 해당함.",False,주거 부동산과 직접적 관련이 없는 기사입니다.
a6ccd7c6014e,2026-06-17 21:01:21,2026-04-29 07:00:00,Student Housing — University of Kansas (KS),KU students evacuated during storm as historic scholarship hall sustains damage - Kansas City Star,https://news.google.com/rss/articles/CBMifkFVX3lxTE5GdXhrLTdBNzJKWGJNT0dIVm9oQTMtX2N6eUZRVUdwWXp1TEowMFRndDg1UzJGX1FDUkRfZ1FEN1NCb1YwdG5iTWdJaV9HOEtHeTZxaldUYlgwTEhUNWNkUlhDaUJTVmY0VUR3XzB1emNDM2ZPdVBON2VtVFNvZ9IBfkFVX3lxTFB6emNvSDRMVkp1M2c0QXJJcGhyanJFbmVQYWVHZl9abFFUc3FaeWxTS3Q5T3lQcnpaSTZ3Zy10d0VxbVBOcnZmQXRkRG14aktQeVA4dTBOSU0xc1I4c0RpZ0tOdmI0dkd2SXo5X3ZlTDRyX0laRFZhQzI1R1RnQQ?oc=5,KU students evacuated during storm as historic scholarship hall sustains damage    Kansas City Star,True,시장,market_data,약세,Student Housing,낮음,"캔자스대학교 장학생 기숙사 폭풍 피해 기사로, 단일 캠퍼스 내 개별 건물 사고 보도에 불과하여 투자·개발 관점의 전략적 의미가 없음.",False,주거 부동산과 직접적 관련이 없는 기사입니다.
aff9cb9d7bd8,2026-06-17 21:03:01,2026-04-02 07:00:00,Student Housing — Towson University (MD),Douglass House becomes dorm for only freshman honors students for 2026-27 academic year - The Towerlight,https://news.google.com/rss/articles/CBMitAFBVV95cUxPSlVLZTktOXE0Nm9MOGFRZlhIRG11M0hlRXRYSWs3RkJybVBIakV4bEJ5WUg0NmV1NEJaQ21YUVliM29wV1F2YmxuT1pPZGd0cUpaanpicDhETUJKejNlMU5VYnZyMWp1V0FSdWZuUlU4SlRmdnZHalRaSUViQkw4QXBrbDhOX2RfeEo4ZHZ4ZlhwWk0yVFNjN1hxc3FKY0hITDZ0NGpZWVdvYldMMGc3Rk5pU3Q?oc=5,Douglass House becomes dorm for only freshman honors students for 2026-27 academic year    The Towerlight,True,시장,rent_occupancy,중립,Student Housing,낮음,"타운슨 대학교 기숙사 운영 정책 변경으로, 소규모 단일 캠퍼스의 내부 행정 결정에 불과해 우미글로벌 투자 관점에서 유의미한 정보가 없음.",False,주거 부동산과 직접적 관련이 없는 기사입니다.
f32ed7a87905,2026-06-17 21:03:01,2026-04-16 07:00:00,Student Housing — Towson University (MD),Arrest made after self-inflicted shooting in Towson University dorm - thebanner.com,https://news.google.com/rss/articles/CBMiqgFBVV95cUxQSWdBN0FDVUtaSlM1QUM2eXo4QUNZX3NoRXN1UHBOUDBVSHIxUm9yVDdRMHpkb1h0ZklnQ0tuQURDS09XazlDQjVoTllFUDNkN3dPNG1MUnBMMzY0R085YzlWWGNVXzd2emo3VWYyb0U5dzBTbmRuY0x3QUJ4aFZyUUJ3eUFYUXpXQ2ptOVQySVdtQ01KUWVlV1N3dUtaYWN0YjZJdVhqMkJTUQ?oc=5,Arrest made after self-inflicted shooting in Towson University dorm    thebanner.com,True,시장,,중립,Student Housing,낮음,"대학 기숙사 내 총기 사고 관련 기사로, 부동산 시장이나 개발과 무관한 사건 사고 기사임.",False,주거 부동산과 직접적 관련이 없는 기사입니다.
cf26699cdda2,2026-06-17 21:03:30,2026-04-28 07:00:00,Student Housing — University of South Florida (FL),"USF students, victims' families demand answers about off-campus housing: 'Why was no strong action taken?' - FOX 13 Tampa Bay",https://news.google.com/rss/articles/CBMilgFBVV95cUxObVNMbE1tcV9CY1pKVnVfT1hfaU1aNm5IT1ZOM0RtWjhjNDJKMUp1dG1ZQWlKNjhSUFRSWFRLTTBTNUxDMktzZEp6RGYzN3pfRzE2TFp4TWNXQWxqWnlMdU9WR0h4MEtaYjdGc3N1SDBJUEFfNl9sX2ZYWjVJeFlDTTB3NmRqNkozVTNZOXZmLXZ4bkVZSXfSAZsBQVVfeXFMT3YtTU9kY2xTenlOenBpZGJvNE1VMHlXU1BRMXhyRHQ2MlZrYVVJNmxCcGk1T2JDMDRuNTFHbl9pMmtQRW9Pd2RkenU3NG0xR0dZLUdNb1hQWUJFTkRTbEtKVk4ydHhyUGJJeU9aR2VnVGd3aGJvMzlJbjFVZU1nVDUyNk9BR2VrY1l6YnM5dFhPcHozRThzUTZBaGc?oc=5,"USF students, victims' families demand answers about off-campus housing: 'Why was no strong action taken?'    FOX 13 Tampa Bay",True,시장,policy,약세,Student Housing,낮음,"USF 인근 오프캠퍼스 주거 안전 문제에 관한 지역 뉴스로, 주요 플랫폼이나 대규모 거래와 무관한 단일 캠퍼스 이슈임.",False,"플로리다 대학교(USF) 학생 및 피해자 가족들이 오프캠퍼스 주거 안전 문제에 대해 책임을 촉구하는 목소리를 높이고 있습니다. 사건 관련 대응 부재에 대한 질문이 제기되며 학교 측과 관할 당국에 강력한 조치를 요구하고 있습니다. 이는 학생 주거 안전 규제 및 관리 책임에 대한 논의로 이어질 수 있는 사안입니다. 단일 캠퍼스 수준의 지역 이슈로, 주요 플랫폼 운영사나 대규모 거래와는 무관합니다. 우미글로벌의 투자 전략에 직접적인 영향을 미치는 기사는 아닙니다."
972450133b92,2026-06-17 21:04:13,2026-04-29 07:00:00,Student Housing — University of Toledo (OH),U.S. Privatized Student Housing Credit Quality Im - S&P Global,https://news.google.com/rss/articles/CBMiiwJBVV95cUxQcVZEUm9hOFE5ZWJ2QU4zeXhEUmdjNjlVc2ZLVjZSTzZLZFFnWFpWZjVHMm5QUmtNeVJQYUFzenFVb2FjUXgtV2R4b0hmdUY2c19BLTZheEFfRDBVZ3FUT3RPd0lYMnZheG1PUk5BV2JrZHhsR0ZvdkZiUWgxLTFkdC13eER6VnNjbkhmbllQaDBEbGwyenFnbi1XUTBYTlZYbmVNZ0YzVFE3cFhGRnRsdHJoN3V5LVRLWFFFcDl1eDFWNFo0VHFPQi1DVFBBOTRNbTQ4SkYyV0x6bDBjOXN6enIteWtYYXN2dkpWZVhvbE5Ddk9JZlRzVjE3dHlqalBOTEhFQzZNNV9pbUE?oc=5,U.S. Privatized Student Housing Credit Quality Im    S&P Global,True,시장,"market_data,financing",강세,Student Housing,낮음,"단일 캠퍼스(University of Toledo) 민영화 학생주거의 신용등급 관련 소규모 시장 데이터로, 우미글로벌의 전략적 관심 범위 밖의 낮은 관련성 기사임.",False,주거 부동산과 직접적 관련이 없는 기사입니다.
191e22839e1d,2026-06-18 21:01:28,2026-04-13 07:00:00,Student Housing — Florida State University (FL),"FSU project for new housing, dining, parking could cost $374 million - Tallahassee Democrat",https://news.google.com/rss/articles/CBMi3gFBVV95cUxPdUVBQ3VnSXVYdEZhYjdIb1RZWEVjTFkzV3FCOE5oUk1BOTJUNjlrNmtBSGxrTWVOSnJoRFE2VUZLUzhnTWc3ZU5MZjRKd2FsRGdfWmNiVUI2SGZZcFFUTlZmWGlHX2JrX0xuLVJKSEJaU0FEWndaaDZpdURkWm1TVy1wNGNVYnNaZWZpMjEyNFYyQUhBRWx3bURDOU5IWHpIZWVRemhFU2ZBcnhpdzZCQl9CV0ZQZnZWejJkOVAxSUhyWVV4NnBfQ0RHbzhLSW1xbWtheXRMR005ck92dmc?oc=5,"FSU project for new housing, dining, parking could cost $374 million    Tallahassee Democrat",True,개발,"construction_start,permit,financing",강세,Student Housing,높음,FSU의 $374M 규모 학생 주거·식당·주차 복합개발 프로젝트는 $50M 임계치를 크게 초과하는 대규모 Student Housing 개발 사업으로 높음 분류.,False,"플로리다주립대학교(FSU)가 약 3억 7,400만 달러 규모의 신규 학생 주거·식당·주차 복합 프로젝트를 추진한다고 탈라해시 데모크랫이 보도했습니다. 해당 프로젝트는 FSU 캠퍼스 내 주거 인프라 확충을 목표로 하며, 규모면에서 단일 캠퍼스 개발 사업으로는 상당한 수준입니다. 플로리다는 인구 유입과 대학 등록 증가세가 지속되고 있어 학생 주거 수요가 구조적으로 강한 시장입니다. $50M 기준을 대폭 초과하는 대형 Student Housing 개발 사업으로, 기관 투자자 및 개발사들의 관심이 집중될 가능성이 높습니다. 우미글로벌 관점에서는 플로리다 선벨트 시장 내 대규모 주거 개발 트렌드를 모니터링하고, 유사 규모의 복합 주거 개발 기회를 탐색하는 데 참고할 수 있는 사례입니다."
be7876c34da7,2026-06-18 21:01:44,2026-04-13 14:06:18,Student Housing — Bowling Green State University (OH),BGSU will see increased student fees next academic year - BG Falcon Media,https://news.google.com/rss/articles/CBMiowFBVV95cUxPRmljczNpNVJ5NEpPMm9WaW1zd3hraVV5dDRaQURON191TlRTMG0yOXN0ZkJBOW95eDdFcDBldWVFc2dsOXVXX1hHNG5iblRiSjF2WkgyQjBUWFoweEc2QVd0T2ZvZjUyTnB1NlZjZG03WW15NW9mZzhnQjJpRG9lYS1vaWs0R09FWnJFcXZVbVB0alo0NGRJZTFWaktyOVU5N2Zz?oc=5,BGSU will see increased student fees next academic year    BG Falcon Media,True,시장,policy,약세,Student Housing,낮음,"단일 캠퍼스(BGSU)의 학생 수수료 인상 관련 기사로, 500베드 미만의 소규모 단일 캠퍼스 이슈이며 주요 플랫폼 관련 내용이 없어 우미글로벌 관련성이 낮음.",False,주거 부동산과 직접적 관련이 없는 기사입니다.
0a212b50a3cf,2026-06-18 21:03:04,2026-04-29 07:00:00,Student Housing — University of South Florida (FL),"USF petition gains momentum, calls for student housing reform after death of 2 students - WFLA",https://news.google.com/rss/articles/CBMiqwFBVV95cUxNYmFtZlVSSkV5ZnRGVldiX01SVjdnWTdoWEhUY1JIMldLVHlaTnlRV2Vvd2ltTzBubU9VaHU4eFlGcWdYc2dmYkN2SUVoNTh4c0hfZjhWMXBiOW1pNDZ6SnJOSFRtd1YxSlhjMi1oM0dTdGE1LWNkS1lVRHczQXBsU29fN0FVREtpalpEWGxrZ1IwVWJub3ZUTXRnLUkzeFJuS1FhaGZsamV3bTTSAbABQVVfeXFMUDEtWU1CSFRmVG1EN0hqaXZtY3ZvTWZTazNKeFBMRmpwOEQxN1hlYklvY0hibG5KN25BaGJwNGQwYjdfYkx4QWtHc2Y4WkE5YzV1d1o5UWRjekRnRzVub0lTenN0dlZfaXlhaXFZR3c5dndsT3pfSmhmdkRGMVJrb2pRbHR5Z2R1elhPaFdiN3lPaW1wdTZQcDAzUnRSVXNEVWxiYjU3NExjcUNSYVNpS00?oc=5,"USF petition gains momentum, calls for student housing reform after death of 2 students    WFLA",True,시장,policy,약세,Student Housing,낮음,"단일 캠퍼스(USF) 학생 주거 안전 관련 청원 기사로, 소규모 지역 이슈에 해당하며 우미글로벌의 투자 판단에 영향을 미치는 시장 데이터나 주요 플랫폼 거래와 무관하다.",False,주거 부동산과 직접적 관련이 없는 기사입니다.
ca1c8ab20b50,2026-06-19 21:02:44,2026-04-21 07:00:00,Student Housing — San Jose State University (CA),Is struggling hotel a bellwether for downtown San Jose? - San José Spotlight,https://news.google.com/rss/articles/CBMijAFBVV95cUxPUWdQM2F5Zy1faFozMjlVOFZPbFZDOWlLYUlQeEVtQ25HOHBxMkMwWjc3QWZiajA1Tl9RZFFSTnJmX3BpT2ZIaE1uZE1CVzBwcFdPMFdhdDBlZGNPT05DeGRYLWE5MkxYRzZCb281WWs3d24tNGVWZmNaMi1rRGtZV3IwdmNSZHQxYjFWZg?oc=5,Is struggling hotel a bellwether for downtown San Jose?    San José Spotlight,True,시장,"market_data,rent_occupancy",약세,Mixed-use,낮음,"산호세 다운타운 호텔 부진에 관한 지역 시장 동향 기사로, 우미글로벌의 주거 개발 전략과 직접적 연관성이 낮음.",False,주거 부동산과 직접적 관련이 없는 기사입니다.
51bc294bc222,2026-06-19 22:01:47,2026-04-20 18:58:41,Student Housing — Montana State University (MT),Montana State to host campus thrift sale May 9 and 10 - Montana State University,https://news.google.com/rss/articles/CBMikgFBVV95cUxQM0g3OEtNb1FhUmNVT2tLR00za09VVDVENHpHTFg5STVVX1lfSk82aEZOM2s1UHhJc3VpR1FuYWtJbzFlVjZuQnhJRWZoaVZudVc4dXNYelRlcjBNaDlmV3haTERnYnFwMWJqdUlXRzYyRDd5b1loaWE3QVh6clU3UGowZU1nRkQ3YmJLRDlVcG8wUQ?oc=5,Montana State to host campus thrift sale May 9 and 10    Montana State University,True,시장,,중립,Student Housing,낮음,"몬태나주립대학교의 캠퍼스 중고품 판매 행사로, 학생 주거 또는 부동산 시장과 직접적인 관련이 없는 기사입니다.",False,주거 부동산과 직접적 관련이 없는 기사입니다.
182366e4b032,2026-06-20 21:01:04,2026-04-02 07:00:00,Student Housing — University of Alabama (AL),‘Too perfect for this world’: Remembering University of Alabama student Jimmy Gracey - The Crimson White,https://news.google.com/rss/articles/CBMivwFBVV95cUxOM1dlUDMyUFRWaEY4bVh5ZTAtM2o4RUZ4ckFlMFlZazBseURlM0JzdTVmN0dTZmxPQnloM0tIRll2dC1qa2ZBelNKZlZ6RFl0QkF2blpnV0RyNnd4T29hejgyNlp1dXhFSFFGRlM0aklfUmIwbjFxVHBsN0ZDQVpvZGNoOThUbTczTTdZc0pkaTlPaERvWFBBRGZrMm80YUhCRjM0LW1vNlFNdkV5RU1SS3JNUUE5OVE4Sk1yR09ycw?oc=5,‘Too perfect for this world’: Remembering University of Alabama student Jimmy Gracey    The Crimson White,True,시장,,중립,Student Housing,낮음,앨라배마 대학교 학생 추모 기사로 부동산 또는 학생 주거 시장과 직접적인 관련이 없음.,False,주거 부동산과 직접적 관련이 없는 기사입니다.
615576a68a93,2026-06-20 22:03:10,2026-04-29 07:00:00,Student Housing — Emory University (GA),Emory to open IDEAS floor as new themed housing option - The Emory Wheel,https://news.google.com/rss/articles/CBMimgFBVV95cUxPUHV3em12QnhjbkI1MVBGZ19tdWlKUTRDSG1zV3JjZ1o5RFJnRGl1UGhRNkZ6V1JPR2lpeV9CY2NqVno2TjF6amNaOGM4c0J5MDA3eWw0OEpYX2JQdmtpOERqTUpNSGk5bk5SZVBjY1dtYWR4cUZtVjVIbjNXNVVocDFQdnJGNkFZWFpmSmVyd2hNNWZkQ1BialBn?oc=5,Emory to open IDEAS floor as new themed housing option    The Emory Wheel,True,개발,delivery,중립,Student Housing,낮음,"에모리대학교 내 소규모 테마 기숙사 층 개설로, 규모가 매우 작고 주요 플랫폼과 무관한 단순 캠퍼스 내부 주거 옵션 추가 사례임.",False,주거 부동산과 직접적 관련이 없는 기사입니다.
9f285bce8796,2026-06-21 21:01:40,2026-04-08 07:00:00,Student Housing — University of Kentucky (KY),New 784 bed development and community coming to UKY - The Lane Report,https://news.google.com/rss/articles/CBMimgFBVV95cUxOOG01aHZXaFBPcGFvTkFoaWlJRFhJWDZXSWUwaDIzMFlOUEFhbzJJdWdGWlo2dDB0VlRYVkEyMU81b1dHd2ZZZ1FxR0pYcTN0TjEzbnRUUFBBbTREcl9WYVdFMDNDamxLMHdkWDRwaDBrWnMxVmpMOXNRMHRFejRDb25pcEluSmIycUJtQWdENThPcEhEZHZVWDFn?oc=5,New 784 bed development and community coming to UKY    The Lane Report,True,개발,"construction_start,permit",강세,Student Housing,높음,784베드 규모로 500베드 기준을 초과하는 학생주거 개발 프로젝트로 우미글로벌 관련도 높음 기준에 해당.,False,"켄터키 대학교(UKY) 인근에 784베드 규모의 신규 학생주거 개발 프로젝트가 발표되었습니다. 이 프로젝트는 단순 기숙사 시설이 아닌 커뮤니티 조성을 포함한 복합 학생주거 개발로 계획되어 있습니다. 784베드라는 규모는 우미글로벌의 '높음' 분류 기준인 500베드를 상회하며, 학생주거 섹터에서 주목할 만한 공급 증가 신호입니다. 현재 미국 학생주거 시장은 수요 대비 공급 부족이 지속되는 가운데 대형 개발 프로젝트들이 잇따라 발표되고 있는 추세입니다. 우미글로벌 관점에서는 이와 유사한 대형 학생주거 개발 기회를 포착하거나, 파트너십 구조를 통한 학생주거 섹터 진출 가능성을 검토하는 데 참고할 수 있는 사례입니다."
7b8a372c78e4,2026-06-22 21:03:30,2026-04-09 07:00:00,Student Housing — Arizona State University (AZ),Arizona universities quietly altered DEI offerings after Trump threatened funding cuts. They won’t disclose how - Arizona Center for Investigative Reporting,https://news.google.com/rss/articles/CBMirwFBVV95cUxQa3ZfOFJrRkp2WlV3WmQ0WE9lWTJCWlIwODJoZTB1S1VjTHF2d0VXcTc4MURkNjBpa0Jvc0hyNXZTazFLdUMxNGpfc2ZYNHhvVFlMVWFfelNoVlFUNGQyTDlROUtRNlRGQzU2ZmRYSk5QLTNPeGNDeFlBUVQ2M0JWQlFpR1B3aG5taTJXMkhRMUJLNU4tem9vZGNLTDZQS2ZRQk0zVWdEZEl4aVZPcHdN?oc=5,Arizona universities quietly altered DEI offerings after Trump threatened funding cuts. They won’t disclose how    Arizona Center for Investigative Reporting,True,시장,policy,중립,Student Housing,낮음,"트럼프 행정부의 연방 자금 삭감 위협에 따른 애리조나 대학들의 DEI 프로그램 축소는 학생주거 수요에 간접적 영향을 줄 수 있으나, 부동산 투자 관점에서 직접적 관련성이 낮은 정책 기사입니다.",False,주거 부동산과 직접적 관련이 없는 기사입니다.
f5eee465879a,2026-06-23 21:01:05,2026-04-02 07:00:00,Student Housing — University of Alabama (AL),"University of Alabama silently alters or removes gender, race-based programs - The Crimson White",https://news.google.com/rss/articles/CBMitwFBVV95cUxNX09GdG5uTUg1REtROGtoTU52NVozSHNrTHdINmlsQnhvZmYtSnpCc2RTUXAtSWtBX05tU1hnR2h3RjFfak93SWZWRTlJSHY5blNtdWhNSklXMlRNNFRzd0tXejJfLThLYUdmMzUyN19hemFfRUUzX3FZZnVaM3J6dHlIUmpnR2lMMGhHV1ljVksyN0lsYXFma2steTQ3dEFqMUJQdjJyREpvV01fWlBtczFsdnZGWTg?oc=5,"University of Alabama silently alters or removes gender, race-based programs    The Crimson White",True,시장,policy,중립,Student Housing,낮음,"앨라배마 대학교의 DEI 프로그램 변경 관련 기사로, 주거 부동산 또는 학생 주거 시장과 직접적인 관련이 없어 우미글로벌 관점에서 중요도가 낮음.",False,주거 부동산과 직접적 관련이 없는 기사입니다.
b621ea2ca947,2026-06-23 21:03:10,2026-04-06 07:00:00,Student Housing — California State University - Northridge (CA),"Introducing Goodman Hall, a ‘Shrine’ to Education - CSUN Newsroom",https://news.google.com/rss/articles/CBMijAFBVV95cUxNemp3YlBqQ2dPQklzZVRTZHJXcTFNS09naS1fNlhBRHNDRzZVQzdsb1FzamtjdmQ0UVVKMmJySmU2cHpBVDRDUkQ2SndDQndsbU1GcVM5SDBFMnFKY3R6VGptX1ZHZUxBcjl6S0dsX3NibjBvWlpWVWRvZk0yYTZtQVZYa2VrMzRwdVNwdA?oc=5,"Introducing Goodman Hall, a ‘Shrine’ to Education    CSUN Newsroom",True,개발,delivery,강세,Student Housing,낮음,"CSUN 캠퍼스 내 소규모 학생 기숙사 완공 기사로, 500베드 미만·주요 플랫폼 미관여·우미글로벌 전략 시장과 무관하여 관련성이 낮음.",False,주거 부동산과 직접적 관련이 없는 기사입니다.
1510cfae7387,2026-06-23 21:03:12,2026-04-15 11:41:02,Student Housing — Binghamton University - State University of New York (NY),Binghamton and AI: New initiative hopes to advance artificial intelligence for the public good - Binghamton University,https://news.google.com/rss/articles/CBMivgFBVV95cUxPRTF5ZzFoMVgtcTlMREk1eFo3SFNUbWozVE5DTG9zLV9YZGhUcHh3cURSbk51d3g2ZzN6UTZORmJ4V3B6YzV6RHJycDVTbWUwTHhfS2VsYWdPNW9KVXZqWFl4RDlhNXd3NzAzU2tQRzZrZElJak9sNDRSOVlPRkVPMjZyb0RxdGQ4ZmxmX25Yd0x0M1hmUjlWVjBHUmk0T0x6YW01bkxDS1o5OEM3OWp6SXBMTXg4VEtPbE1PbFJn?oc=5,Binghamton and AI: New initiative hopes to advance artificial intelligence for the public good    Binghamton University,True,시장,,중립,Multifamily,낮음,"빙엄턴 대학교의 AI 이니셔티브 관련 기사로, 주거 부동산과 전혀 무관한 내용입니다.",False,주거 부동산과 직접적 관련이 없는 기사입니다.
aa3ba7d948a5,2026-06-23 22:11:03,2026-04-07 07:00:00,Student Housing — College of Charleston (SC),Council of archaeologists opposes building dorms on burial ground - South Carolina Public Radio,https://news.google.com/rss/articles/CBMiwwFBVV95cUxNWUs3WFlWUmZiUTlUdjd2Wm9JdDdlNFEyUjEwNHZTbGJ0eEZtd3JEaEV1UnItZm95Tnpac0pHRzQ5U2VaSnBaTUVRQXZpZ1M4akh5VG8tRmF6UGRvQUZtNmJPU0Z0aXpOLXpNaWZzVHVPRlJyWlpub0FtMEFWMS11WFlYcU9TTXZDSXRZV202NE5CRzBWdHZsQi02aVFzeXV2WE92dEU0XzZTbUVCam4xV1pTeXZCNk9oUjEyOXZhZ3c5Yk0?oc=5,Council of archaeologists opposes building dorms on burial ground    South Carolina Public Radio,True,개발,"permit,construction_start",약세,Student Housing,낮음,"사우스캐롤라이나 찰스턴대학 매장지 위 기숙사 건축에 대한 고고학계 반대 의견으로, 소규모 단일 캠퍼스 이슈이며 우미글로벌 전략과 관련성이 낮음.",False,주거 부동산과 직접적 관련이 없는 기사입니다.
8fd22863ab1e,2026-06-25 21:02:21,2026-04-14 07:00:00,Student Housing — North Carolina State University (NC),Landowners near NC State seek taller building heights for $11M property - The Business Journals,https://news.google.com/rss/articles/CBMirAFBVV95cUxQa3BkZVgyX1FBRVczSTM4NC1qTjVCU05KOGowYUdwZHVHTWVuUVU0QktKaFZ1WTFjcld3TGFXc20zVzN1RjBVR21objZHaERiU183aGd0VTJwVVNaTy1KY1IzRmF3Ry0tbDNaN01fcFJ6NlVqWHI5dEpWZThaREJVUzl3Ui1qRWJHeUdTaWJRV015WUV1T0ZvQnZzdTF3WDNaaURkcE9YNmsxVlJo?oc=5,Landowners near NC State seek taller building heights for $11M property    The Business Journals,True,개발,"permit,land_acquisition",중립,Student Housing,낮음,"NC State 인근 단일 필지($11M)에 대한 건물 높이 제한 완화 요청으로, 규모가 작고 주요 플랫폼 관여 없는 소규모 학생 주거 개발 관련 기사임.",False,주거 부동산과 직접적 관련이 없는 기사입니다.
a4c87bcf3329,2026-06-25 21:02:21,2026-04-21 07:00:00,Student Housing — North Carolina State University (NC),17-year-old suspect accused of rape at NC State University dorm - FOX8 WGHP,https://news.google.com/rss/articles/CBMisAFBVV95cUxQLXVkaTN1SDc1UUw2YU50M1JXbFNiT2RGdHFFdHhuUndlRExkbFRQQ0g4RFQ4amVIUDlfbVdVX0tJMmtsV3NpaDB4NXFYalU2YkFBUE9zNlByTkQzWHJpZWJzTElVMi1mV1dodVJNU0RHenRZX1U1ekNYSU9ldnBTbVJfWlJES1ZXMGF1SkgxSkF6YXRuZ2NienU3VkdhVmVWcDFtcW16T1hlRHExclA1d9IBtgFBVV95cUxPN0R1Y2JvRHpTaEFrcW9sM3hhTEpBQWVDd1FSc1o1bjIyZWhXVUdJXzEwVmx2dUh3NWQ1clVMeXBDVlE5Qm00V3huRzhtRDVvSDB1cGRPV0VYZXRjVzJTNzFRS3kyMDZxdXBHTHZBVmU5bEQtSERpWk5jaTVuNmlsTzN0dG85TF9leWN3TFM3bzVlLXR4ZUFjVmQ2YVdULVNQdGszcl9WMm9aRFE4dVc3bnA3WDZwQQ?oc=5,17-year-old suspect accused of rape at NC State University dorm    FOX8 WGHP,True,시장,,약세,Student Housing,낮음,"NC State 기숙사 내 성범죄 사건으로, 주거 부동산 시장이나 투자와 직접적 관련이 없는 사건 기사입니다.",False,주거 부동산과 직접적 관련이 없는 기사입니다.
0179efb5e1cd,2026-06-25 22:20:01,2026-04-14 07:00:00,Student Housing — Georgia State University (GA),THE GOLDEN OPPORTUNITY - Georgia State University News,https://news.google.com/rss/articles/CBMiY0FVX3lxTE1sbk1RVlhRZ1JJT014T3lwLXlPdTVTTHZDYTlzN05UWG1zc1ZncDhUemVDN0o0QmVCa3Z0NFB0d1hmYkE3bDdWUXhFM3RhOGRoRmlhQl8ybEZaNzlIRHZxamRMQQ?oc=5,THE GOLDEN OPPORTUNITY    Georgia State University News,True,시장,market_data,중립,Student Housing,낮음,조지아주립대학교 관련 기사이나 학생 주거 시장 데이터나 거래 정보가 없는 단순 대학 홍보성 기사로 판단됨.,False,주거 부동산과 직접적 관련이 없는 기사입니다.
367290a711eb,2026-06-27 21:58:49,2026-04-10 07:00:00,Student Housing — University of Maryland (MD),UMD SGA to give funds to Thrive Center for student break housing - The Diamondback,https://news.google.com/rss/articles/CBMibkFVX3lxTE84N1dpZE55WjZRLW1wclhDNHFjeG1feF9TSFFpNmNRMUlLbU44VnFXY3pzUy01b0EyUjdObDR0aTF3OGxjcXpITUtQZ0lpU0hkUG5Da0JSaGtEZDVRcFBsVk9IN2o1OW9LYWZib0h3?oc=5,UMD SGA to give funds to Thrive Center for student break housing    The Diamondback,True,시장,policy,중립,Student Housing,낮음,"단일 대학교 학생 기숙사 관련 소규모 펀딩 기사로, 규모나 플랫폼 측면에서 우미글로벌의 투자 전략과 직접적인 관련성이 낮음.",False,"메릴랜드대학교(UMD) 학생회(SGA)가 방학 기간 중 학생 주거 지원을 위해 Thrive Center에 자금을 지원하기로 결정했습니다. 이 지원은 방학 중 주거지를 필요로 하는 학생들을 위한 임시 주거 프로그램에 활용될 예정입니다. 단일 캠퍼스 내 소규모 학생 복지 성격의 펀딩으로, 기관 투자자 수준의 학생 주거 플랫폼과는 무관한 사안입니다. 주요 수치나 규모에 대한 정보가 제공되지 않아 시장 영향 판단이 어렵습니다. 우미글로벌 관점에서는 투자 전략이나 개발 기회와 직접적인 연관성이 없는 기사입니다."
719a46ece8de,2026-07-06 02:36:12,2026-04-07 14:11:42,Student Housing — University of Tennessee (TN),Opinion: Tennessee’s growth is hurting students - The Daily Beacon,https://news.google.com/rss/articles/CBMikAFBVV95cUxPUmpvMGtucjhXSW1oaG1mT0FfSnZrNGNjdHJURlh5YzNjM3ZFVHNRNVVZZ24wemM1OWFFRmZ5ZTR4aWEzaW80YTViUk9xdzJxTTFfcGJ4aDQxb2hzQjVfc0ZnYzg2NzlkQS1VREJ6MldFc2oyV3BLZkZfWUtwcGhsWDdzZ1g4YkREREJVbG9QamQ?oc=5,Opinion: Tennessee’s growth is hurting students    The Daily Beacon,True,시장,"rent_occupancy,market_data",약세,Student Housing,낮음,"테네시대학교 단일 캠퍼스의 학생 주거 부담에 관한 오피니언 기사로, 주요 플랫폼 관련 없는 소규모 지역 이슈에 해당함.",False,주거 부동산과 직접적 관련이 없는 기사입니다.
42b80cbabc2c,2026-07-06 02:37:54,2026-04-15 07:00:00,Student Housing — Virginia Commonwealth University (VA),Victim identified in St. James Street shooting as Roger Swinson - Richmond Times-Dispatch,https://news.google.com/rss/articles/CBMimgFBVV95cUxNaDN2b3pIaDNReUVKV1JIQXF4RjlTYUktNHNVVGJXX0ZocGFQb0F5d0NJY1ZCVnVHME5xTlhueEREMWpJcUdTYlNoZ2JQWFJhaV9QWktnOFBKUVJLSm1GQ2h1RTlHWFFmS0k1VzE2N1lJS0RZcURjNTVtZDdDekNST2piVVQ0WmpJQUlGZmVkRU8yaVl4QU1ORnFB?oc=5,Victim identified in St. James Street shooting as Roger Swinson    Richmond Times-Dispatch,True,시장,,중립,Multifamily,낮음,해당 기사는 총격 사건 피해자 신원 확인에 관한 내용으로 주거 부동산과 전혀 관련이 없습니다.,False,주거 부동산과 직접적 관련이 없는 기사입니다.
a40ef1f00bde,2026-07-06 03:17:37,2026-04-08 07:00:00,Student Housing — California State University - Sacramento (CA),"Sac State welcomes thousands of future Hornets for Admitted Student Day - California State University, Sacramento",https://news.google.com/rss/articles/CBMicEFVX3lxTFBralFsZTZ3elU4Y2dkYVpETE5SMWtNZHN4MWFUYUJxQU1NWFpMUHJRcE5GVFN2ak16LUlWVGFMLVVJbG50RWJRRXN1S2tyMFNqd1RneVEtYnVTcFNycVVuNi02M2hWdEdnaldPakMzVlQ?oc=5,"Sac State welcomes thousands of future Hornets for Admitted Student Day    California State University, Sacramento",True,시장,market_data,중립,Student Housing,낮음,"캘리포니아 주립대 새크라멘토의 신입생 환영 행사 기사로, 학생 주거 수요와 간접적 관련만 있을 뿐 부동산 시장 데이터나 개발 정보가 없는 일반 대학 홍보성 기사임.",False,주거 부동산과 직접적 관련이 없는 기사입니다.
84cda1198af0,2026-07-06 21:01:11,2026-04-24 07:00:00,Student Housing — James Madison University (VA),"JMU Board of Visitors endorses The Madison Promise, charting a bold course toward 2032 and 2040 - James Madison University",https://news.google.com/rss/articles/CBMiekFVX3lxTE5uRkNhcTNjQ2lEZEUzYl8weEY1NWlndDRqSlZ3cUE2TE80MkFmanRHQlVDREtaRC1FMmNhLVBUM2JXRVRxOGk4eVdweWhKYUgyOHk1ak4tSGlzcjFBenhGc0RaWE9sNDg1VmR5T2FUWWZOZlpGRFJyUllB?oc=5,"JMU Board of Visitors endorses The Madison Promise, charting a bold course toward 2032 and 2040    James Madison University",True,시장,policy,중립,Student Housing,낮음,"JMU 이사회의 2032/2040 전략계획 승인은 단일 캠퍼스 수준의 일반 정책 발표로, 구체적 주거 개발 수치나 자본 이벤트가 없어 우미글로벌 관점의 전략적 의의가 낮다.",False,주거 부동산과 직접적 관련이 없는 기사입니다.
19792a301df3,2026-07-07 21:02:32,2026-04-16 07:00:00,Student Housing — University of California - Davis (CA),20-Year-Old College Student Dies After Being Struck by Car While Biking Near Campus - People.com,https://news.google.com/rss/articles/CBMihAFBVV95cUxOd1NqMmdKTE93RTE0cGpiemViVWFJdE5WekRmRjhfWjhjZzB0QVNoSXNhT3BONG1fbm40YVFEUmRvWS1nbS1uNzdIUDN6WDliZHA2LVM2cG0yMXRDWVRqTDZLZ014UzJZUGFmWGxfR2VRWjE0UXlXUWhBWVo4djVZUTFZQ3Y?oc=5,20-Year-Old College Student Dies After Being Struck by Car While Biking Near Campus    People.com,True,시장,,중립,Student Housing,낮음,주거 부동산과 무관한 교통사고 사망 기사로 우미글로벌의 투자 판단에 영향을 미치지 않는다.,False,주거 부동산과 직접적 관련이 없는 기사입니다.
970a83e9586b,2026-07-07 21:02:38,2026-04-16 07:00:00,Student Housing — Georgia Southern University (GA),1701 Chandler apartments now pre-leasing ahead of fall opening near Georgia Southern - Grice Connect,https://news.google.com/rss/articles/CBMi3AFBVV95cUxPT2ZYVERaUGc1MDd6QVNWMlo3NU5GcGtJT3pibWlIVm83WjlTWjAtMFd4NXkzRmE5ek10d2NYNWxEM2JvV0h5UUdXUm9yV1dtSnRIMTFvS3BpUUdrVEZRbWZ6Ri1fV2ZDY1NkQXhYQWVYNGxOUWdnNG1Wc05aR0dkNlE4ekEtaWRSZV9MMmY1a2VFRmQ0X091TVNoN25peHZJNXFFdERsMEF6TmZKVFJpYWVES04wLVJRQ2dSaV9JTFhjNm01cEM0WmlNVnV2YVJHMjNlU2VsOVlqSS1Z?oc=5,1701 Chandler apartments now pre-leasing ahead of fall opening near Georgia Southern    Grice Connect,True,개발,"delivery,rent_occupancy",강세,Student Housing,낮음,"조지아 서던 대학 인근 소규모 학생 주거 시설의 단순 임대 개시 소식으로, 규모 및 플랫폼 기준 미달로 우미글로벌 관련성 낮음.",False,주거 부동산과 직접적 관련이 없는 기사입니다.
114f20b0d207,2026-07-07 21:03:00,2026-04-30 07:00:00,Student Housing — Montana State University (MT),One man’s trash is another man's treasure at the first annual Bobcat Thrift Sale - msuexponent.com,https://news.google.com/rss/articles/CBMi-AFBVV95cUxPNC1HZUw3NVVXU2tkb3JwM0wxVHpkRHdFajMtdFM2M2FiQ2lVOS1zaTNwUWhjdzA3OEg1bUxzN0xrd2U4M0t1Q1JqV3F5a1NDa1hkVlZhMFY2VnFHLWlaTzRGQ09GbllaWVJyVVZZeGJTT09OMGNSN2pwZGFDOGtOWmNLb3ZKbEVQa3pyUUsxWmRaa1k0TFJJTHZVRHk1NkhSalVicGd1bjhtTi1IenZ3RmRfZ1JGX3I5Qm5jLW1QTWhLNUp5WVU5M0VNeVFFOTRSa0VDSXRsUHFtOTdUMFJPcS03ank5M3VvdUhHZTdZRi1nZWhpN202Zw?oc=5,One man’s trash is another man's treasure at the first annual Bobcat Thrift Sale    msuexponent.com,True,시장,,중립,Student Housing,낮음,"몬태나 주립대학교의 중고물품 판매 행사 기사로, 학생 주거 또는 부동산 시장과 직접적인 관련이 없음.",False,주거 부동산과 직접적 관련이 없는 기사입니다.
f6feb959f7c9,2026-07-07 21:03:50,2026-04-15 07:00:00,Student Housing — Western Michigan University (MI),WMU Alumnus Breaks Ground on 48‑Unit Recovery Housing Development - Western Michigan University,https://news.google.com/rss/articles/CBMie0FVX3lxTE8xUEdjbVRwaG9MVWhEU3BkVXRYT2tVZzFQazk2Y0Q2UmV4TnFtYnBhV1RzcnRnYzRBV2h3VC1CZms2TGdOOXpCRG5PbkRtd0FRYUFqU2trUUxrVGdqRTVQYUgyaFdRcnV5czZhUEd3bjhLX2stRlVLWWxDSQ?oc=5,WMU Alumnus Breaks Ground on 48‑Unit Recovery Housing Development    Western Michigan University,True,개발,construction_start,중립,Affordable Housing,낮음,"48세대 규모의 소형 회복 주택 개발로, 미시간 주 단일 캠퍼스 인근의 틈새 섹터 프로젝트이며 우미글로벌 전략과 직접적 연관성이 낮음.",False,주거 부동산과 직접적 관련이 없는 기사입니다.
84e9d59ed6b2,2026-07-08 22:03:01,2026-04-20 07:00:00,Student Housing — University of New Hampshire (NH),How to Enroll at UNH - University of New Hampshire,https://news.google.com/rss/articles/CBMiWEFVX3lxTE41em9vclRJSkstMldOdjVOZzJqT3RHNTNVaS0wZmpNZlJyNThfZzhsa2E4RUdIV0tZcjc2aWRyTkpybmtVUzJxX2VvMUFGOE1FYTVad1pBT2w?oc=5,How to Enroll at UNH    University of New Hampshire,True,시장,,중립,Student Housing,낮음,"UNH 입학 안내 페이지로, 부동산 개발·거래·시장 데이터와 무관한 일반 대학 정보 기사임.",False,주거 부동산과 직접적 관련이 없는 기사입니다.
9858a82d896a,2026-07-09 22:17:48,2026-04-17 07:00:00,Student Housing — University of California - Davis (CA),IEC plans to make two Davis apartment complexes student housing after $42.8 million purchase - The Business Journals,https://news.google.com/rss/articles/CBMinAFBVV95cUxQenZTTllyNnpYMG55ZmZLeDlsWHBFa0NHcWtfV0l4eXdCdVVnb21NTUQwZzIxMnNfZjMxTlVZektpTnNYeDVoakhic1JtYmNIam1JYTJCYXNLVUx5VjVwa2N1UlQzT194Ujg0bFYwWWVmNThvaUYyN3dPakVKSWZQWHo0MFNDdXZ6MzRsY00wNTM0VF9zZHpmSk5qQ3U?oc=5,IEC plans to make two Davis apartment complexes student housing after $42.8 million purchase    The Business Journals,True,GP·자본흐름,"acquisition,transaction",중립,Student Housing,보통,"UC Davis 인근 아파트 2개 단지를 $42.8M에 매입해 학생 주거로 전환하는 거래로, 주요 플랫폼 참여 없이 $50M 미만의 단일 자산 학생 주거 딜에 해당해 '보통'으로 분류.",False,"IEC(Integrated Equity Capital)가 캘리포니아주 데이비스 소재 아파트 단지 2곳을 총 4,280만 달러에 매입하며 학생 주거 시설로 전환할 계획을 발표했습니다. 매입 대상은 UC Davis 인근에 위치한 두 개 복합 주거 단지로, 향후 학생 전용 임대 주택으로 운영될 예정입니다. 이번 거래는 Core Spaces, Landmark, Greystar 등 주요 학생 주거 플랫폼이 참여하지 않은 단일 자산 딜로, $50M 미만 규모에 해당합니다. UC Davis의 캠퍼스 내 기숙사 공급 부족 문제가 지속되면서 민간 자본이 인근 주거 자산을 학생 전용으로 전환하는 수요가 증가하는 추세를 반영합니다. 우미글로벌 관점에서는 대학 도시 인근 기존 아파트 자산의 학생 주거 전환 전략이 캘리포니아 시장에서 유효한 투자 모델로 부상하고 있음을 시사하나, 직접적인 사업 연관성은 제한적입니다."
aba6a5512c39,2026-07-10 21:03:58,2026-04-23 07:00:00,Student Housing — University of Vermont (VT),"Burlington's City Council Ordinance Committee to talk UVM housing, consumer protections - WCAX",https://news.google.com/rss/articles/CBMivgFBVV95cUxQWFk5QkozM3FXUm5PMHFySTlyUDFVT0lLSEw0RFFUTGE4RHN1MUJyclFLLW9xUUhLaF9ILVBnckNBSTFoUHFQYlNjaVY1VlpWbFdpaENJSXp2REFWakpWOG5JNXhCTXViNHZtVXBEWkp3QWo2TnR5dDFSaGNreHE4emZQNjJFNDE3b1V2bFo2dl9fR2dleFljdkRudXBsLU5fanZSVTZVcXh4V0Q1MFlhQzlHMmVEMDZIbk5xTTdn?oc=5,"Burlington's City Council Ordinance Committee to talk UVM housing, consumer protections    WCAX",True,시장,policy,중립,Student Housing,낮음,"버몬트대학교 인근 단일 캠퍼스 주거 규제 논의로, 소규모 지역 정책 이슈에 해당하여 우미글로벌 전략과의 관련성이 낮음.",False,주거 부동산과 직접적 관련이 없는 기사입니다.
d529f2dcee83,2026-07-11 21:03:03,2026-04-24 07:00:00,Student Housing — Ball State University (IN),The Village revitalization leads to new facilities opening their doors in the fall - ballstatedailynews.com,https://news.google.com/rss/articles/CBMizwFBVV95cUxNTXBsNVFDMTNQMk9MMDA1QzFPQ2UwazdKSFhiOXNCZlQ0S3dRRHVZbmptNHdDX2J3VDNVeDI0bjhOV2VUVXN0aTYzSlRhcGY1dW9kSE9tWkpVazdULTc5YURxRDVBSjhMOU9XU3JnRzBOVjZVYmtuVmRIT0NzM3RocmRGSkpUcXdQaGZUUXBwVl9YMFpzdTdNQ2lPWVNMQjI4N2hHS0JMOHJock1FMk9kZnN2MHItc0xnMUt6VXFTVVBHc3FtYm5qb2dldnUta3c?oc=5,The Village revitalization leads to new facilities opening their doors in the fall    ballstatedailynews.com,True,개발,"delivery,construction_start",강세,Student Housing,낮음,"볼 스테이트 대학교 인근 The Village 재활성화 프로젝트는 소규모 지역 개발 기사로, 주요 플랫폼 참여 없이 500베드 미만으로 추정되어 우미글로벌 관련성이 낮음.",False,주거 부동산과 직접적 관련이 없는 기사입니다.
669ce0932cdb,2026-07-11 21:03:06,2026-04-20 07:00:00,Student Housing — Temple University (PA),"Temple student chased into residence hall lobby, attacked by group of teens - FOX 29 Philadelphia",https://news.google.com/rss/articles/CBMilAFBVV95cUxPUGRFOHdDdWs2d3VRVTFMeTZiQXRlYVRoTDR5eENtVVZTenV3bXBjbG9RNnNXSWtyaXIyWjdpRk1LTUhpUnFSUVE4RTZKNTgwUGpqLWQ4dU13bks3a2RDeWVuYjQyenNTaF9YdlBvZzVIaXNGQzBFREZMM1Z5bnRTY0lDNVVJTFJiZFE5dDJnZTVmYy1Q0gGaAUFVX3lxTE5taGVOdmVWT19meE00Z1N2NUxVUzJfdWFWTThZSXBNUVJ0dGFuMGxFdUlZQ1M2aGJvUV8yRFFMWHhGQVJsc2thYl9Hb1RFUzB0LTRPa3pTUWdFblh0b1dQdkhROXptc0FtRlhodl9vZHlyVl9YWS1HWF9XWVM5UDlQMUZGVEcwQjlWdVdiTjdSSTU0LS1XNDVsakE?oc=5,"Temple student chased into residence hall lobby, attacked by group of teens    FOX 29 Philadelphia",True,시장,,약세,Student Housing,낮음,"템플대학교 기숙사 내 폭력 사건으로, 부동산 투자나 개발과 직접적 관련이 없는 안전 사고 기사임.",False,주거 부동산과 직접적 관련이 없는 기사입니다.
735b352861e6,2026-07-11 21:03:40,2026-04-27 07:00:00,Student Housing — Virginia Commonwealth University (VA),14-year-old girl succumbs to injuries following triple shooting - Richmond Times-Dispatch,https://news.google.com/rss/articles/CBMimgFBVV95cUxQczBmdE9OSlUzaUlJeFB6LWF1eTJvdVVERzhGVzhtNVZZcUJPZmloa3RuLXVNRkV3Tm4xWWhZall3LUJ6SGtKMU1iNGJZeWFqSkpadnlwRGZ5QWpBa1ZETEVWZkZDN0FtNjVOU3NZV3c0ZDRXQk11VTFtOFM2WUpwWF9mbkh3VW9Tak1XRFpjX0VRQTRibjVaREZn?oc=5,14-year-old girl succumbs to injuries following triple shooting    Richmond Times-Dispatch,True,시장,,약세,Multifamily,낮음,"이 기사는 주거 부동산과 무관한 총격 사건 관련 범죄 뉴스로, 우미글로벌의 투자·개발 전략과 직접적인 연관성이 없습니다.",False,주거 부동산과 직접적 관련이 없는 기사입니다.
de4e1339e9d7,2026-07-13 23:30:46,2026-04-24 07:00:00,Student Housing — Appalachian State University (NC),UK student housing platform Housr opens Chicago headquarters - The Business Journals,https://news.google.com/rss/articles/CBMinAFBVV95cUxNRGhvc2FEMHZhQ3hBeEJqR0pGVWkyYXRaREFFRWpjTjJId0NQUzFjVEE5Z1FPa09WdTh0Sm01ckdSWG41T3BOX2NuTmlvNGxlRkU0ZHlocXp4M0ZiSzFQRVJEalBtQjJfUXdBQ3lDd2FNdVBLNWNaaVl1MF9rc1M4MFhPLW5DZllDeWpISFVJb2VMS3lkN25fYkxyWTA?oc=5,UK student housing platform Housr opens Chicago headquarters    The Business Journals,True,시장,market_data,중립,Student Housing,낮음,"영국 학생 기숙사 플랫폼 Housr의 시카고 사무소 개설은 소규모 플랫폼의 미국 진출 소식으로, 500베드 이상 대형 딜이나 주요 플랫폼 참여가 없어 우미글로벌 관련성이 낮음.",False,"영국 기반 학생 주거 플랫폼 Housr가 미국 시장 진출을 위해 시카고에 본부를 개설했습니다. 구체적인 개발 규모나 투자 금액은 공개되지 않았으며, 미국 학생 주거 시장 진출을 위한 거점 마련 차원의 움직임으로 보입니다. Core Spaces, Landmark, Greystar 등 주요 플랫폼이 아닌 해외 중소 플랫폼의 미국 시장 탐색 단계로 평가됩니다. 우미글로벌 관점에서는 직접적인 전략적 의미가 크지 않으며, 글로벌 플랫폼들의 미국 학생 주거 시장 관심 증가 추세를 간접적으로 확인하는 정도의 정보입니다."
b40eeb29d55e,2026-07-13 23:31:51,2026-04-22 07:00:00,Student Housing — Montana State University (MT),New ‘Zero Waste’ report at Montana State highlights campus sustainability initiatives - Montana State University,https://news.google.com/rss/articles/CBMiugFBVV95cUxPSm0xSmlnUXRaQ19QRlhDUWNJMllQWW1qSkhGNDlHb2pqZGdHTjFuM3JWdnRyTklRVEtCVlhTVGZyazIxSi1jeEE4RGNoLXFUXzhxcEdvVGVJRlJTQUhpbWtFYURYZ0tOM2VoRlJoMXhEQWdmeGZfcmNNZmtjV1pPekNyRmlrNlVZbXpURmhoM2tDSjR2NXBSU3lvN1Z1ZHNqRDJzVm84MElkd04wd1g2NF9WSDQ3ZXlCOGc?oc=5,New ‘Zero Waste’ report at Montana State highlights campus sustainability initiatives    Montana State University,True,시장,market_data,중립,Student Housing,낮음,"몬태나주립대의 캠퍼스 지속가능성 보고서로, 주거 부동산 또는 학생 주거 시장과 직접적 관련이 없는 기사입니다.",False,주거 부동산과 직접적 관련이 없는 기사입니다.
b5e548d9b1c0,2026-07-14 21:01:03,2026-04-17 07:00:00,Student Housing — University of California - Los Angeles (CA),IPA Closes Sale of Student Housing Axiom Westwood Adjacent to UCLA - Yield PRO,https://news.google.com/rss/articles/CBMiV0FVX3lxTE1vRVZHeWhOSUhQR0FteWJjTEVYZlhjT2FQRmx3WFZ1bjNyNTRDYlV5OTlzRDZlalpZNEJyZXZqaG53OWFIR0xjeTBNcUpXb1FGaFFxMS1ONA?oc=5,IPA Closes Sale of Student Housing Axiom Westwood Adjacent to UCLA    Yield PRO,True,GP·자본흐름,"transaction,acquisition",중립,Student Housing,보통,"UCLA 인접 학생 주거시설 단일 자산 매각 거래로, 주요 플랫폼 참여나 $50M 이상 규모 확인이 없어 '보통' 수준의 관련성을 가진다.",False,"IPA(Institutional Property Advisors)가 UCLA 인근에 위치한 학생 주거시설 'Axiom Westwood'의 매각을 완료했습니다. 해당 자산은 캘리포니아 로스앤젤레스 웨스트우드 지역에 위치하며 UCLA 캠퍼스와 인접해 있습니다. 기사에서 구체적인 거래 금액, 유닛 수 및 매수자 정보는 확인되지 않았습니다. 학생 주거 섹터는 공실률이 낮고 수요가 안정적이나, 본 거래는 단일 자산 규모로 주요 플랫폼 거래로 보기 어렵습니다. 우미글로벌 입장에서는 LA 지역 학생 주거 자산의 거래 동향을 파악하는 참고 자료로 활용할 수 있으나, 직접적인 전략적 시사점은 제한적입니다."
872e48030ba7,2026-07-15 21:03:32,2026-04-27 07:00:00,Student Housing — Washington State University (WA),Playground upgrades bringing smiles to little Cougs - WSU Insider,https://news.google.com/rss/articles/CBMikwFBVV95cUxPWl9neHc0d1g2YjRyYk11cDdmclA4eTFTczdZMmxQR2FjZ2RsRktZcEE3NXhWU0h4VXBuZDhrTGpkczhoVEl3a2hnYTAzT24wYUFzeGtGS2FJdEVzVGc4QnRDSlhSVndrR1pvMEZWS3pCVkJLalJ6UDJLQXhKMkVaTVppdndJSmpESUt2Q1JneEJ5cTg?oc=5,Playground upgrades bringing smiles to little Cougs    WSU Insider,True,개발,construction_start,중립,Student Housing,낮음,"WSU 캠퍼스 내 놀이터 개보수 관련 기사로, 학생 주거와 직접적 관련이 없으며 우미글로벌 투자 관점에서 유의미한 정보가 없음.",False,주거 부동산과 직접적 관련이 없는 기사입니다.
e117e9329352,2026-07-17 00:26:57,2026-04-21 07:00:00,Student Housing — Auburn University (AL),Developers break ground on downtown Auburn student housing project - Opelika Observer,https://news.google.com/rss/articles/CBMiqgFBVV95cUxNcHR1WjhzY3lnY2VncjBrY1lUeTFlYjMzcnpjQUJ1bkR3TVBMMy01NTlOUFhRUEZqc2lLZkk0YThYOW9ENnVjLXFwOGpwODFVVGVIc09QVy0zc0xGN01MY0J5UGhxWklhQmdmRGVzTmhOZmRTZDNfMG5Dc2kxSEZLRnBkMzhBMXRiSFpNMWpFdmR6SnRfSzZRX05acmExNFVJdm92TEhGaW44Zw?oc=5,Developers break ground on downtown Auburn student housing project    Opelika Observer,True,개발,construction_start,강세,Student Housing,보통,"Auburn University 인근 학생 주거 착공 소식이나, 규모(beds 수)와 주요 플랫폼 참여 여부가 확인되지 않아 '보통'으로 분류됩니다.",False,"앨라배마주 오번 대학교 인근 다운타운에서 학생 주거 프로젝트 착공식이 진행되었습니다. 구체적인 침실(beds) 수 및 총 사업 규모는 기사에서 확인되지 않았습니다. 오번 대학교는 성장하는 SEC 소속 대규모 주립대로, 학생 주거 수요가 꾸준히 높은 지역입니다. 그러나 Core Spaces, Landmark, Greystar 등 주요 학생 주거 플랫폼의 참여 여부나 500 beds 이상 여부가 불확실하여 전략적 우선순위는 중간 수준입니다. 우미글로벌 입장에서는 학생 주거 섹터 동향 모니터링 차원에서 참고할 수 있으나, 직접적인 전략적 함의는 제한적입니다."
e69111aab312,2026-07-17 00:28:02,2026-04-21 07:00:00,Student Housing — Towson University (MD),Towson University students on edge after reports of men peeping into apartment windows - WBFF,https://news.google.com/rss/articles/CBMiqwFBVV95cUxQWEdacTdmLXl2LUE0Sl8wQkhIc2N6b0VFUzFuVVZWRWp0bVNZNjE4VndsejBCYUJ2UUJ6TFlGTTQ1a0o1RjFZd3R1d1dYVGNpYjZSeXFmNlBmVWc0UkRXdUVXRnZaX1lncFlSMVpTZkFZa2djVzlDWkdWaG0xOUVIdUY1TU9fdTlnWkRYTlJQdHB6TDFHMlZTdWRiVHNxWkl3ajhGdHI2a2VvTk0?oc=5,Towson University students on edge after reports of men peeping into apartment windows    WBFF,True,시장,rent_occupancy,약세,Student Housing,낮음,메릴랜드주 타우슨대학교 인근 아파트에서 발생한 창문 훔쳐보기 사건은 주거 부동산 시장과 직접적 관련이 없는 지역 사건 기사입니다.,False,주거 부동산과 직접적 관련이 없는 기사입니다.
90d0ac7c50d4,2026-07-18 21:02:05,2026-04-21 07:00:00,Student Housing — University of Texas at Austin (TX),Michael and Susan Dell Surpass $1 Billion in Giving to UT Austin - UT News,https://news.google.com/rss/articles/CBMioAFBVV95cUxQWTVXeV9FdTA5SjVIRzdkc2RwcWxWZjhlX0d1bFU0ZjFTN0NOdUo1Y2w5YkM0V2F5Q0V4ZnRKTmNfVVBxVVVFQ3QzR1hEWF9FNS1DVGNpMk9ZaXFwRGNSVjdtSlV0ZDNNNUtUVHhFOVUtbm8tdXF6STVHTGU1N0Y2X0R4aVZyT25QdWhlMnhjMUdCdlh5UHc3VUU5Qy1ieDZa?oc=5,Michael and Susan Dell Surpass $1 Billion in Giving to UT Austin    UT News,True,시장,financing,중립,Student Housing,낮음,"이 기사는 UT 오스틴에 대한 자선 기부 관련 내용으로, 학생 주거 부동산 시장과 직접적인 연관이 없어 우미글로벌 관점에서 관련성이 낮음.",False,주거 부동산과 직접적 관련이 없는 기사입니다.
06bf6c5b613e,2026-07-21 21:01:08,2026-04-27 07:00:00,Student Housing — Stony Brook University (NY),Stony Brook University Student Arrested For Allegedly Selling Drugs On Campus - News12 | Long Island,https://news.google.com/rss/articles/CBMi2AFBVV95cUxQcW00SE5qSXV2Z3NqTW94ZmlBdG9uUmVteFBVVFZtdldqV0ZoNDVOZUR5aHdSeXdnQzB1TmVUTVM4LWNyakRJcXF3RGlhdnlBTjRVSE56OTVRNjFKR0tRcmVsMlZsTGlJWVVCLWxfb2tvNUgxX0hVQ1ZOTXp5cTZFbnpNT2pNLWVqSlVSVEhXMl84ejdqaUd2Qzd6QkxWLUtndTc3OW5qOW9rWTRBMUxOUS1YM1c1aUJETEZ2OVdQcnFwMWo5dkJ5cDlEZWJWeTdEZ2dtbVI5UkY?oc=5,Stony Brook University Student Arrested For Allegedly Selling Drugs On Campus    News12 | Long Island,True,시장,,중립,Student Housing,낮음,학생 마약 관련 사건 기사로 부동산 시장과 무관하며 우미글로벌 투자 전략과 직접적 연관이 없음.,False,주거 부동산과 직접적 관련이 없는 기사입니다.
c8441fc5bb56,2026-07-21 21:01:30,2026-04-23 15:59:59,Student Housing — University of Texas at Austin (TX),Flexible and Grounded - LuMin Austin | Church Property Resource Hub - Evangelical Lutheran Church in America (ELCA),https://news.google.com/rss/articles/CBMiwgFBVV95cUxQOHE5V2RiaTR0SGdwSW92THNZYk1FOXNBYWUyblltcmNCTFR5WG0xMkJwekV3am0wOUo1RmFKaWdFVWstajUwN0hnSTkyX0F1ZVpFQy01Snd4Wm1HQ3dIMlJHY3RuZmV5dXJQMzJGQTZKdV9JLXdoUW1xSG45NjhmYzRLa21rSHJGNVNEbkZTUktfZEljT2VUSHJOelBMZUZxS2lqYkZOdm1BWHE4aVAwdWQ2YXprWjlqckJYX0dpVDdaUQ?oc=5,Flexible and Grounded - LuMin Austin | Church Property Resource Hub    Evangelical Lutheran Church in America (ELCA),True,시장,market_data,중립,Student Housing,낮음,"텍사스 대학교 오스틴 인근 교회 부동산 관련 기사로, 학생 주거와의 연관성이 불분명하며 주요 플랫폼이나 대규모 거래를 포함하지 않아 우미글로벌 관련성이 낮음.",False,주거 부동산과 직접적 관련이 없는 기사입니다.
7ce7223c038e,2026-07-24 21:03:35,2026-04-30 07:00:00,Student Housing — Western Michigan University (MI),Ready to serve: Grad Molly Cochran prepares for duty in Army Nurse Corps - Western Michigan University,https://news.google.com/rss/articles/CBMihgFBVV95cUxQM1lmNWV2aF9ENW00RkgtNFZZMHNvRzY1bXIwbTlIREdLNHBSVFp3NVBjX2xDQ0pteVBHeDRCMFBSVDZPY1kzUm5XaE5kem1yVXBJREtvdXFLRGFUVDRyb2JBUGppbDhXZk8yNExRdXhaUFlFZnhwS2IyTGFOazRGVWx4UjVLdw?oc=5,Ready to serve: Grad Molly Cochran prepares for duty in Army Nurse Corps    Western Michigan University,True,시장,,중립,Multifamily,낮음,"이 기사는 육군 간호 장교로 임관하는 졸업생 개인 스토리로, 주거 부동산과 전혀 무관합니다.",False,주거 부동산과 직접적 관련이 없는 기사입니다.
5042df088d82,2026-07-24 21:59:41,2026-04-27 07:00:00,Student Housing — University of Maryland (MD),College Park must protect students from exploitation in off-campus housing market - The Diamondback,https://news.google.com/rss/articles/CBMiggFBVV95cUxNdW9LNG1VeE5pbmVhRF9SS0tvOWNJU2txdUE0dXUzOEljUnFJWURqMWdVdi1sS1RGX3IwT05uS2g4UEYtUVlyakFLb0NkRXV4TWhwZGFvdWN6SVVYRHp1SzRfQWk2VDl6bEU4anhfQ3lfREVmdzJneHUwSkRSUjIzQlRB?oc=5,College Park must protect students from exploitation in off-campus housing market    The Diamondback,True,시장,"policy,rent_occupancy",약세,Student Housing,낮음,"메릴랜드대학교 인근 단일 캠퍼스의 학생 임차인 보호 관련 지역 정책 논평 기사로, 우미글로벌의 투자 전략과 직접적 관련성이 낮음.",False,주거 부동산과 직접적 관련이 없는 기사입니다.
abe3100865b9,2026-07-26 21:01:50,2026-04-30 07:00:00,Student Housing — New York University (NY),Life above the UC: A comprehensive guide to The New School’s Kerrey Hall residence - The New School Free Press,https://news.google.com/rss/articles/CBMihAFBVV95cUxPV3N5MDZjbnd1Y1ZiQ3Z2QVJtWl9tckowTVViUjZXTUh0RnE5RVpPc2dHcTB5QlY3d2tfTG9HUTgxTjN5VFFKVmp1WW9zZ2o4RWk3X2Z1QVhESW14NzNHRm9xQm53Y0ZoWnY1dHY4SWVwb2d4TkNSckM1bTdTZzFBenJzSXQ?oc=5,Life above the UC: A comprehensive guide to The New School’s Kerrey Hall residence    The New School Free Press,True,시장,rent_occupancy,중립,Student Housing,낮음,"뉴스쿨 케리 홀 기숙사에 대한 단일 캠퍼스 생활 안내 기사로, 규모나 플랫폼 기준을 충족하지 못해 우미글로벌 관련성이 낮음.",False,주거 부동산과 직접적 관련이 없는 기사입니다.
06151d4a5c0b,2026-09-04 13:02:34,2026-04-16 07:00:00,Player — Ascentris,Toro JV Breaks Ground on Phase 2 of Atlanta Mixed-Use Development - Multifamily Housing News,https://news.google.com/rss/articles/CBMisAFBVV95cUxOU0ZMS1JSSHMwUDVrdENvZ1ZaaGJoRWQ1aDNnZzd4ZDdxRXBjeTExdDZYWXlsbHhLR201TUR0LVhBTzQ0LXJGN1pJMzNRenVvNXdUc0c5emtYbjd3UzNlZzhzelJFVFNheEVBa2xXTlVLZWNuWTMzZTNBYnE0NWNjMkRQdldocFowbWFRT3Z5bnRxOEZ0aEk2X2pZS1pxMmFXd3FUQ1o4cng0b0hPbjZHMA?oc=5,Toro JV Breaks Ground on Phase 2 of Atlanta Mixed-Use Development    Multifamily Housing News,False,,,,Student Housing,,,False,
6bd1df129866,2026-09-04 13:02:34,2026-04-01 07:00:00,Player — Ascentris,South Florida’s top deals: Cofe Properties pays $63M for Doral office building - therealdeal.com,https://news.google.com/rss/articles/CBMioAFBVV95cUxNZDlfbVMzcE5lN0ZtN3FsQ0RuN0FOQ2xZc3dhX09ndi1hLWc4WWdGOFZmcThFUGU0T0xjQ1p2dWotSWIyWUhJQlNWamwwVHBpQ1pRT0lrbmxMWHlhRTFXSEFpdS1hTHlHMDYxYUdBQWdlV1JNb3VsNVU4VTJYYWpOOXA1U2dnT2lsYTBIZDcwVjNub05WMlFuSTlUUVI5RWpw?oc=5,South Florida’s top deals: Cofe Properties pays $63M for Doral office building    therealdeal.com,False,,,,Student Housing,,,False,
87a86d515a1c,2026-09-04 13:02:38,2026-04-29 07:00:00,Player — Landmark Properties,Landmark Properties To Invest in Prince Bishops Place - Landmark Properties,https://news.google.com/rss/articles/CBMigwJBVV95cUxOVTBla0JyYnZ6TGVrbURxY09Cb09DaENUT3c3RWdvNVd2OUhKYlNWRUVuZmttUzRIMnJ1U1FINmg1Q2QxQTFORUhDRGkycDc5bExISE0wUHhwb1ktbHpuN0lPTU5tR2lmbXpZaDBsMGwwOUlOS2FsSURXMUdURjV2Y0VQanBCdW8zTHJKd1g5bUptc1FDblJGTFpsVm1mQ29TTFlzdHFvdC0xSldnalJxaGFxUUszUkUwbU9qSDM1TmZkWWJCYjJfRkdYQnI3UDg2WjJaaGpfNDFSQ01SQy1zTnFOanBjZnlhQ3JjSUg3dmJNdU5QczUzQ211OWd3ZHVPZEJz?oc=5,Landmark Properties To Invest in Prince Bishops Place    Landmark Properties,False,,,,Student Housing,,,False,
a8f69fcf70c3,2026-09-04 13:02:38,2026-04-21 07:00:00,Player — Landmark Properties,Landmark Properties Closes $300M Student Housing Fund - Yield PRO,https://news.google.com/rss/articles/CBMiW0FVX3lxTE43LVJ4VkZaTGxyVlhQRVYtX251X29Bcmx4WURPdVpvYjFuajJtVWlYVHRMckFWQUlwWjNTeF9RaFVWVVRUelJ3VjBXX0Nmb2VBUmY0bDlFWWh4dE0?oc=5,Landmark Properties Closes $300M Student Housing Fund    Yield PRO,False,,,,Student Housing,,,False,
56268ec272a4,2026-09-04 13:02:42,2026-04-21 07:00:00,Player — The Preiss Company,Raleigh exec handles $4.5 billion student housing portfolio - The Business Journals,https://news.google.com/rss/articles/CBMipwFBVV95cUxOREpkdThkV2JIRG9qRWNKMm9tT3lBdl9fNzE4Y2g5dkVwR0tNb2gtVDE2Qlo2WG9XYk5rNGxDUjYxeTNRdXNQWGo0dU9ZR0JIQ1QyZHNqcGlOczZFcXBZVHA0OS1lRW5BREVkR3REQ0Q2MkYxeUtHa2ZNZVB0SUxtMmxOcXlKYVlzeUwxS3hDdVN6NWQ0NUtKNWtqeTY0dUpSb20zWnYyRQ?oc=5,Raleigh exec handles $4.5 billion student housing portfolio    The Business Journals,False,,,,Student Housing,,,False,
10bb1caa667e,2026-09-04 13:02:47,2026-04-13 07:00:00,Player — Campus Apartments,Campus Apartments looks to raise up to $400M for new real estate fund - The Business Journals,https://news.google.com/rss/articles/CBMisAFBVV95cUxQQkRzWnBlT1NiQTJaYU5NREQzVVo2M3FiVTFWRWpicE5ERHlCRHdCZUtQVXo3dHVYNWRvNGhtaE4yLWFiYXp5cDZDdGs5WFViYTlwUWdUelJDbEQ3TnMwLWpBcnVlUXBUVDNEcWZHVGplUWdOaWZodElPQVpuTG04UnN6dVVJaDg5VGQyd0lIN2hOZXJhX1dta0twcFgxaHpWMzJZaHR6T2pPdUswc0JuUg?oc=5,Campus Apartments looks to raise up to $400M for new real estate fund    The Business Journals,False,,,,Student Housing,,,False,
e0c25b87bd77,2026-09-04 13:02:47,2026-04-15 07:00:00,Player — Campus Apartments,Campus Apartments Secures $400M Fund from Philadelphia Investors - Global Student Living,https://news.google.com/rss/articles/CBMingFBVV95cUxQdWtIVkFoMFVzalFVSTJMR09MZ0xxZTR3ZUlHZ1FEYXYwQmlPYk5iQkJRQlJfdlhaeVZuR01fR3ZmMEp5czNlRUY5Y212aG1LZUZUT2VGNWJFSE5WUVA2UzFDVU5qYnBDVWJxQlQ3dlYxbXFMZ3pwbEZ0WExDTFZrUTREa2lfTVJKMGdiS3NVWEh4N1VhQVNPRldYcWNuZw?oc=5,Campus Apartments Secures $400M Fund from Philadelphia Investors    Global Student Living,False,,,,Student Housing,,,False,
c13820e958d7,2026-09-04 13:02:47,2026-04-30 07:00:00,Player — Campus Apartments,Petition for off campus housing safety after double murder - Spectrum Bay News 9,https://news.google.com/rss/articles/CBMijAFBVV95cUxQcWxZeHBfZ09yWEJHbE54bjhiUm9yTDJPZUhDTjdQY0ZtblJpN1lVeDU0bmF4a1dSOEF6RF9CZjFWRVhKUWNxejNkWXZsc09QLVRkSXBxR3V2bXFBbHh1M2w0NnNYT2FmUC02bjg0djhMWXViQ29DM0JYeEJPU0dlSGFYS1RzRDRvSU9lSg?oc=5,Petition for off campus housing safety after double murder    Spectrum Bay News 9,False,,,,Student Housing,,,False,
35d7da8a9a06,2026-09-04 13:02:47,2026-04-09 07:00:00,Player — Campus Apartments,"FSU class of 2030, here's what you need to know about housing - FSView & Florida Flambeau",https://news.google.com/rss/articles/CBMivwFBVV95cUxNTGItcThDLURIZkpXSE5LOEdJY1FKbk5pel9FZjlfLW1pay1oeFpkVGdLOUd6NVB1QWhXUnpBVy1abU13ejFySWxNNlVMendzUm1sNFdFQUxVTDNWOFFiTU9HUGZCNzU3aTZWNlB6dFg3T3ZKV3FScnAtRW50WndZVzlTa01uSm1jSGVMTW1Oa1M1d3NEeHo3NU9pa1RkWGZVcVUzOENUUFcxQV9pSmY0N1p3ZktOcVRsOUt0Zi1scw?oc=5,"FSU class of 2030, here's what you need to know about housing    FSView & Florida Flambeau",False,,,,Student Housing,,,False,
2bc5fede6ea6,2026-09-04 13:02:51,2026-04-02 07:00:00,Player — Subtext,Building from the Resident Up: How Subtext and its 10-Second Rule is Redefining the Student Housing Experience - Global Student Living,https://news.google.com/rss/articles/CBMi2wFBVV95cUxNbmtaeTdEeUZ6NFA4eFRkWmFzSU8tVUpfNkJaTlNfZDRvT2VWYndUR0RPOU1BdHhKOVlfSmVWUV9Kei1objdHOEZtamFteHo2M0FBZmtZWTVkMU5tdWZjS1IzNFJGeXowQmY4Q1hYdk9Pb0tsMy1sZXNXX1ZSY1dRRVN4Ri0yelA5RnZfZGQ5Z0VjSzRNME12V3F4NS1HS25ubWhlRG9ucG1lV0xEVlAxUWxkLXlzYVYzU1NwaUtLSXlsOTZRU0VTbVdzQWtFV3N5azZTUHI2c214eUU?oc=5,Building from the Resident Up: How Subtext and its 10-Second Rule is Redefining the Student Housing Experience    Global Student Living,False,,,,Student Housing,,,False,
2b7c8db2c226,2026-09-04 13:02:51,2026-04-10 07:00:00,Player — Subtext,Subtext JV Plans 784-Bed Student Housing Project in Kentucky - Global Student Living,https://news.google.com/rss/articles/CBMimgFBVV95cUxOeWdWc3BzT25ERG92dlpVOUJla3BhcU9WWW9CeEhyUHNYTVhqWEVJUGhlNE9TbG1NRkxiVmlHRU16VEVwLVVCZUljcGJKdDFyZExEalFJNlU5MnZuaUFjNTBoN3otN0xMVE03UE90Unp2ZlhTaGZwRTQzMGl6Vm5odnlEa2otaDNvLWxER2VZbE9rQ3lWLXNyQ0tB?oc=5,Subtext JV Plans 784-Bed Student Housing Project in Kentucky    Global Student Living,False,,,,Student Housing,,,False,
4236b803fd2c,2026-09-04 13:02:52,2026-04-22 14:05:10,Player — LV Collective,LV Collective closes student housing community in College Station - REJournals,https://news.google.com/rss/articles/CBMikwFBVV95cUxNMEJ6c3lESkdYdXgxWk9aNmFyVmUtWTM2cFFlWlJzZHFqMnhIZS1jR0phajlNd2VNTl94OFZTejlIWjNqQ0J1TTVVcVo3TW5fQ1hFUFpBb3JXc3Zubm9mR1VPUmUwYXRJWmpCQkVscFRDYVZhTE9ZUDByVkF3blU0ZVJxOTJkcXNuU1B6Z0ZLOC1tSXc?oc=5,LV Collective closes student housing community in College Station    REJournals,False,,,,Student Housing,,,False,
520c423c9893,2026-09-04 13:02:52,2026-04-24 07:00:00,Player — LV Collective,Construction Underway Of Rambler Northgate Student Housing Development - WTAW,https://news.google.com/rss/articles/CBMikgFBVV95cUxOY2txbURlUGYxM254TFdoZUthdUROUGVsTjFtMDFXWE94c19aZkJXNXgxOVdpQnBhZjZzQXJabWZjckZqbW1SdWNjekY3NGQtc3lsTWJidld0QVVMM3NHSkJJR3pJUlRoVGo0NWZ4UjJRaDlaSTNxVkFIMUFkZXBRVjNHZmRIa1l1dGRBeU9ZQjhpdw?oc=5,Construction Underway Of Rambler Northgate Student Housing Development    WTAW,False,,,,Student Housing,,,False,
dc959fc7b32b,2026-09-04 13:02:52,2026-04-09 07:00:00,Player — LV Collective,"‘We’re tired of it’ — amid luxury student housing surge, city residents feel overlooked - cavalierdaily.com",https://news.google.com/rss/articles/CBMixgFBVV95cUxPRUlIZ0YzZXF4bWdQMl9XOTkzUjNMRWlyakF4N0dUZFVGMWM3RzNIWHJlLTBkZ2NEcUZpQm9yVGhwM3dlb0phdUtzX216d1dON0QzR1RDTGlZZXRuLWdaeHBnbVIxZVZmc0VBTXowU1ItQ1o1VWpiNUxGb3hiQkowb3VfT29xX2p6dDBpdjlYeUtNRDRmUm5qbzN3RXN3MEVOTnZYODBVcm95dkJaYlNJY1J2SWFjUjhWMEg2OFpIQlpLQjdqeEE?oc=5,"‘We’re tired of it’ — amid luxury student housing surge, city residents feel overlooked    cavalierdaily.com",False,,,,Student Housing,,,False,
5e2d6cf895d3,2026-09-04 13:02:52,2026-04-02 20:37:17,Player — LV Collective,Austin’s LV Collective names president and chief investment officer - REJournals,https://news.google.com/rss/articles/CBMilgFBVV95cUxOQU9naVh1elJpOTBMcGd1Qmp5M0RHNjBndDY0XzJWZkFRa21WYnBpaXNmNHBxenRTNUZ4Z3ZPY3Y0NWFpaVJaUDh6Zk9tZ0hHOWVUU2xnaEZ6SkZUZVc4d1I5SGxYM00yTlowVkxPV0gwTTV3QmlwS2tkQzZGeVR0ZEZiTF96WGp3dHgxLVZqRnliQ2w0TVE?oc=5,Austin’s LV Collective names president and chief investment officer    REJournals,False,,,,Student Housing,,,False,
040eed02bf9d,2026-09-04 13:02:57,2026-04-21 07:00:00,Player — Greystar,Greystar expands in Spain with the acquisition of two student housing assets - Leaders League,https://news.google.com/rss/articles/CBMitAFBVV95cUxOeHpoMFg0TUpoYXBZTTVSVnJzSHp2NkhfV3FqYThZSEpLTzBicWJmS3kyb254MGFtR3dMTmZRai0zLTh4cUVfY1k0dHpEeDIzVDY4Ykt4SUZrTXJhZlctZ3lLR1NkbVNaRUZjc1dhQUxJYl9fNDR1RjZkdXJCQkpReVNEbERidFBnUDREVVAxRlR5UnVScUdVenkyUWdaTGFWbXBWc3BaX09RWl8tYzJfT2trWHE?oc=5,Greystar expands in Spain with the acquisition of two student housing assets    Leaders League,False,,,,Student Housing,,,False,
c81f30c586e5,2026-09-04 13:02:57,2026-04-21 07:00:00,Player — Greystar,Greystar Strengthens Spanish Presence Through Acquisition of Two Student Housing Properties - Global Student Living,https://news.google.com/rss/articles/CBMiwwFBVV95cUxPbVktTklNMUFyZnJvRFZHQU1DN1R0UGlWWHhqUHpRR0RoeHZzcUhLdUQwdW8yY0FGNzNDd3lKSmdDSFlURThfcmgwMTdWV015TTFqUnhMT2RGWlF6UTFHN1lpQTBfRlJpdDRFbVlvUko2MG85c2d0NVJEaFRjNVVMeC1CTWFPTWRQUEVDRzk5OG1kWGV3OTlGb3RVLXM0N0JsWXhTZC11MUpyaGxSVHcyeUdqSnFqLTRmVlVORzQ4SWZSV2s?oc=5,Greystar Strengthens Spanish Presence Through Acquisition of Two Student Housing Properties    Global Student Living,False,,,,Student Housing,,,False,
22821c885eda,2026-09-04 13:02:57,2026-04-06 07:00:00,Player — Greystar,Why a national apartment giant has its sights on Bloomington - The Herald-Times,https://news.google.com/rss/articles/CBMizwFBVV95cUxPOTZLREtTLWs0WUFlUGdqdEdreHR6SFg4ZHZuTGZpYlRyajJFdjBNeHFoMWJ6UENmYk02TlB6Y0sxbUFrUGF3Mm1tcHNGemc2bmtVbW1XOEltUC1UbWk5NFRGVTd2R2VtLXoyTVlKVmZQSWFGQUpYbjJmMEYxUTdHdXRTeEFVM21BSUx5ajBqU2Y2Q3VBMG4zcGxCeWR3d283NVE5Y1hhQ0hrdGwzX0xGT2N4c0k3WjZ3RWwwaTJxemlLMkNKME44ZjJENW5Ldmc?oc=5,Why a national apartment giant has its sights on Bloomington    The Herald-Times,False,,,,Student Housing,,,False,
525513f7d212,2026-09-04 13:02:58,2026-04-23 07:00:00,Player — Harrison Street,Harrison Street picks up new Guelph apartments with eye on student housing - Green Street News,https://news.google.com/rss/articles/CBMisAFBVV95cUxOOTh4RThZYUVyNVg0QXh1bTJrcEpfblRCMG96M0EwVG51eF9vLVdQc3c2R3dZLVFPM3FOaVhwbXd3OC1kbWtxU3l6ZTZ0VjBpWlQxQ2plWU5ORUNpZ2x5MTFOSHplbzFhbnFwQ2lxSmZaN3Z0OXk5UFZRZ2lmT01LMnFCN1FVWHJrckNRZFFJUVdHcGNYQ1JzUHNnYk53SERqdmZSZlBKbXJ4MHpURWZtWg?oc=5,Harrison Street picks up new Guelph apartments with eye on student housing    Green Street News,False,,,,Student Housing,,,False,
fb0fc7d6d84f,2026-09-04 13:03:02,2026-04-28 07:00:00,Player — PCCP,"Capstone Partners, PCCP Divest of 167-Unit Multifamily Property in Portland for $30.7M - REBusinessOnline",https://news.google.com/rss/articles/CBMitAFBVV95cUxPT1FCclZIZHNjbm5DQXVjdURqVEM2VmJXUllJN29GeklpQmNDSUd6UVBab3hacEJIOGZ0eTFYUlh2dnlvUUVteVZ3d05xMTlUMm82QUpuRm1qOTRvTXBLdEQzczlBYlpLcEpSVnBXNXBicHZRQXBpRUFLMmhiQmNYVDZxQmRVczN0VUR3SWJ0cWxDdGlRY3VyYllZbjRmZlRsR2RyREFQUG5DMFE5VEtLeVZuV24?oc=5,"Capstone Partners, PCCP Divest of 167-Unit Multifamily Property in Portland for $30.7M    REBusinessOnline",False,,,,Student Housing,,,False,
06b4f1f1e9c2,2026-09-04 13:03:02,2026-04-22 07:00:00,Player — PCCP,"Premier Logistics Properties, PCCP Buy 813,120 SF Industrial Facility in North Las Vegas - REBusinessOnline",https://news.google.com/rss/articles/CBMitwFBVV95cUxQcVp3U3l1SmFZeXBQX1AyQkVwZGNmcHc0VEM5SFdXUFhSZlVsX3B3c0VWaHlkRW4xQlBxc3A1cHpGX2lTaWpkTjJIWUJaUDVTODJJeDBoQ09PQVVHX0diUGZuajJ1bGRSN3lkczliZXRjNjJweU0xVjhmZHVCT01Od21DU3ktR0dHNUJnVmpVbmMzbEY3RDdSYlFXaVM0N2tLd0k2UDUzam9DWUcwU1NOOGc0SlhFdkE?oc=5,"Premier Logistics Properties, PCCP Buy 813,120 SF Industrial Facility in North Las Vegas    REBusinessOnline",False,,,,Student Housing,,,False,
ffa09b2d7f91,2026-09-04 13:03:04,2026-04-23 07:00:00,Player — Nuveen,Nuveen Real Estate Sells 390-Unit San Regis Multifamily Community in Los Angeles - REBusinessOnline,https://news.google.com/rss/articles/CBMirwFBVV95cUxORWpzTmFUNm9xeWRUNjViZkRFNHhNTGpLZERfMk5kU0VEMnNvMjlUa3JsRG0tWHpRaGdVOHM3cmNXYmh1anRTaUNOYktKcHhzQmUyM2F5MlJwU01EU2dUQ0hXcnFJanlGbVo0WlNaWGZwMklvOElIWm5xYUc1TlFtUVVDUXZZTzktQ1RKQzNqbGZRYm5pMkJxQnI3anhVbjB5Zks5RDM3c3FKRTgzTUs0?oc=5,Nuveen Real Estate Sells 390-Unit San Regis Multifamily Community in Los Angeles    REBusinessOnline,False,,,,Student Housing,,,False,
e69fe94c77e1,2026-09-04 13:03:08,2026-04-29 07:00:00,Player — Blackstone,News - Blackstone completes £562m refinancing of nine student schemes - Inside Housing Living,https://news.google.com/rss/articles/CBMiqwFBVV95cUxOcDhxbFM2b3F5WndST3owSkxsTjFPajI2dFNsVHpDcHBxaVJyLTFjblBXS3I0Rzhlb3dCWEFtellFajVmN3E2Y0V5bkN1SDBHODRKeFpjSzVCZWJ6dnVpODRJVVNaTlBqS3BvdkpOVWZBQ3F2Y0JadzRXWFVzQXpGOWRHY1YzNTZZV195cG9lbG1pTHRpMXQtcEFUaWJMeFVweGoxUHNyM1FMdFk?oc=5,News - Blackstone completes £562m refinancing of nine student schemes    Inside Housing Living,False,,,,Student Housing,,,False,
73edea1ad204,2026-09-04 13:03:09,2026-04-27 07:00:00,Player — Brookfield,Macfarlanes advises L&G on £43m acquisition of Purpose-built student accommodation Stanley Studios - Macfarlanes,https://news.google.com/rss/articles/CBMiwgFBVV95cUxQUHlseTc4RGp5M0JMNllnT0twamZ1c1JLR25JdVFtSEw5WmxwSnliclYxVG5zenFxYmRCRTFpMlNhVUZfSGJmQVlfVjVhcUtQb29xaW1zVFFXS3Q4eGFKQl9VMzBKVlhZcmZFX29nc1M1enhMbmNMVWVJNUZuYUpXREs0VTRZa2tyMkk2NUxRM1NHN0Y5MFdtSFY3MGJuYzRud0dpMWIxUV8tZmhIcm9FcWdiMlY1Sl9fc0dncXN0UzFNQQ?oc=5,Macfarlanes advises L&G on £43m acquisition of Purpose-built student accommodation Stanley Studios    Macfarlanes,False,,,,Student Housing,,,False,
77505346a2e8,2026-09-04 13:03:13,2026-04-03 21:19:39,Player — Berkadia,Berkadia Hotels ＆ Hospitality Handles a $2.7-Billion Transaction Volume Across 39 Deals - Connect CRE,https://news.google.com/rss/articles/CBMi6AFBVV95cUxOMnFLMnlDclN3MkQ5Tm5lWWtjd3oyQUtwbm5RYW9FTVIwNDVCV1g4TGdVbE1obmxnanVjdnNtdlZwU1EyNzlOYlpNbHgzMlFjeVdNTHlRUHFSbEwxeDlfenZjNmk3VXZ0VGpQeGlzVENvbHIza3FVUzJGc1Vzd3I2U2pYcUE2RTFQc29zQTJ6UW5OR1p2cEdDOG1yYnBQWE9UNjA3bGpHUGVRbjNlMEg1Xy1aWGVRYmduX3ViQUV5QjNXd0x3M2hMbXB5NmpaRjV4RGpEb1RfTkZ5YWxIRHdJcWE3T1c5c0dG?oc=5,Berkadia Hotels ＆ Hospitality Handles a $2.7-Billion Transaction Volume Across 39 Deals    Connect CRE,False,,,,Student Housing,,,False,
79c945865b3d,2026-09-04 13:03:14,2026-04-06 07:00:00,Player — JLL,Higher Education Trends to Watch - JLL,https://news.google.com/rss/articles/CBMidkFVX3lxTFA0ZVI5a3ZBYlNsSVFxUWk3RUNEbVo0ZGU1RU9xYVBVbUw1MklfMllkd2h3a21JU3ZKTk9VanZRd0w3UnNSUFo1cW5yN0RTR1QtN25ncjJqSTNpYzBCT2cyTGp2aTBKTXZoYUl6Rlh3eUk2bEVRSmc?oc=5,Higher Education Trends to Watch    JLL,False,,,,Student Housing,,,False,
380a1e988983,2026-09-04 13:03:14,2026-04-20 07:00:00,Player — JLL,Three prime properties offered for sale by expression of interest - JLL,https://news.google.com/rss/articles/CBMiogFBVV95cUxOcDlFdzBVVTNZeTBzOHVyT1NtMjRpNmRmZTlneUFUZ0lLQ3Y3TkQxaDBGQjlJY0oxQTRXdW1wRU9WX2xTX3RHUzRDX3NCWVh2VnhKUkRQeHQ0V0J1YWpHSjg5Z25KY2liTVVkUkVkSjhIVmJKbkhSOGtleENvWWtNNDkwUWE5bEpSRHVWSVlYOWl4bmxLSmFESkgybE0xRzNCX3c?oc=5,Three prime properties offered for sale by expression of interest    JLL,False,,,,Student Housing,,,False,
ba15c5d4acb5,2026-09-04 13:03:16,2026-04-03 21:18:54,Player — Newmark,The Newmark Student Housing Group Generates Over $3 Billion in Deal Volume Across 45 Transactions - Connect CRE,https://news.google.com/rss/articles/CBMi-AFBVV95cUxNSUUxSThkak1UdDlGc0dqM09wNWNIQ2hKSUtEOU1Zc0tMdkhIYjU2U1JBa1MzSWRwMTZKN2N5d3Mza2Jkd1FpdmR6cHRXMVBSUk5BUFhlc2Myb3Jmel82OFVCUjVlQ0prN3pNUnQtUTRZM3NFRWVZRkZHVWJVb1Q0b1hqUV9vLVFPaGxIVFhYZFdEVDhBNjl6dUpsbVdMSkJ5LTM3Smh3Um5hRDZaYWJJeE9XYUttcDlTSWltcGRORDI0UmRvRVh3Y3pJaC1YUmxjbzBzSDBvaGlvNU8wMjUwRjk1aE5FYVdrNkJkUHVvWHNrUW5jekpEMA?oc=5,The Newmark Student Housing Group Generates Over $3 Billion in Deal Volume Across 45 Transactions    Connect CRE,False,,,,Student Housing,,,False,
4bc0e990851d,2026-09-04 13:03:16,2026-04-07 07:00:00,Player — Newmark,"Newmark Brokers Sale of 283-Unit Apartment Complex in Grand Prairie, Texas - REBusinessOnline",https://news.google.com/rss/articles/CBMipgFBVV95cUxPalByZ2JienhJbDFjVHd4aUVxUTFCYjRNTWxnd3hyWEhjTXpJbGpkMVM2MUs2N2szdkIxd0FESFhFTnlHSFBpSmxhalR1MVh1b0ZPU3pwOGFta3lZZmVGbUlmZmxDMUFhSTVPbE9MUnV4dDVtRUxHUTJDTG56QTBscVdiNWlvMEpOVmJTQTJYLUp2djI5M3dmRWZjcDNBN3Jtci02Yl9n?oc=5,"Newmark Brokers Sale of 283-Unit Apartment Complex in Grand Prairie, Texas    REBusinessOnline",False,,,,Student Housing,,,False,
d1095588e068,2026-09-04 13:03:17,2026-04-16 07:00:00,Player — Institutional Property Advisors,Raintree Partners Sells UCLA-Area Student Housing for $63 Million - Global Student Living,https://news.google.com/rss/articles/CBMinwFBVV95cUxPX050ZTg1OXNCNGN5UjhRNFlqTnlpVW9MaDB3VVVXNi1kR2k2bGJSbVdKUkRJNDJhX0wyYy1RSWs3eHlmcXVQeTBoOXRfeGktX2FpRnJrNGQyZFh6bDdZNE1DS21sSEdsbzVVMDlOVm5WSVV4RDFrSlVfYkFoZE9ROXAtWklhWDc3TzZDUWtSMlVVTUlzVFVsSHIxLWRScWM?oc=5,Raintree Partners Sells UCLA-Area Student Housing for $63 Million    Global Student Living,False,,,,Student Housing,,,False,
1487becf0ee8,2026-09-04 14:10:49,2026-04-17 07:00:00,Player — Greystar,Jones Day and Baker McKenzie in Greystar deal - Iberian Lawyer,https://news.google.com/rss/articles/CBMieEFVX3lxTE1XN2RhY09NZWViaFhQaHJkY2FFOHU2eHdSVlYwWjVnT3Q0dUZWQ09YTUkyNnRTVDdOVWpnaG1xVU5YNFpRd1RRREd2QzRYZUZ1ek9LckNaN0xlYjZ3U1Bra1d6V01iM0VGaXVMT3B2MW1KZ0RLVlJpNw?oc=5,Jones Day and Baker McKenzie in Greystar deal    Iberian Lawyer,False,,,,Student Housing,,,False,
47af0c681546,2026-09-04 14:11:12,2026-04-17 07:00:00,Player — Newmark,"Newmark Provides $111.4M Agency Loan for Refinancing of Multifamily Property in Danbury, Connecticut - REBusinessOnline",https://news.google.com/rss/articles/CBMixwFBVV95cUxOY2c5M0l6aFJxR05JZ2ZJNG9Gb09tcUtKZEVILWxxUXh2ZUU0Sktrdm5IbDdvTlpPSnJaSG9nT0NUSl94ZThicHNfZWtBRnU4bUJaQjZ6WjQydUYyaXo0d3o0aVpIV1NXZk9JWXJCQmhXa2R6Y0NpajFGcTJCNkhYRkJuNVhfU25fckVrSnVtMFBWcElyTUFNTVdYOGVMZFR4TkVQdWpZQUE4V2Z0eW1lWkZyOFlfWTNVZlVMZlB4VHBPMEZEbnIw?oc=5,"Newmark Provides $111.4M Agency Loan for Refinancing of Multifamily Property in Danbury, Connecticut    REBusinessOnline",False,,,,Student Housing,,,False,
cd94cb4ee413,2026-09-04 21:03:41,2026-04-22 07:00:00,Player — Blue Vista Capital Management,Annapolis office complex changes hands after $20M renovation - The Business Journals,https://news.google.com/rss/articles/CBMiqwFBVV95cUxPRlhlZl9JcWhJMnJVV0lQR3JzbVdWTk5qZHNVakcyMWxMcEEtQ2pfRzllM01SV3FpbVNrejg0bVllSFk0TTFjTC1pTWNOM0hXTDBiNHdGdS1tS1hHV25KSjljdEFTOW1TV2dlS3UzaHNmQzJzYzNLemxUMG0tUXFkZjhrOWQ2azltQ3EtWHdjSW5XOXlqTXgtLUhFUnRJSU1KR3BGc1VUUG1OSFk?oc=5,Annapolis office complex changes hands after $20M renovation    The Business Journals,False,,,,Student Housing,,,False,
bee834e503e9,2026-09-04 21:03:45,2026-04-17 07:00:00,Player — Landmark Properties,Landmark Properties Closes $300M Student Housing Fund - Multifamily Housing News,https://news.google.com/rss/articles/CBMijwFBVV95cUxNb3YtUXh2SkZoOUxiQ1BIQ2FPYzJXTkhRakF3UU5XS0FnSXliZW5YWVlBUGhBSHVac1ZSNHZZSHJEdzJQdUU1bE5NN2xZcXAxTFFMTmpGNDhvOU1iNm1xNXQwTVFlMnlqUm82bThVOUZKNFFLVTk2dXFabnpxZU1obkpGMUQxdzFoQlJZN1RrUQ?oc=5,Landmark Properties Closes $300M Student Housing Fund    Multifamily Housing News,False,,,,Student Housing,,,False,
2f0358135325,2026-09-04 21:03:52,2026-04-30 07:00:00,Player — Campus Apartments,Petition for off campus housing safety after double murder - Spectrum News,https://news.google.com/rss/articles/CBMipAFBVV95cUxNZGZVU2dQVF9vdi1UTDYzd2ZZVi1hWk5xcTBkQTMwSG9EX2ozMWtlbXVvdWJpQlhVYzcwaGFUOE5jWklZN0RJRUw2SEZIZ19XeEZ5Tm1MYllRN2NpZXB5blVzZDh2UXBCUmFmeUgtWVpfQmRpRVJINXp6bDN3TlBma2M0dHNzTm15OUpjQUNDTFhKS2FiWXRodkxLdlA3ajhxa01uTg?oc=5,Petition for off campus housing safety after double murder    Spectrum News,False,,,,Student Housing,,,False,
85ff209de07b,2026-09-04 21:03:52,2026-04-08 07:00:00,Player — Campus Apartments,"Students weigh housing, cost ahead of dorm deposit deadline - The Setonian",https://news.google.com/rss/articles/CBMipAFBVV95cUxONzFRZ3dqb2VncDhyTTdKYWZScjM1Nk9mLWExYTcza01zNVgyRkdLS2xpMVlxUmRRNDFkZjk2MXhGZG5xMTVPaEJfYlE1dFNMUHFzZjJrNjdUcmpGNzJfOEFud0Y5MjRwN0ZwR0lJSENkX0syYXdmT1ZfYkpKUHZJYXdZc3RtR2VwWTlaMjRXRktackdBRmFCcmdURWJVSmtOSGhhbQ?oc=5,"Students weigh housing, cost ahead of dorm deposit deadline    The Setonian",False,,,,Student Housing,,,False,
db08cc412218,2026-09-04 21:03:56,2026-04-21 07:00:00,Player — LV Collective,LV Collective JV to Develop Texas Student Project - Multifamily Housing News,https://news.google.com/rss/articles/CBMiiwFBVV95cUxNV2Rtd2NyMFdaZ2VJUDlydkNKdjhNQVBQNGpURUp4SktTQlQyYlhLYlVSRmhtVUl2X0JLUHBJbnhhOVg5dHhnS044WnpKTGlISXdNUXhqckdXOHdBQ0Y0eDhZLS10WnpleDg1TnF1TUtMYU5Jd1g3cGZjS3NMOE52Z2I0ZTJ1b2VvTmNR?oc=5,LV Collective JV to Develop Texas Student Project    Multifamily Housing News,False,,,,Student Housing,,,False,
9b9dd3eafb62,2026-09-04 21:04:02,2026-04-10 07:00:00,Player — Affinius Capital,"Affinius Capital Receives $144M Construction Loan for The Carina Multifamily Project in Santa Ana, California - REBusinessOnline",https://news.google.com/rss/articles/CBMi0wFBVV95cUxQRFlvNW5mVURST1Z0aE44SFRaY0dGaklWQ3JoNUE5NVZNWG8tRXQ4WUpGbXAwN04zWEo1bV9rT2YzUnRmdG1lQnh3TzU0ZW1yZTlIT2gzclFiRlBiX2ZON0VYcExmRHpCak1yWm1PRHpsTklwM3FQQWdNZFc1bzFSNHVtcFlCV3pOZjBmWE9Uc3lRT2pSTGJEOUxja2x2WDlFdkkwQktoY3NJZWNVc0hXVk1wdlJxZ0x6Mnp1M014OFRjZDhZMHRpUXJEdHpXSzFGQ19J?oc=5,"Affinius Capital Receives $144M Construction Loan for The Carina Multifamily Project in Santa Ana, California    REBusinessOnline",False,,,,Student Housing,,,False,
0bd339aecdfc,2026-09-04 21:04:11,2026-04-14 07:00:00,Player — Berkadia,"How Distress, Debt Assumptions Are Rewriting Multifamily Pricing in Metro Atlanta - Multifamily & Affordable Housing Business",https://news.google.com/rss/articles/CBMiywFBVV95cUxNVlA1bDlib2l2Y29YbW1fd0ZvQ0xSYklYc3RFZVNZM3ozdHNrUTVlbERTUUg3clBIMXcyS1BwbDBTMFZYM3RYSUo0X1pZZF9UR2RuY1E1MlRNYWZXdzlWLWpPSWlISl9BcFdjWWltUFNRcWJoeFRiMVRpa1FYRThWZXlBR0pxR0syMEp2ZHJCcEZOQV9XMkVBV1NYSWVlQ0M0SFlLbTdYeDFlenJmS0tWNll2Zjh2MDZvTlktX1Jza1ZFTHVpcFhldldqOA?oc=5,"How Distress, Debt Assumptions Are Rewriting Multifamily Pricing in Metro Atlanta    Multifamily & Affordable Housing Business",False,,,,Student Housing,,,False,
950e84d4837e,2026-09-04 21:04:11,2026-04-22 07:00:00,Player — Berkadia,"Berkadia Arranges $17.7M Sale of Ivy Gates in Petersburg, Virginia - Multifamily & Affordable Housing Business",https://news.google.com/rss/articles/CBMiswFBVV95cUxON0JUSDVDN1Y0dDdZdGlMbExidjlyRlFsY2tTNUxDQzZKRjIyNlJZTnV2cll1eVRNei13b3NoWG5rNzByUHhWN1AwRE1HUUJVNFBual9GZE5GVldWVFJEdjQ1Zzgxejdmd3BRR3R3TVNrdTVvRWw3X2djRG1xczNoWVVaX25kelE3blNqcGd4ZnVyNzMybHEzREVvamZnSW04NDc1UXJoS0Y1bWdiS3gwdmpBOA?oc=5,"Berkadia Arranges $17.7M Sale of Ivy Gates in Petersburg, Virginia    Multifamily & Affordable Housing Business",False,,,,Student Housing,,,False,
fdb76eb15ca6,2026-09-04 21:04:13,2026-04-20 07:00:00,Player — Newmark,Newmark Arranges $830 Million Financing Across Three U.S. Housing Portfolios - nmrk.com,https://news.google.com/rss/articles/CBMiuwFBVV95cUxPNDVHaUM2c2F3RHF5RU9LNDNrTEJhZk81M1VNVmZrTTA5R0F6bVYyaXBJLURvemFxNmtROGcwemNTQko1c0FWUzNIbjVTWHZVS1lQWFdzR21XRmt6a0J3eG1mbldJVXV4azk2Z3hmMGZ2MmlOeHVOQkJEbDRiblZyZjNDc1RhdnhqZ05xUDJEZ3NneHBqMGRSLVBsZTVRT0dmY1pfZE9KYlJPdjVzZFlSZTNJRDJ3cllqeVRr?oc=5,Newmark Arranges $830 Million Financing Across Three U.S. Housing Portfolios    nmrk.com,False,,,,Student Housing,,,False,
f6f3208f8e52,2026-09-04 21:04:13,2026-04-15 07:00:00,Player — Institutional Property Advisors,Raintree Sells LA Student Portfolio for $63M - Multifamily Housing News,https://news.google.com/rss/articles/CBMigwFBVV95cUxOdlRnMU9JT21hdnpkaXN1OGh4V3pySGR6U2NzRXY4ZEgxWG5oZUlKM2RGbDcxQ3NhU2pJNnFnSUVmdnVMc3JyNGJTRDI4YU1vMjQ0THpKSC1fVFFiYzVfQjFaQmlNWHlJYUFoalpBbzdXTkFvRDcwRGFWbDY2T0hLLThMcw?oc=5,Raintree Sells LA Student Portfolio for $63M    Multifamily Housing News,False,,,,Student Housing,,,False,
53f7410268fb,2026-09-04 21:04:13,2026-04-16 07:00:00,Player — Institutional Property Advisors,Westwood apartment portfolio near UCLA sells for $62.6 million - The Business Journals,https://news.google.com/rss/articles/CBMipwFBVV95cUxPLUFHMG9tU3F5aEJKbTNHaGJUZlpjdzY0OUtNX1QtMUttSFNmZ0oxX1piSnR3R2ZpZVZNbTJ5Q25vMi1RUUVacFhIRmg3ZXgzWTFtT2VCYVNQVUh1dXZ2c0J1NllNb1ljanUyTFNoU3AwTm9jMGJIMUZGV1dIRWdYa0RUakZiMUVPTU1RcDY2QXhITkM5MDk2V3dvRHlCc0hyR0VUMWMtbw?oc=5,Westwood apartment portfolio near UCLA sells for $62.6 million    The Business Journals,False,,,,Student Housing,,,False,
