article_id,collected_at,published_at,source,title,url,summary,classified,category,event_tags,signal_type,sector,woomi_relevance,claude_rationale,access_limited,korean_summary
c5ea66e7dfa1,2026-06-08 06:10:42,2026-05-28 14:18:13,Connect CRE South FL,W. Palm Beach Developer Eyeing 25-Story Apartment Tower,https://www.connectcre.com/stories/w-palm-beach-developer-eyeing-25-story-apartment-tower/,"Developer Jeff Greene is making a pitch to build a 399-unit, mixed-income apartment complex in West Palm Beach. The project would also include 7,557 square feet of retail. The S. Florida Business Journal reports Greene wants to incorporate a pre-fabricated mass timber system. The nearly one-acre site would be at 120 S. Dixie Highway. It  ... 
 The post  W. Palm Beach Developer Eyeing 25-Story Apar",True,개발,permit,중립,Multifamily,보통,"West Palm Beach의 개발자가 399호의 혼합소득 아파트 타워 건설을 추진 중인 프로젝트 계획 발표로, 허가 단계의 개발 뉴스이나 Woomi의 주요 시장(LA, Atlanta, Dallas, Houston, Phoenix)이 아닌 Florida 지역이므로 보통 수준의 관련성을 보임.",False,
449c905bf203,2026-06-08 06:10:42,2026-05-26 15:02:10,Connect CRE South FL,Miami Apartments Trade for $109.9M,https://www.connectcre.com/stories/miami-apartments-trade-for-109-9m/,"The 266-unit Avida Aventura apartment complex at 19401 W. Dixie Highway in Miami was acquired by Breevest for nearly $110 million. The seller was Fifield Cos. The firm broke ground on Avida Aventura, its first Miami-Dade County project, in 2022 and completed it in 2024. The project sold for over $400,000 a unit. The South Florida  ... 
 The post  Miami Apartments Trade for $109.9M  appeared first ",True,GP·자본흐름,transaction,중립,Multifamily,낮음,"266-unit 멀티패밀리 자산의 단일 거래로, $109.9M 규모는 우미의 포트폴리오 전략과 직접적 관련성이 제한적입니다.",False,
c0f2c48c4286,2026-06-08 06:10:42,2026-05-21 14:05:25,Connect CRE South FL,Alta Developers Lands $91.8M Construction Loan for Miami Apartments,https://www.connectcre.com/stories/alta-developers-lands-91-8m-construction-loan-for-miami-apartments/,"Madison Realty Capital originated a $91.8 million construction loan to Alta Developers for the development of Alta Sunset, a 314-unit multifamily project located at 6075 Sunset Drive in South Miami, Florida. Upon completion, the property will rise ten-stories featuring 314 one- and two-bedroom homes, complemented by 5,444 square feet of ground-floor retail. Amenities include a  ... 
 The post  Alt",True,개발,"construction_start,financing",강세,Multifamily,보통,"Miami 지역 314유닛 다가구 프로젝트의 건설 자금 조달로 개발 단계 진입을 의미하며, 금융 내용이 포함되었으나 핵심은 건설 시작 관련 개발 뉴스입니다.",False,
f03de538a247,2026-06-08 06:10:42,2026-05-20 14:27:23,Connect CRE South FL,Publix Buys Boynton Beach Retail Center,https://www.connectcre.com/stories/publix-buys-boynton-beach-retail-center/,"As has been the case with numerous retail centers where Publix is located, the company has bought the entire shopping center. The South Florida Business Journal reports that Publix Super Markets bought out its landlord at the Fountains of Boynton Shopping Center west of Boynton Beach for $78 million. Publix often buys out its landlords, giving  ... 
 The post  Publix Buys Boynton Beach Retail Cent",True,GP·자본흐름,transaction,중립,Mixed-use,낮음,소매 부동산 자산 거래(78백만 달러)이지만 주거 개발과 무관한 Publix의 자체 운영 센터 인수로 우미의 주거 사업과 직접 관련성이 낮음.,False,
0159b21456ce,2026-06-08 06:10:42,2026-05-18 15:09:02,Connect CRE South FL,"Terra Buys Out Condo Development, to Build New Biscayne Bay Venture",https://www.connectcre.com/stories/terra-buys-out-condo-development-to-build-new-biscayne-bay-venture/,"A Miami planning agency greenlit Terra’s plan to build a 28-story tower in Miami Beach overlooking Biscayne Bay. The Miami Business Journal reports that the 238-unit condo development will take up the 1.9-acre parcel where much of the 106-unit project will go up. The Bay Garden Manor Condominium will be demolished to make way for  ... 
 The post  Terra Buys Out Condo Development, to Build New Bisc",True,개발,"land_acquisition,permit",강세,Multifamily,보통,"Miami Beach의 28층 콘도 개발 프로젝트 부지 인수 및 도시계획 승인으로, 개발 카테고리의 전형적인 토지매입과 허가 단계 사건입니다.",False,
3a97cf27a616,2026-06-08 06:10:43,2026-05-29 16:49:06,Connect CRE Phoenix,140K-SF Car Condo Facility Advances in Scottsdale,https://www.connectcre.com/stories/140k-sf-car-condo-facility-advances-in-scottsdale/,"Finish Line Auto Club has plans for a luxury care storage facility at 17600 N. Perimeter Center Dr. The firm acquired the 10-acre parcel last week for $20.7 million from  Tryperion Holdings. The Phoenix Business Journal reports that demolition of the former Fender Instruments building will begin in the next 60 days, with groundbreaking targeted for the  ... 
 The post  140K-SF Car Condo Facility A",True,개발,"land_acquisition,construction_start",중립,Mixed-use,낮음,자동차 저장 시설은 주거 부문이 아닌 상업/특수용도 부동산이므로 Woomi Global의 주택 개발 사업과 관련성이 낮습니다.,False,
2b162769af39,2026-06-08 06:10:43,2026-05-27 18:27:31,Connect CRE Phoenix,Empire Group Starts Work on $170M Phoenix Apartment Tower,https://www.connectcre.com/stories/empire-group-starts-work-on-170m-phoenix-apartment-tower/,"Empire Group of Cos. has closed on a $131.2 million financing package and broken ground on The Whitney. The Phoenix Business Journal reports total development costs for the 24-story tower at the southwest corner of Central Avenue and McDowell Road in Phoenix are estimated at around $170 million. Financing includes an $84.7 million senior loan  ... 
 The post  Empire Group Starts Work on $170M Phoe",True,개발,"construction_start,financing",강세,Multifamily,높음,"Phoenix 지역의 24층 아파트타워 착공 소식으로 개발 카테고리에 해당하며, 피닉스는 Woomi의 주요 시장이고 $170M 규모의 대형 프로젝트임.",False,
6db935703590,2026-06-08 06:10:43,2026-05-27 16:23:19,Connect CRE Phoenix,Lovett Building 1.1M-SF Glendale Warehouse Venture,https://www.connectcre.com/stories/lovett-building-1-1m-sf-arizona-warehouse-venture/,"Lovett Industrial, in partnership with Peakline Real Estate Funds, broke ground on North Park Logistics Center, a 1,140,584-square-foot Class A cross-dock facility being developed on approximately 55.68 acres in Glendale, Arizona. The project is being developed on a speculative basis to accommodate a broad range of modern distribution users. Delivery is anticipated in Q2 2027. The development  ...",True,개발,construction_start,중립,Mixed-use,낮음,산업용 물류시설(warehouse) 개발 착공 소식으로 주거 부문과 무관하므로 Woomi의 관심도가 낮음,False,
4718ab1f493c,2026-06-08 06:10:44,2026-05-28 14:43:18,Connect CRE Atlanta,Portman Targeting Duluth for Mixed-Use Project,https://www.connectcre.com/stories/portman-targeting-duluth-for-mixed-use-project/,"Portman Holdings is looking at 111.55 acres in Duluth for a mixed-use project. The Atlanta Business Chronicle reports the plan is to build about 1,400 new residential units – including apartments, townhomes and single-family homes – along with approximately 80,000 square feet of commercial space and approximately 100,000 square feet of medical office space. The  ... 
 The post  Portman Targeting D",True,개발,land_acquisition,중립,Mixed-use,보통,"Portman이 Duluth에서 1,400 주거 단위를 포함한 혼합용도 프로젝트를 계획 중인 개발 의도 발표로, 확정된 착공이나 인허가 단계는 아닌 초기 개발 계획 단계의 사업입니다.",False,
6ccde96bb7ca,2026-06-08 06:10:44,2026-05-26 14:07:37,Connect CRE Atlanta,Kroger Eyeing Superstore in Dunwoody Retail Center,https://www.connectcre.com/stories/kroger-eyeing-superstore-in-dunwoody-retail-center/,"Kroger is looking to take over much of an abandoned 183,000-square-foot Dunwoody building formerly occupied by Walmart. The Atlanta Business Chronicle reports that the rezoning request indicates the grocer wants to put a 118,000-square-foot Kroger Marketplace in the vacant building at Perimeter Village. The remaining space would be leased to another tenant. Dunwoody City Council  ... 
 The post  K",True,시장,policy,중립,Mixed-use,낮음,"Kroger의 소매 재개발 계획은 상업용 부동산 재활용 사례이며, 주거 개발과 무관하므로 Woomi의 관심도가 낮습니다.",False,
873647a8aa8a,2026-06-08 06:10:44,2026-05-22 14:02:36,Connect CRE Atlanta,"Portman Buys 1,073-Room Westin Peachtree Plaza",https://www.connectcre.com/stories/portman-buys-1073-room-westin-peachtree-plaza/,"Portman acquired the Westin Peachtree Plaza, a 1,073-key full-service hotel in downtown Atlanta, from Marriott International. The hotel will remain in Marriott’s portfolio under a long-term management agreement. Portman purchased the property through its Portman Hospitality Fund I. John Portman, the founder of Portman Holdings, designed and developed the tower in the 1970s. When it opened  ... 
 T",True,GP·자본흐름,"transaction,acquisition",중립,Mixed-use,낮음,"호텔 자산 거래는 Portman의 자본흐름 활동이지만, 주거(residential) 개발과 무관한 숙박시설 부문이므로 Woomi의 관심도가 낮습니다.",False,
159714dce9ee,2026-06-08 06:10:44,2026-05-21 15:44:29,Connect CRE Atlanta,Basis-Led Team Acquires 25-Building Atlanta Warehouse Portfolio for $89.5M,https://www.connectcre.com/stories/basis-led-team-acquires-25-building-atlanta-warehouse-portfolio-for-89-5m/,"Basis Industrial and One Investment Management have paid $89.5 million for a 621,759-square-foot industrial portfolio within the Atlanta metro area. Commercial Search reports Middour Investments was the seller, and Bank of Montreal provided acquisition financing. The portfolio comprises 25 buildings across five industrial campuses completed between 1982 and 1995. Three of them are located in Stone",True,GP·자본흐름,"transaction,financing",중립,Mixed-use,낮음,"산업용 부동산 포트폴리오 거래로 Woomi의 주력 사업인 주거용 개발과 무관하며, 거래 규모와 투자자 구성이 Woomi의 전략적 관심사와 거리가 있음.",False,
fadb9cdf59dd,2026-06-08 06:10:44,2026-05-20 13:36:38,Connect CRE Atlanta,Insignia Pursuing Embassy Row Redevelopment,https://www.connectcre.com/stories/insignia-pursuing-embassy-row-redevelopment/,"Insignia LLC hopes to continue its redevelopment of Embassy Row, a spread-out office park in Sandy Springs. The Atlanta Business Chronicle reports that the latest project would include 111 townhomes, 1,068 apartments, 15,300 square feet of retail space, and 159,463 square feet of existing office space. Construction is already underway on the campus, which would  ... 
 The post  Insignia Pursuing E",True,개발,"construction_start,development_plan",강세,Mixed-use,보통,"애틀란타의 Embassy Row 재개발 프로젝트로 1,068개 아파트 단위와 함께 상업 및 소매 공간을 포함한 대규모 혼합용도 개발이 진행 중이며, 이는 개발 범주의 핵심 주제입니다.",False,
4dc31ffa6418,2026-06-08 06:10:44,2026-05-19 14:15:45,Connect CRE Atlanta,Georgia Tech Student Housing Investors Ink Refi,https://www.connectcre.com/stories/georgia-tech-student-housing-investors-ink-refi/,"A team comprising LV Collective and Kayne Anderson Real Estate has closed on a refinancing of a student housing venture near the Georgia Tech Campus. The project, called Rambler Atlanta, is a 798-bed student housing community in midtown Atlanta. Canyon Partners Real Estate provided the senior loan in a deal arranged by TSB Capital Advisors.  ... 
 The post  Georgia Tech Student Housing Investors I",True,GP·자본흐름,financing,중립,Student Housing,보통,"Student Housing 자산의 리파이낸싱 거래로 특정 기관투자자(LV Collective, Kayne Anderson)의 자본활동이지만 단일자산 규모와 구체적인 거래규모 미기재로 보통 수준의 관련성.",False,
b42fabf944be,2026-06-08 06:10:44,2026-05-18 14:18:13,Connect CRE Atlanta,Whole Foods-Anchored Chamblee Retail Center Trades for $55.4M,https://www.connectcre.com/stories/whole-foods-anchored-chamblee-retail-center-trades-for-55-4m/,"Harrison Street Asset Management offloaded a 106,000 Atlanta shopping center for $55.4 illion. Peachtree Station was purchased by TA Realty. The Whole Foods-anchored center is 100% leased. The lease remains in effect until 2037. Other tenants include Starbucks, Chipotle, Cava, Verizon Wireless and First Watch. JLL, which helped broker the deal, says the Whole Foods  ... 
 The post  Whole Foods-Anc",True,GP·자본흐름,transaction,중립,Mixed-use,낮음,"Whole Foods 앵커 소매 센터의 자산 거래(Harrison Street → TA Realty, $55.4M)이지만 주거용 부동산과 무관한 순소매 자산으로 우미 글로벌의 주거 개발 전략과 관련성이 낮음.",False,
d3f90d56ee1e,2026-06-08 06:10:44,2026-05-12 13:58:30,Connect CRE Atlanta,BGO-Led Team Pays $70M for Atlanta Warehouse,https://www.connectcre.com/stories/bgo-led-team-pays-70m-for-atlanta-warehouse/,"BentallGreenOak (BGO) and Greenlaw Partners purchased River Park 6 in Butts County for $70 million. The 724,687-square-foot warehouse is part of River Park industrial campus, which is slated to grow to 21 million square feet of space. Waterloo Partners and ICM Property Group were the sellers. Travelpro leases part of River Park 6. The development is  ... 
 The post  BGO-Led Team Pays $70M for Atla",True,GP·자본흐름,"transaction,acquisition",중립,Mixed-use,낮음,Industrial warehouse acquisition by BentallGreenOak and Greenlaw Partners; not a residential sector transaction relevant to Woomi's multifamily focus.,False,
e52bb915a171,2026-06-08 07:22:17,2026-05-15 07:00:00,Student Housing — University of California - Los Angeles (CA),Best student life experiences in America ranked — as California clinches top spots - New York Post,https://news.google.com/rss/articles/CBMiuwFBVV95cUxPQkVnb0RPaFNPdXBvSUR3RUZma0xMMlFENno5SzFKcDhSc2ZQQ0JoY1ZzcUZkZVRnMXdYQk9iT0l5clNrMXN2WFhJLTg5NWtZbG1Cc1pUbk5FWnpGTzhUX2ZvZk11TTRuRlg2Z1NiWE1sX2tCSk5HSlhsbm85REx4SnhyV05ybXFzSU5UZU1VOVhsSXVqeU1kUU1DWXRBUG5EN1ZZaHo5bjN2VTVKQ2RBT3h4NWJjSS1nVUo0?oc=5,Best student life experiences in America ranked — as California clinches top spots    New York Post,True,시장,market_data,중립,Student Housing,낮음,"캘리포니아 대학의 학생 생활 경험 순위 기사로, 특정 시장의 수요 인식도를 반영하는 시장 신호이나 구체적인 개발, 거래, 자본흐름 정보가 부재하여 관련성이 낮음.",True,
a479267cbad6,2026-06-08 07:22:19,2026-05-26 07:00:00,Student Housing — University of Florida (FL),"Scion Group, Ares Management Corp. partner for $910M student housing buy - Multifamily Dive",https://news.google.com/rss/articles/CBMijwFBVV95cUxObG05NG02WVlEcjBKaHR3MHFsdEwzRGotRVEyaG5FQzdaNWkwM0dzVV9NWXlyeUI2N2d0dmNRMnJpMkx6TW0zazF4UWo5MFpKaW9kLWtvd0dMZ2NSOUUtZkVTQVZnR3ZkWW9VVkp5cm90ZVQ3OXkxV2VLN2lPNm1pQzk0bnRhOHFjSGZPTFVlVQ?oc=5,"Scion Group, Ares Management Corp. partner for $910M student housing buy    Multifamily Dive",True,GP·자본흐름,"transaction,acquisition",강세,Student Housing,높음,"Scion Group과 Ares Management의 Student Housing 포트폴리오 $910M 거래는 niche sector M&A로 분류되며, 학생주택 플랫폼 규모의 대형 거래로 높은 관련성을 보임.",True,
8c31e0fd3814,2026-06-08 07:22:19,2026-05-20 20:06:43,Student Housing — University of Florida (FL),"Scion, Ares Launch Student Housing JV With $910M Portfolio Buy - Multifamily Executive",https://news.google.com/rss/articles/CBMiqAFBVV95cUxNbEFfNzR3dTBkVFZBRG5FbTFZa2xQUDBDckIzRzhBM2JmWDQwU243c1QyVGVEbmgzZG1yWnU2UU1GRGJYbzlSVkVreF8tUUhCQVJ0OUxDWGJ5ZmxmM3Zka1FxdnkxbWtFeVZiQmNsM0lNaVNWUnZkamNUNWwwYTBGS0lLOU91WmFzc2RXdW5fMnVmQVJmWXZuaGw2TTN5eGJrSDNBYVBfTDc?oc=5,"Scion, Ares Launch Student Housing JV With $910M Portfolio Buy    Multifamily Executive",True,GP·자본흐름,"acquisition,JV",강세,Student Housing,높음,"Scion과 Ares의 학생주택 포트폴리오 $910M 인수 JV 형성은 대규모 틈새 섹터 M&A 거래로 자본흐름 카테고리에 해당하며, 학생주택 개발사 관심도가 높음.",True,
c14a4db49a37,2026-06-08 07:22:19,2026-05-20 07:00:00,Student Housing — University of Florida (FL),The Scion Group and Ares Establish Joint Venture to Acquire $910 Million U.S. Student Housing Portfolio - Business Wire,https://news.google.com/rss/articles/CBMi9AFBVV95cUxQYXNhZkFSSlRjZDBIWTBBN2l0cFh2Q1I5RE9UNG82NEZXUUtoNnE2UlA5c280Z1ZpOVFLQk1VV2dLbElOMVRmRUxBb2NnNzlLVWxYQ1V0N3pZVUhvVHU1NHE5ZlowcE9XXzA1a1BHVzBfVFVqWHZHTGJHMUNSRkJyOVl6cUgtNEhLb1k2ajFncmdVcWhvZXpWM00tdU1RRnFKU2R2bkRwR0NrR0pBem9PVG80R0lDbExFaGdDMDRfeG9xS2JSY3ptRHdxMVhLX1duZDk0V1hVNldzeHZuekZzc29wcWlneUFndVpoc1pnX2lYMC1V?oc=5,The Scion Group and Ares Establish Joint Venture to Acquire $910 Million U.S. Student Housing Portfolio    Business Wire,True,GP·자본흐름,"acquisition,JV",강세,Student Housing,높음,"대규모 학생주택 포트폴리오 인수를 위한 JV 설립은 자본흐름 및 거래 구조 관점에서 핵심 사건이며, 학생주택 섹터의 대형 거래($910M)로서 Woomi의 관심도가 높다.",True,
3af5a3f8f7ec,2026-06-08 07:22:21,2026-05-15 22:55:37,Student Housing — University of Illinois - Urbana-Champaign (IL),"Student-led BEACON House focuses on affordable, energy-efficient housing - WAND-TV",https://news.google.com/rss/articles/CBMi8AFBVV95cUxPOGtraGRJVW90T19FTjN2al9OMTBjelVqeUVYY0E5emJmQjRTcDZQb0hEenJuaHRQOGtfbW5wQWFpZkE3S3dUWmgtU2VaRll3eWtmMDloMmVYSVJKelR2aHotRF82Q0NVQ2xDSGdZUTN6VTN4NXk4UkJ6aC1YRmF2emU1Zk52eDhsNnZ3bGN1Z0haSnJxTmUtQWFLd01CeVlQckFHRHlKZ054N25JZ1ZxZGl0TzFNOTU2eWxUVmVDOFlJbkpyT2V6bWt0RG9wMFd3aFVabXZSRHR4Z2ZUMWc1SFdscl8tQmFOWjJHTVlFdVU?oc=5,"Student-led BEACON House focuses on affordable, energy-efficient housing    WAND-TV",True,개발,construction_start,중립,Student Housing,보통,"학생주도의 BEACON House 프로젝트는 에너지 효율적인 학생주택 개발 계획으로, 구체적인 착공 또는 허가 단계의 개발 소식이지만 지역 규모의 프로젝트로 평가됨.",True,
40abeeb110ae,2026-06-08 07:22:23,2026-05-27 07:00:00,Student Housing — University of Alabama (AL),Record demand drives Alabama university’s $40M apartment deal - AL.com,https://news.google.com/rss/articles/CBMinAFBVV95cUxQcUxXV29OTlRsUWRQNmV4VU9OcFFtUTB3VWNSSXo1MzlBeVJFb0pOUjhNREt3LWx3M09SVXM3aFRIczU1X1lhRXVtUmZaZncyTEVlelB1QVBVS2xsMWEwNE1DekthV1QtaEZ1a19CSjJFLWZGV2l4VWdYWVprSlNGcC1rYmE0M0FMWGJzdHAwdkRJMzZzcUFHQVU4T3PSAbABQVVfeXFMUFNyeXFEUjZKaVUzWDhwQWhaODFMU2dpS0g1c0xzbl84ajR3R2dLT2FzeFZRamluRUMybWJUbTByLThzYkRWWl8yVnFoZXlubjV0WWR0ZzNyNzdEaldfcG1oaFJMazdyS1pqMzc0QnI5RGpELW5UYm9SOHlmc3BEM1lFdWJyaVVXdW9jZHhDTFI4UVpxZ0cyR2FJcXozbUpOYWhQaDRMX0R4eEZjQkMybEw?oc=5,Record demand drives Alabama university’s $40M apartment deal    AL.com,True,GP·자본흐름,transaction,강세,Student Housing,높음,"University of Alabama의 $40M 학생주택 아파트 거래로, Student Housing 섹터의 주요 자산 거래이며 기록적 수요를 반영한 거래 신호",True,
33d4b1cd277c,2026-06-08 07:22:23,2026-05-24 07:18:33,Student Housing — University of Alabama (AL),I *Covet* This University of Alabama Dorm’s Coffee Bar Setup (It Has an Ice Machine!) - AOL.com,https://news.google.com/rss/articles/CBMihwFBVV95cUxOZ01qMW9nUUpXU1Juc19OcFpMNVkxOF92SHRLbVM2LTR4YVFPcWhPS2NrbEdSck9qVTFETXlNNHFXV1FPZDBhcXpXdHlZOS13c0lfTno3S21jZUgyb0NKcl9PYXlVN3lIMzFsRGFtV2pocFVoQ29KczZuV19QSEhDZ0FOMTdSQ2s?oc=5,I *Covet* This University of Alabama Dorm’s Coffee Bar Setup (It Has an Ice Machine!)    AOL.com,True,시장,rent_occupancy,중립,Student Housing,낮음,"대학 기숙사의 편의시설에 대한 라이프스타일 기사로, 시장 수요나 입주 트렌드와 무관한 단순 미디어 콘텐츠",True,
ee962eb6a77c,2026-06-08 07:22:23,2026-05-23 07:00:00,Student Housing — University of Alabama (AL),I *Covet* This University of Alabama Dorm’s Coffee Bar Setup (It Has an Ice Machine!) - Yahoo,https://news.google.com/rss/articles/CBMirwFBVV95cUxNSHZfYWhGZnl4OWs2SEV3SXhLVGpjY0hHWjZVRnViWVQ5b0xOeUJsU2syd25CZlhHNVZlTE9uS3pQczZHM20yLUNkdjhzdi1MOWg2STJnUklHZy1jRDRrcDA3Wk9aSE1DY1pMRERYc0plbjk0ZU1ObjBiN3MxR3RwanV1dGIyNHpuRDNuQ1Y5dWJVb3FnZHNYZ1hZN3NnZU0yXzhJS1dtVTVwbnZoOWln?oc=5,I *Covet* This University of Alabama Dorm’s Coffee Bar Setup (It Has an Ice Machine!)    Yahoo,True,시장,rent_occupancy,중립,Student Housing,낮음,"대학 기숙사 커피바 시설 소개 기사로 시장 수요나 임차 동향과 무관한 편집 콘텐츠이며 개발, 자본흐름, 정책 정보가 부재함.",True,
92b2e1bcb5ef,2026-06-08 07:22:23,2026-05-19 07:00:00,Student Housing — University of Alabama (AL),"University of Alabama at Birmingham Placements: Internships, Salaries, Job Opportunities, FAQs - Shiksha",https://news.google.com/rss/articles/CBMinwFBVV95cUxObXhjdG50U0p5a1RYVjhBaGgzNDFNY2loeThQbVQxSFh2aF9NRXNyeGQ5eUkyOGZyMDI4akkwc1BRcHNHNi1hcDVnWk1WcW13cklYVWp5UHFtbmp3eF9xN3ZvYTk3VmNVenFDcjVJeDRoWlB3TGk3Z1ctWURCWUhGUGUxMGppcmVfOVJ6VjZhUXhSbUZJX0FDOVNqZ3BrVms?oc=5,"University of Alabama at Birmingham Placements: Internships, Salaries, Job Opportunities, FAQs    Shiksha",True,시장,,중립,Student Housing,낮음,대학 취업 정보 웹사이트 기사로 학생주택 시장과 무관한 교육 및 채용 정보를 다루고 있어 부동산 관련성이 없습니다.,True,
aa74be9058f7,2026-06-08 07:22:24,2026-05-11 07:00:00,Student Housing — University of Missouri (MO),Boom in student housing changes life in downtown Columbia - Columbia Missourian,https://news.google.com/rss/articles/CBMi6AFBVV95cUxOaTZDSkdMaXZUcnNHcG1qeS1PSnk1Qmx0WThSdnQwaEpZZ2RGWVV4NGZMSHRjWHQ4dlpTbjgyZEJtYTNiM2FLMnRIdGdYc0JndEFoeWJsdW8tcGZROUpCaXZrODNycHR0RjUyanF1WTBxd1h3VDFiU0lvM2g2SWk2WWp2bml4S2JVV3NwNUh6eWdndkV1b1V5QWl0Znh3MXQ0UllSSHRTS2NtbkloYmwzT2JRaVZhUGlEUlR6NVVVS2xDRlc0MnhWdmVjVHNfQ0ZwbjlFajVFMWsxazV3SW1vNFc3Skl0Q05W?oc=5,Boom in student housing changes life in downtown Columbia    Columbia Missourian,True,시장,"market_data,rent_occupancy",강세,Student Housing,보통,"대학가 학생주택 붐 관련 기사로, 다운타운 컬럼비아 시장 데이터와 임대 동향을 다루는 시장 분석 기사입니다.",True,
006289c6f427,2026-06-08 07:22:24,2026-05-13 20:05:36,Student Housing — University of Missouri (MO),Core Spaces Closes $1.6B Student Housing Fund - Multifamily Housing News,https://news.google.com/rss/articles/CBMihAFBVV95cUxNaE82eTFFeDJvRG1wbVR0ZlA3bkhNVmx1Mlk4SU44Y1FrSzZvelY4aktxQV90NEZWUUhTVDJyRTJuSkVoQW51Q2tTcG9RNE1iSThhOXc0c29ieENrWDNsV2pYRzI3TEpka051eHp2X290ZEhvYzMtQUw3S2Y2NnFYRTNxRmM?oc=5,Core Spaces Closes $1.6B Student Housing Fund    Multifamily Housing News,True,GP·자본흐름,financing,강세,Student Housing,높음,Core Spaces의 $1.6B 학생주택 펀드 조성은 대규모 플랫폼 펀드 형성으로 Student Housing 니치 섹터 자본흐름을 나타내는 GP·자본흐름 카테고리 고도의 관련성 신호,True,
cbbe9d61e79f,2026-06-08 07:22:25,2026-05-15 07:00:00,Student Housing — University of Kansas (KS),KU architecture students build house for community members transitioning out of homelessness - KSHB 41 Kansas City,https://news.google.com/rss/articles/CBMi5gFBVV95cUxQVUpNeFp4RFBxRmtWamltSUtnTmFrZjVRQVhmVm5rZU9OSlRadFpZdVBuLUZCWU9XVjY4OFpwV25DNklWejBZMzN6Vml1czM0cmxVNkhCYVVFRXEweW9kMmtob3FINmt6MkFnWVpqRGdlYjdFS3liOHAxWlVvWDZrNkU1Si04ZUp3MU9TWkI4TlRKYW1oUVJ2UGx3em44dFlZTVFWNk90NTg0WnJPcWJMeF9ZblBWYkVQUGlQY2hnOFVtQzZLaGdYalhwZ2U5RmVYQ3dfTFUtMnJVZS1UOFVha182UVA1dw?oc=5,KU architecture students build house for community members transitioning out of homelessness    KSHB 41 Kansas City,True,시장,policy,중립,Affordable Housing,낮음,"KU 건축학과 학생들의 교육 프로젝트로 주거 정책과 무주택자 지원 관련 사회적 이슈를 다루고 있으나, 실질적 부동산 시장 데이터나 개발 동향과는 무관한 교육 뉴스",True,
332d7694ca41,2026-06-08 07:22:25,2026-05-30 18:00:00,Student Housing — University of Kansas (KS),Proposal for women's football stadium among projects from The University of Kansas - Dezeen,https://news.google.com/rss/articles/CBMilgFBVV95cUxOWVFMS2Z4OGh6LV9JLUM1YXlrTElHd211bEdXaXZpVWV1LTlqeXpoclNSWTBHTjFKRm1hVlZMa2NQUEdvcUFkS2NQMUpqVnJERUFkeUowQWlUeC0zNHoxTWYtMWdDNzk1dzB3MVZPWHQtNE1fbWlVbFJLTEJGUFNyUlVDSFNpaFRqRTNMUW1VNi1Vbjh3a1E?oc=5,Proposal for women's football stadium among projects from The University of Kansas    Dezeen,True,시장,policy,중립,Student Housing,낮음,대학 운동시설 건설 제안으로 학생주택 개발과 무관한 캠퍼스 인프라 프로젝트이므로 우미의 주요 관심 영역과 거리가 있습니다.,True,
c887b00a43e9,2026-06-08 07:22:29,2026-05-28 07:00:00,Student Housing — Columbia University (NY),"Columbia opens applications for 8 affordable housing units to nonaffiliates, exceeding previous commitment - Columbia Daily Spectator",https://news.google.com/rss/articles/CBMi9AFBVV95cUxNODdpM2NXMWlsai1xb3AxZUY2dGJlTnN1YkZsVklBbENYSWVvR1I1VlEyS0dLLXdleGh6VVJleUdJcjY4ZXFIS0pxTEs5X3d6Y3ZFN3YxYjhXVkRTUkV1cG5CSGNlYTdyY0FDa04xRDA0ZmdLQjNqU0RrdFU3X1g1TEo5WktfX3BjbnQ1N2tPOUVsUHBzcGtHSXIzazkxSzEzN2dRSkVlV1pPdmppMW1JSHVqMHBoZ2hYUmhKbGU5Nnl5MjR2TG5zNExQWUxWLUpwcGxmckpoZE5zUjFPNW5XY0JSRWxPR3Z2ZHozQUc1YXRWU05U?oc=5,"Columbia opens applications for 8 affordable housing units to nonaffiliates, exceeding previous commitment    Columbia Daily Spectator",True,시장,policy,중립,Student Housing,낮음,"대학 캠퍼스 내 소수 저렴주택 공급 발표로 거시적 시장 신호보다는 기관 정책 이행 소식이며, Woomi의 학생주택 개발 포트폴리오와 직접 연관 없음.",True,
7f90fdf1fd4b,2026-06-08 07:22:29,2026-05-20 07:00:00,Student Housing — Columbia University (NY),PGIM Joint Venture Acquires Riverdale Housing from Columbia University - Connect CRE,https://news.google.com/rss/articles/CBMiqgFBVV95cUxObFFPLVE2VmpBRVc1cXBVQzJZT2RoTEx6c2RlSXhqMW0xTjRjbTUxZXJENlNDSUVQZ29jVUZaMlNaUDk4R1hpVGc0MVhWUlIyeWF0Um9lWDNpV2toZ2hqcFNYdTFpVFNiNFBGVjd1MnlDMGMwTXpnWFNvUU1hMk5nTmNfSmxNOW1kRGhMN2dXLTBIdWJCOUVidHpLVGVNVFhiY29CckVENDV3Zw?oc=5,PGIM Joint Venture Acquires Riverdale Housing from Columbia University    Connect CRE,True,GP·자본흐름,"transaction,acquisition",중립,Student Housing,보통,"PGIM 주도의 조인트벤처가 콜롬비아 대학교로부터 학생주택 자산을 인수하는 거래로, 단일 자산 M&A 거래에 해당합니다.",True,
41cbd9cf83cc,2026-06-08 07:22:29,2026-05-15 21:53:46,Student Housing — Columbia University (NY),Columbia Student Arrested by ICE in a University Building is Released - The Indian Panorama,https://news.google.com/rss/articles/CBMiqAFBVV95cUxQdFFJNDA1QWpKdnhmaGdub2FVNnlCOXFTSnUySXRkczcwRzBCNzF1ZGJJb0txT0FWYVE0OE9xQ1RWODhHU0ZkVHhGN3FnZVdUWVBCTGV2cDV4djlXUlI2TDdqVW1KRlVZcFZmS25FcmR0X3AySG5xNkpINk1yeGRsaGtLMC1JbzRhZUJTYmNVT1FvMGpsQm1jZ0JfT3EzQWFfa2pEdFJFN04?oc=5,Columbia Student Arrested by ICE in a University Building is Released    The Indian Panorama,True,시장,,중립,Student Housing,낮음,"ICE 체포 사건은 학생주택 부동산 시장이나 개발과 무관한 정치/사회 이슈로, Woomi의 주택 개발 전략과 직접적 연관성이 없습니다.",True,
82e7b1fb00ae,2026-06-08 07:22:29,2026-05-29 07:00:00,Student Housing — Columbia University (NY),"The priciest US colleges now cost over $100,000 a year. These are the 30 most expensive schools in 2026, ranked. - Business Insider",https://news.google.com/rss/articles/CBMieEFVX3lxTE9CQzRaNm1ZMzJCZXkwUEVkLXR3dl93T3VOc3cyWFgyYkJKU2s5cWMwVGx1b1FsdDRRNVZPekZXTVZGM1J3ZTEtaWxxU1RpNkVJanJFTERlNWYxbl9oX1Exc0htQ0VILWlmSFhhT2RsV1NEUTVWM2tKWQ?oc=5,"The priciest US colleges now cost over $100,000 a year. These are the 30 most expensive schools in 2026, ranked.    Business Insider",True,시장,market_data,중립,Student Housing,보통,"대학 등록금 상승 데이터는 학생주택 수요 트렌드에 영향을 미치는 시장 정보이며, 특정 대학의 비용 증가는 학생주택 임차인 기반의 변화를 반영한다.",True,
006a1c4cf648,2026-06-08 07:22:30,2026-05-14 07:00:00,Student Housing — University of Wisconsin - Madison (WI),State seeks bids to build new UW-Madison dorm by 2028 - The Capital Times,https://news.google.com/rss/articles/CBMi1gFBVV95cUxPRGZvTTBSLVAyQy1DQi14clRUOUdRMnRyN1FSYUE5NEh1eDdvUGV3T0s5eF9ubUtXXzk3dUhxMlFyZGNUNkstVlQzeEhUYVJhVjdkbnNUWS1xb1BucC1hNlRqZng2RjBoVXQzZ00yQTVucWhJY09sbnhxX01KMjZvWjNsS1pUX1BIYXN0elN4aGk3OERjQlR1azE4Z1BNM2pzdFN1VTVGRHhaVDkxVjFaeHcxSGdrT0dyMDIzVzJFWGROdzFFQkRGMmFHWXRXbmxhM3dHakl3?oc=5,State seeks bids to build new UW-Madison dorm by 2028    The Capital Times,True,개발,permit,중립,Student Housing,보통,"UW-Madison의 새로운 기숙사 건설 입찰 공고로, 공공 부문 학생주택 개발 계획 발표이나 구체적인 지표나 성과 데이터가 부족하여 시장 신호로는 제한적이다.",True,
1f59c6a3ffb8,2026-06-08 07:22:30,2026-05-21 07:00:00,Student Housing — University of Wisconsin - Madison (WI),"Food insecurity higher at UW-Madison than other colleges, survey finds - The Capital Times",https://news.google.com/rss/articles/CBMi6wFBVV95cUxPYW5IR2YzdG1OcmN0dVBkaG5BZVhHZjJxQmU3bng1RlVjUHN0UUZVUExGQnltS2pqTjBYOHY4S2Vidl85OVhlM29HR2Vnby12V1dIam8taVgyTE5oaTRiY2RjWGNTX0xyYkRBN2NmRkE0bDdSdHdXYzh5anRLMzBqUXo1dzE4NHJETUo1VGJrU0YzcHgxRUxEWmhoRG1IWW5hZjJaX2tKMjN5QUVZSVdpVWY1UmNVUjNJcDhuOXBzTjNLaXBJZVdGSDNCZkpubVA5UnBrQjJfcHpYN1dBMlFSczVNWnl2a0ZvN3c4?oc=5,"Food insecurity higher at UW-Madison than other colleges, survey finds    The Capital Times",True,시장,market_data,중립,Student Housing,낮음,"학생 식량 불안정 조사 결과는 대학 주택 수요와 무관한 사회 정책 통계이며, 부동산 개발·거래·시장 데이터와 직접적인 관련성이 낮습니다.",True,
8939288b1b22,2026-06-08 07:22:32,2026-05-19 07:00:00,Student Housing — University of Iowa (IA),Then and Now: See How University of Iowa Dorm Rooms Have Changed - University of Iowa Center for Advancement,https://news.google.com/rss/articles/CBMia0FVX3lxTFA3UldLcFBHd3pYMlk2SkRIeEpJRFVNN0U5VDhMaDFXRUJ5aWE1dVpwYjEwS2ZlNWZWemJOWk1rQmdZSktpaEpOZ1ltV1Z2LXBiaGRKSDA1bkVOZ19GcTdFVnIzM1pOX3ZPNk5Z?oc=5,Then and Now: See How University of Iowa Dorm Rooms Have Changed    University of Iowa Center for Advancement,True,시장,rent_occupancy,중립,Student Housing,낮음,"대학기숙사 시설 변화를 다루는 역사적 회고 기사로, 구체적인 시장 데이터나 개발 소식 없이 단순 정보 공유 성격으로 분류됨.",True,
8f7240f8db9b,2026-06-08 07:22:32,2026-05-14 07:00:00,Student Housing — University of Iowa (IA),Vesper Holdings Announces Acquisition of Newly-Built Student Housing Community The Hive Located Near the University of Iowa Campus - Yield PRO,https://news.google.com/rss/articles/CBMiWEFVX3lxTE1ObFUyQjB2Y2dzN3pWbVZrMHlLelkwR1NucG1KSThhaEo3TW5oeHRQaDFjUkVTWUlwa1dsYURDc0dLcmxJenpKVklTOXdOY3BzdTRrOHRCY3I?oc=5,Vesper Holdings Announces Acquisition of Newly-Built Student Housing Community The Hive Located Near the University of Iowa Campus    Yield PRO,True,GP·자본흐름,"acquisition,transaction",중립,Student Housing,보통,"학생주택 신축 커뮤니티 인수 거래로 자본흐름 범주에 해당하며, 단일 자산 규모의 일반적인 거래",True,
ee03733b7e59,2026-06-08 07:22:34,2026-05-20 07:00:00,Student Housing — James Madison University (VA),Chicago’s Scion joins Ares in $910 million student housing deal - Crain's Chicago Business,https://news.google.com/rss/articles/CBMipwFBVV95cUxNU0FwLUhiUW5OcHM0THpXS2dUcC0wbU1fXzlSTTJLc2N6ZlRjdE1ZWDI4SGFwWlJKMjlfVmdkZDN1NzJHNzNHcENTWWE2YjVJT1NYVFZZOVgzdmIxajduejVadmJ5b3pWdnR4SGdnR3VyNzJHeldlcEc4MEZud2d5V050MHFudTRHYmc5cWg0M3dmdjY4NWlLZ2VpOHhwLWJtU2RDNVpKVQ?oc=5,Chicago’s Scion joins Ares in $910 million student housing deal    Crain's Chicago Business,True,GP·자본흐름,"transaction,acquisition",중립,Student Housing,높음,"Student Housing 섹터의 대규모($910M) 트랜잭션으로, Scion과 Ares의 협력을 통한 포트폴리오 규모 거래로 분류되며 Student Housing에 특화된 자본흐름 사례로 높은 관심도를 가짐.",True,
a822de180f20,2026-06-08 07:22:35,2026-05-29 04:07:00,Student Housing — Cornell University (NY),"50 Years Later, Ithaca Faces a Different Housing Crisis - Ithaca Times",https://news.google.com/rss/articles/CBMi0AFBVV95cUxPS3RxemJQc09oZEFYNDVpQWo4Y0ZzaUtGVHNzUzV2aUN1eEtwUE5DUkdmZE9xYTVjWWpqZGpkZG10UVVFZkc0Ym5KZFVldWRyb09CRF84VThrQ240clkxSTZ5dFZMMV8yeVUxODM5VURmWTlRYWN5RUpLVU1tUlptZ3lJWUdrMTFBMjROZFRDUXVHN2l6TEk0X0h2ZzVEVHpobzItOFhrNjVpaDFlUktiMnpxT0pLWTVnRzlHOHdXZ3FkTVo5STdCS3k0WGtPT1Bq0gHWAUFVX3lxTE1QSnR4bC1hNHNadk0xbUllVGhUZnl3S0hhaXNlTVgzYUxTTExSSklqem96eFVhek9kX1VZRVpEUlJJLWYyY2RjU0h6NkYzWVFoaUxDdWlDZXMtTXZOaVVuRDQxcGdfV2tQTW9md3lMZE94Nk9weGR6YXhJcG9ua2JuejhsZDVDV255UkRjV2MtazBST2ZJMGNlX2ZwVVVMc0lMVFpQZEUwd0xGUWdEdm84cUQ2ZEw1eG5ocHFHelNyMklJcUVPaFBvUjR3RU1UVkxWWXZIX2c?oc=5,"50 Years Later, Ithaca Faces a Different Housing Crisis    Ithaca Times",True,시장,"market_data,rent_occupancy",약세,Student Housing,보통,"이타카 지역 학생주택 시장의 공급 부족 및 임대료 위기 관련 시장 데이터 기사로, 지역 수준의 수요·공급 트렌드 분석에 해당합니다.",True,
31b4bc8d88d9,2026-06-08 07:22:36,2026-05-13 07:00:00,Student Housing — Purdue University (IN),National Student Housing Report – April 2026 - Multifamily Housing News,https://news.google.com/rss/articles/CBMiggFBVV95cUxNNnpwWjJ1MUUxVmV4TFVYUkRITXNpQTlIMEx6eEdXVDg4UTVvZ3lpUGZPMmlqUUxyZGdlLWVPMHg2MUhVRjJxOXVoVWo3SzFpcDRQSG9xeFVVdVFTNlpOZW1icm1mZHZQNVdwdUxOVjJDODhQUy1YTlhYcEtEWWhENy1n?oc=5,National Student Housing Report – April 2026    Multifamily Housing News,True,시장,market_data,중립,Student Housing,보통,"전국 학생주택 시장 데이터 리포트로, 시장 트렌드 및 통계 정보를 제공하는 시장 분류 콘텐츠입니다.",True,
100512e28005,2026-06-08 07:22:38,2026-05-19 10:57:19,Student Housing — University of Georgia (GA),Morrison Avenue Starts Construction at Hilltop Athens Student Housing Community Near The University - MultifamilyBiz,https://news.google.com/rss/articles/CBMimwFBVV95cUxNX3hmSllablFyc3pFczFQcTNJYnMybVNNTjJ4eVFYZ2t4eTluUzRmZUs2WGRXUVl6MXI5MDdHaDZsQnFzbEV2SGxZRmVfRkdKN1hTek5fUnFjT0pUeENlMHlTbWw4Q2p2TW9IUjRnVUFoOFc5bW9kMUtZVFJjOVptenJGUUc0WlRfclVoWVc3Qi1QVUVYZTZHSk9TRQ?oc=5,Morrison Avenue Starts Construction at Hilltop Athens Student Housing Community Near The University    MultifamilyBiz,True,개발,construction_start,강세,Student Housing,높음,"학생주택 프로젝트의 착공 시작으로, 개발 단계의 구체적인 진전을 나타내는 강세 신호입니다.",True,
2aff76048ca1,2026-06-08 07:22:38,2026-05-14 07:00:00,Student Housing — University of Georgia (GA),Morrison Lands Financing for Georgia Student Project - Multifamily Housing News,https://news.google.com/rss/articles/CBMijwFBVV95cUxNd0dFVHNjQk5sUEtQaEo3VW9Gd0tHeTBqNmdmRjY3dFBweUszYkQ2SDdqWGk2TWNSMnRiRVp5U1RjRUotRzF5TURKSVZOWU5Pb25JV0V1cW5xQUpkZnJxZnplWjNTSmdpY0U1Y1FpNmZrc280bkRRd3haMUdzenpsWE4wZDhYWGNGU05WQ3JnRQ?oc=5,Morrison Lands Financing for Georgia Student Project    Multifamily Housing News,True,GP·자본흐름,financing,중립,Student Housing,보통,"학생주택 프로젝트의 자금조달 완료로 자본흐름 관련 기사이며, 단일 프로젝트 규모의 파이낸싱으로 보통 수준의 관련성을 판단함.",True,
075ca384dd99,2026-06-08 07:22:38,2026-05-13 07:00:00,Student Housing — University of Georgia (GA),Real estate firm Morrison Avenue to bring student housing brand ‘Hilltop’ to Athens - The Business Journals,https://news.google.com/rss/articles/CBMilgFBVV95cUxPT1hwZVVYX3Y0MjdtUl9RbERCajh2Y0xNQjlaeXpmS09FX1F0aDZYalRDNjNuWWRva3FZY0RMWFk1bTZCcllxRTVXNkpNMlFJWWZVdEF5Uko4SFB2MTFQTVpfRERrSFp1bjhDT2RWdkE5U2JlaDNmSU50TE1mellubExfczM1Nk43ZDU3WHpNSmdLS2xKTEE?oc=5,Real estate firm Morrison Avenue to bring student housing brand ‘Hilltop’ to Athens    The Business Journals,True,개발,development_plan,중립,Student Housing,보통,"Student housing development plan announcement by Morrison Avenue for Athens, GA market; confirms project intent but lacks specifics on timeline, permitting status, or groundbreaking confirmation.",True,
8b65e257b301,2026-06-08 07:22:39,2026-05-11 07:00:00,Student Housing — University of Washington (WA),University of Washington student found dead at off-campus housing - Kitsap Sun,https://news.google.com/rss/articles/CBMixgFBVV95cUxNMDhVZnVQTnFhbDJKUnplQ1pjSnhKcElaZ0d6Zmp2LW5NcGxWZ29Lb3RjTVBSNV9RbUJjdmpfaGJIZTFSc2hIOV9lSjhCV0ZuT000OG80NTZXNnZHUE43NFBWczFobnQyaVdXVFQySm95RW1pSTlqOFJINlJocFVzVjU4aXFfRzNudEZCV0VEYVA2clQ3WVZkeHNCOWg5blJGMG9yYzdTYl9VNHg0S3dDdHAyQzJGeFNBUG9hdTJjZ0NUMHgwU2c?oc=5,University of Washington student found dead at off-campus housing    Kitsap Sun,True,시장,,중립,Student Housing,낮음,"학생 주택 관련 사건 보도이나 부동산 시장, 개발, 또는 자본 흐름과 무관한 안전 사건으로 분류됨.",True,
dfca821a46a5,2026-06-08 07:22:39,2026-05-14 07:00:00,Student Housing — University of Washington (WA),"UW community mourns student’s death, questions safety measures - KUOW",https://news.google.com/rss/articles/CBMilAFBVV95cUxObzJyNmFURGFmUU5zb1kyQThjd3R3T1ZWeVYyMlNxcDR3Z2ZKZzJQemE1QkY1bUExbHRCcjk2SlVJQmZnS2hvc3dJRFloeWxORllaZmwzQW9XMUxCZS1QTk5LT09OenY0TDdWbkpEa00yNWEtOTZKemlnTVkyOEpzTjN1WXo0QlNHczBONHBPWXkwY0pR?oc=5,"UW community mourns student’s death, questions safety measures    KUOW",True,시장,policy,중립,Student Housing,낮음,"학생 안전 관련 뉘앙스를 포함하고 있으나 부동산 시장 데이터, 정책, 개발 뉴스와 무관한 개별 사건 기사로 부동산 투자 관점에서 실질적 영향도가 낮음",True,
17ea0b981c0c,2026-06-08 07:22:39,2026-05-12 07:00:00,Student Housing — University of Washington (WA),Student Is Fatally Stabbed in University of Washington Housing Complex - The New York Times,https://news.google.com/rss/articles/CBMijAFBVV95cUxQcXhlSk1tV3JSLWVCdWNOYTVCSkRZOG1uVnZvTElpM2xTZDNxVVU5V2ZPUGF6UEdoWkIxR2QxTUdKNzBNc1Vzc1lUMEIwOEtUcG1OUXB4dk04RkxRdlhpeXNTd2dVcHh5YUNmUER5Qmd6OTBRdGw2eDJZSkUxbkVvbl9KWXVMTVo1NEVTaA?oc=5,Student Is Fatally Stabbed in University of Washington Housing Complex    The New York Times,True,시장,,중립,Student Housing,낮음,"대학 기숙사 시설의 안전 사건으로 부동산 개발, 자본흐름, 시장 데이터와 무관한 뉘스 기사입니다.",True,
7482e3848252,2026-06-08 07:22:39,2026-05-11 07:00:00,Student Housing — University of Washington (WA),Search underway after fatal stabbing of University of Washington student - NBC News,https://news.google.com/rss/articles/CBMiugFBVV95cUxQRjduT18tWFRRME1sU1NxbUNMOFM0NUs4REFTOEphNk5nTTlWcTBOZnkzaUl4bGxja1ZWcmdoTjR1aG92R3RyRFgtaVVpeDhMd1ZlWERIQklzd2lnNUlNWW13TGtDb0hxUmdQd0I3WGhWRS1OcV9fZ2YtNGlBVmZpSm53a19FdW5WRUJYQWoxQ1FCZlM2VnJHLVFobGpmcDlRYUFSZDBjM0hOeno0N1F2TGFOSW5ZSDdMMFE?oc=5,Search underway after fatal stabbing of University of Washington student    NBC News,True,시장,,중립,Student Housing,낮음,"사건 뉴스로서 학생주택 시장의 수급, 임차료, 정책 데이터와 무관한 범죄 관련 기사이므로 Woomi의 사업 관련성이 매우 낮습니다.",True,
e78e8344d9bc,2026-06-08 07:22:39,2026-05-11 07:00:00,Student Housing — University of Washington (WA),"Police: Student stabbed to death at UW apartment, suspect on the run - KIRO 7 News Seattle",https://news.google.com/rss/articles/CBMiqwFBVV95cUxNcF84bjZybktyYzVnZXNHLVRNZi1Md0FGbTdNdWdmc3lFakpFQzAtdVpRZnIxM0dmV082OUpyTDZDVDJZWVRwMEprU0tXazA4WEhrYkEzMmF6WFNETXdKUDBhdEszSEMtdGxTbzc1cHNfWVFFMkN6b1JHS0JJZ29sUzZTaFJNS0VDZGM1ZDJRY2k2TVowZy1ubmRDQ3pncUJKNnBJY3pLRzJhZTTSAb8BQVVfeXFMTWl5VlkzbTByVmNVdHhERWhrdVdrV19HLUVLc3h6LXJ6MERhWGxJZFZXbHBjQnp1N3ViM0MxbTA0c3NSMUhHakVPM1JrZXZYZmZUR2xQaFlVTGhmdVEwQXdhelV5ckZiYVVXQlZ1S2VjZEdLNVhQdFJsV0x4bVZjcDJka2o3U0YyMXNZenFOeEFDOEZZTjlhenZrY0dXWWxaZzRuOG9ueUxlXzhGeFV3VE1ZLUtTc3hfdGhwMUFueGc?oc=5,"Police: Student stabbed to death at UW apartment, suspect on the run    KIRO 7 News Seattle",True,시장,,중립,Student Housing,낮음,"범죄 사건 보도로 부동산 개발, 시장 데이터, 자본흐름과 무관하며 학생주택 섹터와의 직접적 연관성이 없습니다.",True,
34f5cf898ed9,2026-06-08 07:22:39,2026-05-14 07:00:00,Student Housing — University of Washington (WA),UPDATE: Man Arrested in Connection to University of Washington Homicide - Seattle.gov,https://news.google.com/rss/articles/CBMiswFBVV95cUxQQkVVUEc0U3NHWmFCOXZLZE1naEVJakJTdEpUQWcyNjFPcENpU0FxZzJpVDc2RnBwWTlOMm5DVzlHb09rNjdHVWhOT3czREMyYk5GZHJ2bHJoOGtZZnNmdHMzRHhBbW50Z0tubTQ2WmdSWFEzM3U2cm94X0VxNk5YRjVEbHNWR0prRDlJb19ud1BtbW5mRWxmQzRJMjBOdGxDa1JpV0xYdTI3YWRodmV5SFI4Yw?oc=5,UPDATE: Man Arrested in Connection to University of Washington Homicide    Seattle.gov,True,시장,,중립,Multifamily,낮음,범죄 사건 보도로 부동산 개발이나 시장 데이터와 무관한 일반 뉴스이므로 분류 대상 외 콘텐츠입니다.,True,
f421c74c6bbb,2026-06-08 07:22:39,2026-05-11 07:00:00,Student Housing — University of Washington (WA),UW student killed in stabbing at off-campus Nordheim Court apartments - The Seattle Times,https://news.google.com/rss/articles/CBMirAFBVV95cUxQSkREY1J5RVI2eWZvdmxpcWViMDBlVWxuXzdpLUc4SC00Y2k0djNIXzVKTE82QkFqdEpoUkRiRnloYUNEaGpPbTdlYlNmczc1amR4SDJvSHlFS3NGNi1PeDJBNzdRckpnTVhJMXA1Rk1TNFVLMGoyWmE5SHI4X1BydXdGSFV5dmRjY1p3ZDM3UEZEQ0tMQzNoZWN6TjRvV1YwU0Q1bmt6OTFnLXBH?oc=5,UW student killed in stabbing at off-campus Nordheim Court apartments    The Seattle Times,True,시장,,중립,Student Housing,낮음,"범죄 사건 보도로 부동산 개발, 시장 데이터, 자본흐름과 무관하며 학생 주택 산업에 대한 직접적인 영향 신호가 없음.",True,
69a8fe40b152,2026-06-08 07:22:39,2026-05-14 07:00:00,Student Housing — University of Washington (WA),31-year-old killer stabbed trans University of Washington student 40 times in student housing complex: cops - New York Post,https://news.google.com/rss/articles/CBMi1wFBVV95cUxOR3VsRFRySmZtZDhDdFRsZnhtTzJfbU5VUmZTQ0V0aE0tUEI3V3lBS3hLSF9rMlU2YjUyWDRoTUhiNmc2RlZUc2R5bXkyd3QxMGN1U29sdWhyWTZXNlRJRTNRaFpqX0R5OUo5N3laeHBMTWstN1RHaUlZWGoyU1VuTG1GeDU1TkUxZ0hERklaSm5DZEY1blBiRXlPT194ZjZWQVFjdDUwcHF6dWFBUjYzVkF5aVFRQ1BEYjFaaXhUTnhnY3B4VUlJRnQ0TmczS2FBa05LdV9FRQ?oc=5,31-year-old killer stabbed trans University of Washington student 40 times in student housing complex: cops    New York Post,True,시장,,중립,Student Housing,낮음,"범죄 사건 기사로 부동산 개발, 시장 데이터, 자본흐름과 무관하며 학생주택 산업에 대한 실질적인 영향을 제시하지 않음.",True,
242ad6b9c052,2026-06-08 07:22:39,2026-05-10 07:00:00,Student Housing — University of Washington (WA),19-year-old student stabbed to death at off-campus UW apartments - KING5.com,https://news.google.com/rss/articles/CBMi2gFBVV95cUxPNERqWXowdTkyTFJsM29zdkpIRVN1NjBqaTE5dEh3SEp3NnlpcUVkUzNvakUzVlVEUVBNNzVRWW53aHFzWUhBYmtMbC1Iclc5dHo5ZFBEVVktOFZZdklpMGZVcVYxaHJMQUVlVm1MV25WbllIdGJOR1NQVzJTZjBZR1VzUHdoVm1icjRiU19jb2FyMnpsOHhTM2pRT1ByaVdFSjM4azllMngzR1JEQVlkaXBxZThhTDRrdmhqLTJIcnR2dU41Y2dMTEpBYzRtdWo3RFA1aGpYNXZjZw?oc=5,19-year-old student stabbed to death at off-campus UW apartments    KING5.com,True,시장,,중립,Student Housing,낮음,"범죄 사건 보도로 부동산 개발, 시장 데이터, 자본 흐름과 무관한 뉘스이므로 낮은 관련성",True,
c81906582617,2026-06-08 07:22:39,2026-05-13 07:00:00,Student Housing — University of Washington (WA),Suspect arrested in UW student killing - KUOW,https://news.google.com/rss/articles/CBMiigFBVV95cUxNU1dkVjRNZURpQ1JpQlE4ZGFrYk9KWU1hbTFKa3hmamZiajRuVHpWYWVxNUktVVpDR3hvVUllNTBMVWc5YUtjcWUtUHBqb2s0eVhmWWRFVEdINmlXVDJCcV91VUxvMEctQ0pTYW9lRFIwNU9fV1NNWFRiMGJoSjNDdVZXYkZmLU5Namc?oc=5,Suspect arrested in UW student killing    KUOW,True,시장,,중립,Student Housing,낮음,범죄 사건 관련 뉴스로 부동산 시장이나 개발과 무관한 일반 뉴스이며 학생주택 투자에 직접적인 영향을 미치지 않음.,True,
638668e5aee4,2026-06-08 07:22:39,2026-05-11 07:00:00,Student Housing — University of Washington (WA),Police searching for suspect in UW student's murder at off-campus apartments - KOMO,https://news.google.com/rss/articles/CBMisAFBVV95cUxQcnN6YW9DZXdxVFQwZEVNRjhJeU5uR0VxYXJ3aG82b0NkSkc5R1lta0gtd2x5R2NYRExvaFpTZnJjOW1GTkJmdExmd0RBQVdsNTZJMmFKb1V5eEtJNkttcEg1c2ZtN2pVRVR0ZFFUWFo2SmU1c3Q0ZkFuUm1jdTdfRkVldFJ1R0ZqanhFSms0SzBUSTNyc1NGVkJpX0dleGxhZkl2dzNtVlVYOTVDZXFkZQ?oc=5,Police searching for suspect in UW student's murder at off-campus apartments    KOMO,True,시장,,중립,Student Housing,낮음,범죄 사건 보도로 Student Housing 부동산 시장 자체와 무관한 내용이므로 관련성이 낮습니다.,True,
974d6ff0c120,2026-06-08 07:22:39,2026-05-11 07:00:00,Student Housing — University of Washington (WA),"Female student, 19, stabbed to death in off-campus University of Washington housing - New York Post",https://news.google.com/rss/articles/CBMilwFBVV95cUxQT25GajNobE42bzZneTZhTG5qUmtBN3AxMXJOUS1IdkNud1VuUmlBdDRUcVA0ZkpoUDJfc3VzT2NkLUpsZlVwZ29RZE5TalZVSEh4N2E0c2J6d3duX3dBX1Y2Vm9yWkJKcFB5M0d0VUpLUG55Vlp3R0FnMmVoSjNyRXVEUTI3a1RFaU14Z3lLdHpreEFlZkZJ?oc=5,"Female student, 19, stabbed to death in off-campus University of Washington housing    New York Post",True,시장,,중립,Student Housing,낮음,"사건 보도로서 학생주택 시장의 수급, 정책, 운영 데이터와 무관하며 Woomi의 개발 또는 투자 관련성이 없음",True,
f2158c2a205c,2026-06-08 07:22:39,2026-05-12 07:00:00,Student Housing — University of Washington (WA),Killer remains at large after fatal stabbing of UW student at off-campus housing - KING5.com,https://news.google.com/rss/articles/CBMi5wFBVV95cUxOODgxSlBVMGhVZm5lWjhyWkVlRmtaNnNDZDlsZDg0cGF5cjVZN3RWcXJmMTZNU1RFNk03elNoVUJZckFlZmQ4U2ptZHV2LWxOYUhyOWJVZDZzMFo2NkYzT0YxaU82MGxwTGx2eFlXVXNBbjFMX1duQTVQdnFCZDFJMFZxVGNYLUVnUm9vSjJzVDdHdUptWUU1alpFV1JoN2dhNExYMURSVjNVLW5hbGQtOE4zSHRmVGtmRjVGNUowQ3ZoVG5XaXExZDRHM0xqNVRsTDFiZG1ZeUY2OTc5cXhnSXUtLXB6OU0?oc=5,Killer remains at large after fatal stabbing of UW student at off-campus housing    KING5.com,True,시장,,중립,Student Housing,낮음,"범죄 사건 보도로 부동산 개발, 시장 데이터, 자본 흐름과 무관한 기사이며 Woomi의 사업 관련성이 없습니다.",True,
7ba17979c1be,2026-06-08 07:22:39,2026-05-14 07:00:00,Student Housing — University of Washington (WA),Victim in deadly UW stabbing identified after suspect's arrest - KING5.com,https://news.google.com/rss/articles/CBMizAFBVV95cUxPV09SMWloYkRVNk90aE5zWWxoTE5pZWM3LXB1eUZNR0ZFQS1sN2V1NC13MU9Sbml6SlJacTZyWnZCYVF1Y2lPVFk0R1Z5OTBOVkVfdmVaM01yR2FOTFF6SFg5TG85RnoyamNSMHpha282MGN5X2tFd2l6TjdiaUhUd2ZGRFBZNVFfTkJTWF9CTHJlSWZvMU1MUGpkT3FMeXJidm5xbldiRHBfOGw2dUthYzhNLWdQVDVjQjZkMFFGR0pVVVRCTGpnSEZlMHc?oc=5,Victim in deadly UW stabbing identified after suspect's arrest    KING5.com,True,시장,,중립,Multifamily,낮음,"범죄 뉴스로서 부동산 개발, 시장 데이터, 자본흐름과 무관한 내용이므로 실질적 부동산 관련성이 없습니다.",True,
f63e5cf53e4b,2026-06-08 07:22:39,2026-05-21 07:00:00,Student Housing — University of Washington (WA),New video shows UW murder suspect in laundry room before student was found dead - KING5.com,https://news.google.com/rss/articles/CBMiwgFBVV95cUxObDh6Q2xwZjAyUnFHbzNUdVI5ckRrU0RCb1gzd0hWNUt1SzQ5X2tRVlBNcmFObVM3SjQtUHVyWHpfUTJPX0pZTXBEZEZvUlNHVURyZGlRNmdTQi1yeWRKRXZFcHdCZHA4MDVtM29OUmJfSWw2eFBLMWNIU3pnMzR1eERJcjFQTV9PazR2OEpmaTlMdjBLc0lmVkh4ZGVzU1ZzTmctRVY4U2ozSFV6Q2JyYmxhRHJVWEF3aDNlb1JwQUM4UQ?oc=5,New video shows UW murder suspect in laundry room before student was found dead    KING5.com,True,시장,,중립,Student Housing,낮음,범죄 사건 보도로 학생주택 부동산 개발이나 시장 데이터와 무관한 뉴스이므로 부동산 관련성이 낮음.,True,
c80bfc24b744,2026-06-08 07:22:39,2026-05-11 07:00:00,Student Housing — University of Washington (WA),UW student found dead at off-campus apartments after report of stabbing - KOMO,https://news.google.com/rss/articles/CBMivgJBVV95cUxPQXZnRk9zRDVobHd5M0twLXRtQy0zbkdlelZaWEx3SGxtZXlJQjhQRFQ5bW5WX05DZk9FdnJSSFFGalZ0YVZXajRXNHFmLUt0MDZkc3JSSXpfdHhCcnprOXlUejZzV2lSajBhclItOVlUOFVJU1prY3JucTd5LXhtQjhEdDdnSWpUc3FScjJjLVdHajFTRDhRMWJCeEY3TkFxV1FXamhrZ1ZoeEhMdXJFdmNaNlBnX1EwOU50UXpyUUJOeTU3b05TWXkzdlBUMGlvaGEtUzN2Z0FUYkdoM01VZ1dWSjBKRzlpelNnRWtQX1I4cmFxSU5wanBpc3hveXQwX2dJWDlTZ0dpc0lCYWNWSlBKc2ZTSHdqWWNJZzkxQU1hSjdjaEcwa1MtOHJVOExxVWVVckhzUjhJLXQxRlE?oc=5,UW student found dead at off-campus apartments after report of stabbing    KOMO,True,시장,,중립,Student Housing,낮음,"Safety incident at off-campus student housing is a local crime report unrelated to market fundamentals, development, or capital flows affecting the residential real estate sector.",True,
122490a3073d,2026-06-08 07:22:39,2026-05-12 07:00:00,Student Housing — University of Washington (WA),"UW student killed, police still searching for suspect - KUOW",https://news.google.com/rss/articles/CBMif0FVX3lxTFBWOG50YktCWUdrbl9CTkgtNzAzSGVZQU1DWFZOQzJBZ0g2OFU4MFBudnhIMG9zeE43amtkVEJ0VXhCRjhVclRQRWg5dnNlREJxZVg3RUhsVlE2bWFXbEpqQnJLUVI2d1h3Z2ZxYmpTMXBobmMtdzNlMEdQbWplREU?oc=5,"UW student killed, police still searching for suspect    KUOW",True,시장,,중립,Student Housing,낮음,"범죄 사건 뉴스로 부동산 개발, 시장 데이터, 자본흐름과 무관한 일반 사건 기사",True,
46f10f3f65cf,2026-06-08 07:22:39,2026-05-15 07:00:00,Student Housing — University of Washington (WA),Suspect surrenders as UW campus mourns death of student Juniper Blessing - KING5.com,https://news.google.com/rss/articles/CBMi5gFBVV95cUxNeUdXSWRJbVo1VFExMmZqN01wdEhaSWJXUFBFRGVTM2JndVQ4bXZ0V3pHTVZPSFd2QUdZNjQ0SklvejZTQlZUMkpNUnZubTFRMlZBUzlQdTBEdHhKUWpvbFdlLXVOM2p2VExYYUxVVjYyQTN4dUUzSDhWM2J3WTlDb3pEOThhVllEUm9HSU1pNHZMNmduTjhIblV1aGYwcmFRV1VNejVfOE0ycjlLbFdsOVNjaXo2Wk1YR3A3Q2x0MDhrYnNzdkVMeWNPa1o1bmZIV2VWVkx4Rlp3bEVKMVFITDVjY2t0Zw?oc=5,Suspect surrenders as UW campus mourns death of student Juniper Blessing    KING5.com,True,시장,,중립,Student Housing,낮음,"학생 사망 사건 관련 뉴스로 부동산 시장, 개발, 자본흐름과 무관한 범죄 사건 기사이므로 분류 대상 외",True,
2e53cc8e64f3,2026-06-08 07:22:39,2026-05-11 07:00:00,Student Housing — University of Washington (WA),Transgender University of Washington student stabbed to death - KPTV,https://news.google.com/rss/articles/CBMimgFBVV95cUxQbl9odEhNWl9aRThJeWx1czRVbFZZTFoxdklCdVNJZEotSWRjYkhvRmltNDM0bVJBc01seWJKWDBITkpwNmFBMWRGeTZyTm9pOFR1VjQ4ZnZpU001Qi1UOGVyT3NMc25nWFFTMktYVDRtNnVLcVlOeXcxaTY1VTRIRkJ1VXEtdm85SGYxNE51RlFGVGh6MEJKamJB?oc=5,Transgender University of Washington student stabbed to death    KPTV,True,시장,,중립,Student Housing,낮음,"학생주택 관련 범죄 사건으로 부동산 개발, 시장 데이터, 자본흐름과 무관한 뉴스이며 Woomi의 사업과 직접적 연관성이 없음.",True,
a3f9874967d5,2026-06-08 07:22:39,2026-05-15 07:00:00,Student Housing — University of Washington (WA),"Transgender University of Washington student stabbed over 40 times: Court documents - ABC News - Breaking News, Latest News and Videos",https://news.google.com/rss/articles/CBMiqgFBVV95cUxPRzdCV0dCbnVvaHI1N20wMWZYNURRODB2dUotVldadEdGbE1PaklwNWJCb2xxdDJaMmJxOVBMeDhvZkdRTExDTFB6NDFPUS0yUVItUy0wakZRaHFqeDJKS1UycFBqWlZBQjIxd3FFTEpvLU9RWHFrdmJCQ2VQRUVOTk1hN09id0pDaFBxZjlVM2U3MzRlTDg2QVVhTmZXVkhPZWVVWk52QkQtd9IBrwFBVV95cUxOcEhqV3BXWTRaMmZBUmV2WW9SM3lmQ1dtNm5lRzdNNV8xTHdiNl92RXdOMTNzNS1rMDZUeVZaZFBFZWtBWnFEWWVqMDRmYnFlYXRXZl9qeTZWX3pTUlR2VFU3RzRSLW9ZaXNxVFIyY19rOEpkeGZKOTllcEZoa0tsOHRFWWpCcGtTa0xVV1l0SGhDUmFwbnk5MUhyeFBCZlZKdFduQkhsd1ctdng1ZHNR?oc=5,"Transgender University of Washington student stabbed over 40 times: Court documents    ABC News - Breaking News, Latest News and Videos",True,시장,,중립,Student Housing,낮음,"범죄 관련 뉴스로 실제 학생주택 시장 데이터나 개발, 자본흐름과 무관하므로 부동산 관련성이 매우 낮음",True,
85189c6c661d,2026-06-08 07:22:39,2026-05-14 07:00:00,Student Housing — University of Washington (WA),'Most amazing human being we have ever known': Family of UW student releases statement after fatal stabbing - KING5.com,https://news.google.com/rss/articles/CBMi2gFBVV95cUxPaFgwMVdhTXVoQXc3YTFQWGtBQXZURDY0el9VYkVRX3VyVm5ITXFJbWpFcC1RN2xQaEJXS3BoOUVFWXVoVjkyeTR0QVRxMzF0VlN5aGhHdG1mdU10cGxsV01leExDeXFmSDJ1NXJTRzBkOXZMMHpyclNQRlY5WktXYkdseWtWd29RaTJmeUh3SHphWmxRc1EydWxZcThScEowcmNSMjZzNXRTaGRNREMwNkxob2YxdUZpNmlBVmFYejFUaFA2c2NYNXNQTFJKdUlfT2dfbWQtbEF0QQ?oc=5,'Most amazing human being we have ever known': Family of UW student releases statement after fatal stabbing    KING5.com,True,시장,,중립,Student Housing,낮음,이 기사는 워싱턴대학교 학생의 비극적 사건에 관한 뉴스로 부동산 시장이나 개발과 무관한 범죄 관련 보도입니다.,True,
ae1f680bca53,2026-06-08 07:22:39,2026-05-12 07:00:00,Student Housing — University of Washington (WA),"University of Washington student found fatally stabbed, police say - USA Today",https://news.google.com/rss/articles/CBMi0gFBVV95cUxQVHpUMmt6UnZMOVNuQV9hRGczUW05STBvLS1jZ0JzX0dTc1RNN3dlUkNnR3puMFZpb0F3b2VEUHRoYTlsWTVvVDUyYUxtbUNVVHBRWEFmV1MzSDFLMnNqNFlnY2t1Vkl3MGpNQWx2Qmo2aW11Zkw1Mko4ZU9WWjM0QmZrLVA3MElsdmVVRlJjek4zdldET0xIck1HVjlTRU1iMHQ4MER4dklFZGNnYkFWSmRLVGp2VkU1VTlRdHNGQTlFZXo3YTRlMkRELUdIYWRwYUE?oc=5,"University of Washington student found fatally stabbed, police say    USA Today",True,시장,,중립,Student Housing,낮음,"학생 피살 사건 보도로 부동산 개발, 시장 데이터, 또는 자본흐름과 무관한 범죄 뉴스이므로 주택 시장 분석에 낮은 관련성",True,
a7fe0c0ffcca,2026-06-08 07:22:39,2026-05-11 07:00:00,Student Housing — University of Washington (WA),Student stabbed to death at off-campus UW apartments - KING5.com,https://news.google.com/rss/articles/CBMizAFBVV95cUxQU3c0VVJHMmxuZ1RSVkpyTHpGVEluV2xGbnVaMml2RHJJOHBzUGZqMTYxYWRsbldLdlNpb01iamdTMk5iV3B0dGVVbGR5RUltQmFiQXY2d2NCR1p0aDJNSDBqeWlaeVEybFVzUmZ3dkl6Z2QwTWJuQ2VLRFRaaS1xZ21VWVlRSUEzVjBISTM4Nzlhd2NtSDVpN1BJUmxtd05TMzBDYUVwdDZLQWxrby01b25BTG96ZFg2OFZDdmhvT0kyVmVGTy1ydFVRY0s?oc=5,Student stabbed to death at off-campus UW apartments    KING5.com,True,시장,,중립,Student Housing,낮음,사건 보도로 Student Housing 시장의 수요·공급·정책 데이터나 개발 동향과 무관하며 Woomi의 사업 관련성이 낮음,True,
4a8d051e15fc,2026-06-08 07:22:39,2026-05-13 07:00:00,Student Housing — University of Washington (WA),Turning Point USA postpones UW event after killing of transgender woman - The Seattle Times,https://news.google.com/rss/articles/CBMixwFBVV95cUxNYWk0Uno0dVl5MTlYTUIxSDk1LV9HZEFGdkY1dmxDdDFHaDhWOXhaZldvR01uWUhlN1pSQjlCbFRwRWhlcUdtMk53aHRrMnR6ZWRwbms0TTdYb19RYUVHTFd5TWVsaTU0NHUxV0dmdTR4TUZVS1NJSkRuZ1lUZDZIblAwdWFVdWtxV25DQU15Yy1KWWtraFJBVXlfb2JoVGxPYWhCNHVyREdvY0FqR2R5eEhwNktnenJfdURPcFJLNnBiSzI5WkVZ?oc=5,Turning Point USA postpones UW event after killing of transgender woman    The Seattle Times,True,시장,,중립,Multifamily,낮음,정치 이벤트 취소 관련 기사로 부동산 개발·시장·자본흐름과 무관한 사회 뉴스이며 Woomi의 주택사업과 직접적 관련성이 없습니다.,True,
d2ce1b4999cc,2026-06-08 07:22:39,2026-05-15 07:00:00,Student Housing — University of Washington (WA),Authorities identify 19-year-old University of Washington student killed in stabbing - NonStop Local KHQ,https://news.google.com/rss/articles/CBMi8AFBVV95cUxPdF96bEpGNC1oMUxYQUxlallQblQwM2p1SFVtYXZKZ1pYaHJYdExBY2FtdEpfQS1SNnp0amVnd1o0NkpvcVp4TnNsTUM0V2lxRmhtRW5lMjBrdW4tZ0FxRDVsSEltUGJDVzJwV2w3VW9WOHU0bXdRaEJEX2hITW1QV1RDbWhkblhUYWlQcm0wdWZoUFkwVU5Zdm5ZaW82LVNmUk5GSnpSb1F2cTRwZTk5RzFlNXYtN00wOWdtTURHUGo2ZjJnRlJ5Vnd3d01wY3ktV0huOGs1Z3JSdUdIeV9wSklIYXZfcHhlaXg4dk1LT2g?oc=5,Authorities identify 19-year-old University of Washington student killed in stabbing    NonStop Local KHQ,True,시장,,중립,Student Housing,낮음,학생 안전 사건 보도로 부동산 개발·시장·자본흐름과 무관한 범죄 뉴스이므로 Woomi의 사업 관련성이 낮습니다.,True,
daaa11a9e002,2026-06-08 07:22:39,2026-05-18 07:00:00,Student Housing — University of Washington (WA),Bellevue man charged with murder in stabbing death of UW student - KUOW,https://news.google.com/rss/articles/CBMimAFBVV95cUxNMVhoU29Zc05wUzE4Nl8wUHhsOW9HQUFsSk1IanUycTRmWUNteUY1MWp6WUdqSndQTXZxSm5IZ0RnR2o3WThFSEstUkNwUTNzODdWQ09sU0xjSGZPcHJ4UEtYUlh4S1M1bkY0NmNXd2tHTkJlTTdpb2djLTJIMVdXMHJkdmQzQlhrVi1FSk1McDd4bG9Uci03MQ?oc=5,Bellevue man charged with murder in stabbing death of UW student    KUOW,True,시장,,중립,Student Housing,낮음,형사 사건으로 학생주택 시장과 무관한 범죄 뉴스이므로 부동산 개발이나 시장 데이터와 관련성이 없습니다.,True,
38cf725d8942,2026-06-08 07:22:39,2026-05-12 07:00:00,Student Housing — University of Washington (WA),Suspect at large in killing of University of Washington transgender student at campus housing - 570 KVI,https://news.google.com/rss/articles/CBMiwwFBVV95cUxOblVEQUlNTTMxRlBDMGltajJJbVZRcDljSklYMUFrTzVkRVlXVGV1ZGVKcnE4cXdsSm9KaEFHY3ZXWFB4Z2dDWHh5VzFJV0lqSnBEMmo2VHVRb25tNkZuRmJPblJXcENpbld3Um14LW9jdVFBWDg4ZTl3UGtXbkpiN1VYdkNwMEV5a2Eyay1fM0tZS1hIM3ZQR3VpOWNaNGc4TThwXy1Sa3N3U1VTc1ZRSUVkSWxWNG5hNnVwbEppeGszTTQ?oc=5,Suspect at large in killing of University of Washington transgender student at campus housing    570 KVI,True,시장,,중립,Student Housing,낮음,"범죄 사건 보도로 부동산 개발, 시장 데이터, 자본 흐름과 무관한 뉴스이며 Woomi의 사업 관련성이 없음",True,
a62574e538df,2026-06-08 07:22:39,2026-05-15 07:00:00,Student Housing — University of Washington (WA),"Community Grief and Healing Event Planned After Stabbing of Juniper Blessing, a 19-Year-Old Trans UW Student - thestranger.com",https://news.google.com/rss/articles/CBMi2AFBVV95cUxPcmRfSzB6SzZDZWNwSktkR0FxdVNiQmo2eVhWNE9tUzBmbXdsU2tydGFCV2YyOGdrYXNVeTg0Z3hXYTBYRFNUcjIyWDRnUWNrMkRZSlVUSW9EUGRPZlRUbUFTOHpaT0s0aVBNb0huOVpkNXVZY0x0UGdENFRqazlOTTVaczBLY0dhRkJOVVZRejlidVZHVlBaZkpqTUtYYnhVQ2NkQ0RYeUFEaGs3eVBzQ2RVZ09aZHUzS0lLNnhWeFVRaEZLRm5taTlfQm5OMThYd190aVNxVko?oc=5,"Community Grief and Healing Event Planned After Stabbing of Juniper Blessing, a 19-Year-Old Trans UW Student    thestranger.com",True,시장,,중립,Student Housing,낮음,"이 기사는 대학 캠퍼스 내 비극적 사건에 관한 것으로, 학생 주택 시장의 공급, 수요, 임차료 또는 투자 동향과 무관한 사회 뉴스이다.",True,
1e5f8109eefe,2026-06-08 07:22:39,2026-05-11 07:00:00,Student Housing — University of Washington (WA),19-Year-Old Transgender University of Washington Student Fatally Stabbed - Advocate.com,https://news.google.com/rss/articles/CBMipAFBVV95cUxQR1ZaR0hKM2s3UWltOEpmQkpIWk9LQ0hBdnJlQ2o1NW1taVF2MmN3dGtaVVpxeWVhSEpLcEFuODRCVm5PX3E3WTc5bnZfT0pncTBFZTR5cHJCdFh6U0lRT1dtSlZtdENpTEdJVmthZkdJMkh0djNDbmdDdktjcWtyYXpqUDVra2swQmUwTFE4NUN0YUEwQi1yU1lBOWpZdERjaE9vRg?oc=5,19-Year-Old Transgender University of Washington Student Fatally Stabbed    Advocate.com,True,시장,,중립,Student Housing,낮음,"이 기사는 대학생 개인의 비극적 사건을 다루고 있으며 부동산 개발, 시장 데이터, 자본 흐름과 무관한 사회 뉴스 기사입니다.",True,
b1eac238511e,2026-06-08 07:22:39,2026-05-14 07:00:00,Student Housing — University of Washington (WA),Judge sets $10M bail for man accused in UW student's murder inside laundry room - KOMO,https://news.google.com/rss/articles/CBMivgJBVV95cUxNREdnWjRTeU9pVDZ6SWgzQTA0UXNxSEw1V0h4aV9uMEZvLXNVaHZwVTFqM0hKNlhibFhfUkRjTmZKUks3X0M2MERub205cUJyLWhSZThMUk9TZGxJcmFHTy1VVlRIWmxyWWotdTY0eE5hQmo0aUFxYXZWTmFfT3RuaGhkWWNacGxnaFpDS0FhajN1Qjl5bzUteHJNUmVDMFFKQVdGSzdza05FMXJNbjlNcnUxSG9Zd0ltckk4NU5oRW12Z0Q0UWR5eWRKb0VqSWdWZnBzYy1sTjJ4YWxlcVhGeWlIS3lMRnhoV0tEa0xCejdwMEVSUjVQZmw0SEFZZGhCR3BONVVzaTQwX18yQ04zMjhScjVubHZ3VTFPUzAxZURsa2tqRjdtbEJ2MWM5eDg4UnFicE9FcVJHWnFYbFE?oc=5,Judge sets $10M bail for man accused in UW student's murder inside laundry room    KOMO,True,시장,,중립,Student Housing,낮음,범죄 사건 보도로 Student Housing 시장과 무관한 일반 뉴스이며 주택시장 데이터나 개발 정보를 제공하지 않음.,True,
cfdbc2384e50,2026-06-08 07:22:39,2026-05-11 07:00:00,Student Housing — University of Washington (WA),Suspect on the run after fatal stabbing of University of Washington student - KGW,https://news.google.com/rss/articles/CBMivwFBVV95cUxPTnRuSDhmdjR0b3dlMHNGWklheGNxM19aUDF1SXRGaVhYNGlhZGtNOHhNbWdMa0RhTXdKcjdKMUZCM0Znbm5Bc1ZFUmxoYVB0ZTNNU1RzUE5za1BOSmpkdnhlR3ZSVDYzMXlCbzVfSzhuOFhkWE4yWDZuQU1vZm05S05QVVNNdzRCdG4wVTFkLW42VjEzS3VndmRtMlpmOG1relpoaVFManVfSXhybWttcWFtdGhqRFk1Z0dHQmlMSQ?oc=5,Suspect on the run after fatal stabbing of University of Washington student    KGW,True,시장,,중립,Student Housing,낮음,"범죄 사건 보도로 부동산 개발, 시장 데이터, 자본흐름과 무관한 뉴스이며 Woomi의 사업 의사결정에 영향을 주지 않음.",True,
3f965f02d34e,2026-06-08 07:22:39,2026-05-14 07:00:00,Student Housing — University of Washington (WA),"Transgender student, 19, stabbed to death in laundry room at off-campus housing, police say - Action News 5",https://news.google.com/rss/articles/CBMiuwFBVV95cUxQQ3M3MEg1Y2V4R2VKa2c3MjJMUDVyOTFLbmh0amgzZ2p5SjZSWVdXT1lOREQxeE1GSndDMDNxeFF5UnRyUjZvYUpVUk1xRC1NNDlER05oVXQyUnM2WURKeXk2ZmlMTUV6QlhKV252TktTVUY0Z3gzRjdkLV9HSUN0MGdnbDdNcGstYkNiUXd2Y1FuU3JLN3daMExYYnYtN3dSX0xHYUlmbHRlSHk0QTRrOUp5czBpTzcyMzBj0gHPAUFVX3lxTFAzZTZoYU5qM1ZWb0xrc1ZUejNmcjFORV9iUWdVN3R6VE9fMEZZSHBVRUlDV0VRVG1GWWVGRjkzdmtvX2tDY3Vyci1EYThWMzBJUzFBbGkwQUc2NzVsMTd4OW1WSHVvUjFZcnE5ZWtpdVlkWDV6LTBDMnFiNVI0clVRYTZ2T2Y2VHVSLUMyU0NIbGV4V2hva0ZBczZqdjlPSzg1THpsbUJRb2ZoRUtKYjZnNk93eUFfQnJ0a0x2VUNfcnVrOVpPM29uTmR5RXRjVQ?oc=5,"Transgender student, 19, stabbed to death in laundry room at off-campus housing, police say    Action News 5",True,시장,,중립,Student Housing,낮음,"범죄 사건 보도로 부동산 개발, 시장 데이터, 자본흐름과 무관한 내용이며 학생주택 산업에 직접적인 영향을 주지 않음",True,
f4ea0b5abd78,2026-06-08 07:22:39,2026-05-11 07:00:00,Student Housing — University of Washington (WA),19-year-old Washington student found stabbed in off-campus apartment - NewsNation,https://news.google.com/rss/articles/CBMilAFBVV95cUxNQ0QxSFVla212bURZSHFSRU1xT3ZIamJ1T056bERaRG40RG5NN0kzSlZ3VU5NMERaZWJWOUE5OWF4YmVxZjJoWWNMQVRySVVwclVKZVdwaUVhdnJzdWl6X1U1dXVRNU95dW5abW1PZHNJbnhCaDh6UEVGSV84V3ZUQVhjTnlDZDFXRWgzZjJndGRRSDBB0gGaAUFVX3lxTE9CUWc1MWhWZG1OcTcwVDk3MUlVYl8wVlQ1OHctVGNDaEUxNmotSWlHVjNqTWRHX0wxUjVReDVIQU1XZUxYTEtKTEVyOXR6RDBYa0hoRVBiM05WUHZDVDZMLXlPYXRXSHAwcnJHZHV3cjg5cUE1Z2JxSDh6dU1jaVZxd0pCOWRuaUdOdkhIam4tajNkVTR5cUhmeXc?oc=5,19-year-old Washington student found stabbed in off-campus apartment    NewsNation,True,시장,,중립,Student Housing,낮음,"범죄 사건 보도로 부동산 개발, 시장 데이터, 자본 흐름과 무관한 뉴스이므로 관련성이 낮음",True,
56aed1b050e3,2026-06-08 07:22:39,2026-05-14 07:00:00,Student Housing — University of Washington (WA),"Man arrested in murder of transgender University of Washington student: Police - ABC News - Breaking News, Latest News and Videos",https://news.google.com/rss/articles/CBMirwFBVV95cUxQT3RFTjRQLTFvNUZDLXk5eUVTLWlRUWdYS3MySFBLVFVIWkFYQ1RfZzlxamNRWG10VDMwMXdfVFF6YXl6TUkyRDRCU0pSdVZkeE1Wa0JlUVcteXp3dlpnZ2Z5MGZYWHZkTXBlV25lLU94XzFRVHdMeE8wTWJlUzNfTkhiSDNBV1VUdnMtX0JwRHVFcG42RHkyZlluZW93bVFYbzV3S1oydUJtMkZkV3RV0gG0AUFVX3lxTE9VRGJSeFlhVzktTFVDR1ZNYVBQcHZIR3lBX3FMMDl3TUhEb3U0Si14T0Z4UGEybEZsZ2pKMDNxWjA3WDQySmFaT3hIZV9hZW8yVXFxSFc5UGE0bkpwRnI2U0Jad0o3YWtaZ2phSkcyUDZzUU9qUzhNcnFJLVdJWFJmY0NPX3dOSFg3d3Ffb3hod3NMblNnNnhMVzZBXy1kMjJENU4xVlFXMC1CY3VEZEVETUM0MA?oc=5,"Man arrested in murder of transgender University of Washington student: Police    ABC News - Breaking News, Latest News and Videos",True,시장,,중립,Student Housing,낮음,"범죄 사건 관련 기사로 부동산 개발, 시장 데이터, 자본 흐름과 무관하며 학생주택 산업에 직접적인 영향을 주지 않음.",True,
5785aa10500e,2026-06-08 07:22:39,2026-05-13 07:00:00,Student Housing — University of Washington (WA),"UW community, LGBTQIA+ organizations rally around student killed in university housing - dailyuw.com",https://news.google.com/rss/articles/CBMiwwFBVV95cUxOa1U5RFU4akloS1dNVUpGalVtRzVmSUoySnhmS0YxZl9yRjl6TTRGNDBRd2JSdkZBMDNVRzF5czFKU1UtbS03QVU2OVY2cjVKbTNOZWJVRjE1cjN3TlpUMlkwdzZocUNtbWtCdnhJeXBDMVBnUEtYanRWZFFSMHRlMy1NaHctNkQwNTFBQnRFQlVLR1dGM0U5QTVTVUYyeVpDQktZVHV4elZwTDhFXzVGUkxEeUhaUmdlS25TR3lCRFEtSFk?oc=5,"UW community, LGBTQIA+ organizations rally around student killed in university housing    dailyuw.com",True,시장,,중립,Student Housing,낮음,"학생 주택에서의 비극적 사건 보도로, 개발·거래·시장 데이터와 무관한 사회 뉴스성 기사이므로 낮은 관련성",True,
69d0c240d348,2026-06-08 07:22:39,2026-05-12 07:00:00,Student Housing — University of Washington (WA),19-Year-Old Transgender UW Student Stabbed to Death at Campus Housing Complex - 570 KVI,https://news.google.com/rss/articles/CBMirgFBVV95cUxONGdKWTVpZjF2emVvS0dMTWIxb3dFejFOM3dWbVNPd2FUb1dGc1lIcU0zcTdXUFlBaDBpTzBYQkZUV3AwbHd5WGtRakUzS2VraUtxQzlWUHlsZ0JjY2Q1VXZJSUJQdkF4YVFqY3FoVkZOV3JDMmVEaGlqZFo1ZWdNelZObXNBc0IwV1VEMDkwbGIxS3Q3ZmJLZVIzZVduNHlvX3drR0lWRk1Oc0RLOWc?oc=5,19-Year-Old Transgender UW Student Stabbed to Death at Campus Housing Complex    570 KVI,True,시장,,중립,Student Housing,낮음,"이 기사는 캠퍼스 주택 시설에서의 범죄 사건으로, 부동산 시장 데이터, 정책, 수급 또는 개발 활동과 무관한 뉴스 기사입니다.",True,
13c47585b9b1,2026-06-08 07:22:39,2026-05-13 07:00:00,Student Housing — University of Washington (WA),Students worry as murder suspect remains loose in Washington - WRAL,https://news.google.com/rss/articles/CBMingFBVV95cUxQNEYyTWRDUFJIa0dqNjFGbl8wOXJrSUx1Rnp0dGdSa1JYb0xDczB2UG04T2ZDXzc1VnJ1U1dfdUR1RGU1VzBIU3NWSlUtLVdycVh1dzFoUVBFUklubnNMR1lTdThZYkxPODBOOFpGWGlrWDVpUExBblhCZ1ppdnoxRWVvdDBUR3BCeTMwVjNtVE14d29YVEktdlpPejR1dw?oc=5,Students worry as murder suspect remains loose in Washington    WRAL,True,시장,,약세,Student Housing,낮음,"범죄 뉘스는 부동산 개발이나 시장 데이터와 무관한 일반 사건 보도로, Student Housing 수요에 간접적 영향만 가능하며 Woomi 사업과의 관련성이 낮음.",True,
35d3f8fb26f7,2026-06-08 07:22:39,2026-05-12 07:00:00,Student Housing — University of Washington (WA),"UW students raise security concerns after deadly stabbing, report prior break-in - KOMO",https://news.google.com/rss/articles/CBMisAJBVV95cUxQY0xNSTFLVFFVamM0bmlGeEFBNjViSkd2ZU8yejB5Z2IycFF2OUllYjk4elM1TW9NTkw1Szl3bE1HLUdSaFdTTmY5VGlkeFFZLUo1Uzh4bW9ySm54Y0o1WkJFMzFHUWlUaXVRbjNMLTd0SmdLNFYwM19PN05FOENmYzEyeFdXSU8yV0ZTUzJnNkNDNnItTTktZmk2bjQwWWhwd1RxSF9yekQ1VG9hUFJuS2JSX0pabC03aWZXVW53UVBvVjdLV1NEVVZEdTU2SVFvVzQ1V2x2Z1J5ZEFpUTFaUWR3Q1JUaDVGSnFPTm5kZGVxRDlESTRJdmRBb2dJRUR0TlN0Q09CUGxhaVJBemFLMW5qUnNIYnlIUFgyR01qV2lRcElfcU8yOXlEVWRsX21i?oc=5,"UW students raise security concerns after deadly stabbing, report prior break-in    KOMO",True,시장,policy,약세,Student Housing,보통,"대학 캠퍼스 보안 이슈는 학생주택 수요 및 운영 환경에 영향을 미치는 시장 신호이며, 규제 및 정책 변화로 이어질 수 있는 내용입니다.",True,
98e6c48db3ba,2026-06-08 07:22:39,2026-05-12 07:00:00,Student Housing — University of Washington (WA),Manhunt underway after student murdered at University of Washington off-campus housing - The Independent,https://news.google.com/rss/articles/CBMisAFBVV95cUxOR0xmelAxOHdBekpDQzB6MGVKVURSbVN0Y3FfMnNVQ2RCSGRacWFjdEJWSl9rTFlnbjlSWU1mbE1JZ0tuYXk3RkVhWUdwRXlnOVJKeGxEWXJQUDhfNFVxQXBjTGdYR0hUTm5wbGU5R0JHVTJGUzN0SW1wWVdXTHd3WFBXcEpmbWFLVzFKZVNfYXUwOEJuLVQwbVBBcDZYVFN1dWhiREt0WXQ0NUtDV2Y5VA?oc=5,Manhunt underway after student murdered at University of Washington off-campus housing    The Independent,True,시장,,중립,Student Housing,낮음,범죄 사건 보도로 부동산 개발이나 시장 데이터와 무관하며 학생주택 산업에 대한 실질적 영향 정보를 제공하지 않음.,True,
b3159ecfd141,2026-06-08 07:22:39,2026-05-11 16:56:30,Student Housing — University of Washington (WA),"Transgender University of Washington student stabbed to death in laundry room, suspect at large: Police - ABC News - Breaking News, Latest News and Videos",https://news.google.com/rss/articles/CBMirwFBVV95cUxPQk1YaFcyU1FNVHV2Y0tDUTBKUVRkSDRLZGd0aTNOVWV3bXo1Q2pLNXlrV2RNdjJlLTJQX01keUU3dTd4NU1MU3p2VU95TzFzN2FOOElpYkRVSUxteVlaTTV2bmlJVllJa2xPdWctVW03a3pNTjhZWUs5b1cwOHFJTHJXeVp3WDVySWxhazc2YnlFOXZCZllCZ0Rsa2sweTVwODRXVnlZRk5uRG4yZVNB0gG0AUFVX3lxTE05RHozWFFmM2txUzBJYVRVNmpHd3ptX3VXNFBYX29acHRJMWtYN2xWNmd2V3R5bGdtYWRXeDd0NHNSM29jSzhISEtwUHBvRW9BQXNxYkhyeU12NmdUMDl6UjNmN2VXNkh4X1dXMEdOOWktbkFTVi0tdE43c0NRQ2VDd0QxaTF2THF2VzNINlNHN2VBaGNXaGVWaDdLR1Zva0l5TmFQckdOak54c3RoYURxVm52Nw?oc=5,"Transgender University of Washington student stabbed to death in laundry room, suspect at large: Police    ABC News - Breaking News, Latest News and Videos",True,시장,,중립,Student Housing,낮음,"범죄 사건 보도로 부동산 개발, 시장 데이터, 또는 자본 흐름과 무관하며 학생주택 산업에 직접적인 영향을 미치지 않음.",False,
b619936f2e54,2026-06-08 07:22:39,2026-05-11 07:00:00,Student Housing — University of Washington (WA),Transgender University of Washington student stabbed to death - WKYT,https://news.google.com/rss/articles/CBMimgFBVV95cUxNX3ZreGFfX3JpNmE0eTltXzl1S3BKdnd5X3MtMnVmYzdvMUxPZzRzTkx5am9qVXUtYU90Qm9qZlZkc0JvLXdLRWRxSnNqeG1TcFlxSG5uc0NVVE01MVp0eV9BNzR6RWVyZEZFQXdHdXo1QjRCTWoxbUFQeGlLSFdTeERPQ2s4MzNNMnJDelV5LWhBUlRwaTdha2R3?oc=5,Transgender University of Washington student stabbed to death    WKYT,True,시장,,중립,Student Housing,낮음,"이 기사는 개별 학생 범죄 사건으로 부동산 개발, 시장 데이터, 자본 흐름과 무관한 뉴스이며 Woomi의 사업 관련성이 매우 낮습니다.",True,
fcabbf66074e,2026-06-08 07:22:39,2026-05-14 07:00:00,Student Housing — University of Washington (WA),Suspect in Fatal Stabbing of Trans University of Washington Student Turns Himself In - Lemkin Institute for Genocide Prevention,https://news.google.com/rss/articles/CBMixwFBVV95cUxNZUUyVFNuVWYzRmhaUmd2MXJnVFdOTmpvWU5Xek9BX0dnLVpHbFh0RU5RbHREd2NwY1V0T1lUd1Y4WUpkVUs2U2xQMERaZ2Z5a3FHMFJ5MmhnNkV0Q1AzRHRkMDd1WjB4c01wWnNGVWd5QlZOd0Vnb2F4SkxwUS1tMzVybHJZMEpYUXZpNkRhelNqazIwbWMzaWdncFJxSjdrdm5WRmtval9SLUpZYXRZOVdqRTh5eEczVWw5TE1BVkRwOXlDbDhB?oc=5,Suspect in Fatal Stabbing of Trans University of Washington Student Turns Himself In    Lemkin Institute for Genocide Prevention,True,시장,,중립,Student Housing,낮음,"범죄 사건 보도로 부동산 개발, 시장 데이터, 자본 흐름과 무관한 콘텐츠이므로 거주용 부동산과의 연관성이 낮습니다.",True,
69b3a3e6d058,2026-06-08 07:22:39,2026-05-11 07:00:00,Student Housing — University of Washington (WA),Transgender University of Washington student stabbed to death - WLOX,https://news.google.com/rss/articles/CBMimgFBVV95cUxQcnFrYWNKZVctVXFFWnlfWXhFV2pqZzZzN3pQeURleDdfRFZGUEZCZHhIWWZBWlVLbFFkeFhMaVZfMkxPYzZDSnRUbURKU3V0TnFhLVdZX3FycXFZR1dXdTRiVVc0ODk3RXNoRkZmMzhNeERVSkJ3dXdwYVVEeTNvd2NFbGM3SklXVVNpOGR6Z0NfMVJ2alAxNWZR?oc=5,Transgender University of Washington student stabbed to death    WLOX,True,시장,,중립,Student Housing,낮음,"개인 범죄 사건으로 부동산 시장, 개발, 자본흐름과 무관한 뉴스이므로 분류 대상 외입니다.",True,
62144a63444c,2026-06-08 07:22:39,2026-05-16 07:00:00,Student Housing — University of Washington (WA),'Our community is still grieving deeply': UW mourns slain student with private vigil - KING5.com,https://news.google.com/rss/articles/CBMiyAFBVV95cUxQZENBMnFJdXlJa1hsQzVkd01vdTAwZk4yZXZIMVRPNmEycVFFN2tTWWk3WF9ibmtVdFhHbmlfYmlVTnYzV1FwVnlLemRGamlRUEY0N19EQnpUMmEyOHVLX1V0MzRyRXR5QlV0TFRmV0cyOWk2aVpQLUFBMHBHdi1OaEViVnZNQS1OOGhsVmpEWXNaZ29TeVEwUV9PZHdqZHpsclZSeDh2UWVzSXBnTVBCMXdkeDI5VXd3Sk8tVXg1MTFzR3BRVEp1YQ?oc=5,'Our community is still grieving deeply': UW mourns slain student with private vigil    KING5.com,True,시장,,중립,Multifamily,낮음,"This article concerns a tragic campus incident unrelated to student housing development, market conditions, or capital flows in residential real estate.",True,
c3fe1aeed7ca,2026-06-08 07:22:39,2026-05-15 07:00:00,Student Housing — University of Washington (WA),‘Our family has been shattered’: Loved ones remember University of Washington student killed near campus - KVUE,https://news.google.com/rss/articles/CBMi8AFBVV95cUxPcEUxQzJZN1BGelp0Y3p0RWtnRWQ2VlNtYkxyMXZZamRZSk84cElpa0ppVHdKTURoRWFCaGFMMEE2UnVMdzBmcC1KdWZrY1k1YUc5cWhwRnl1QmJqQzl6RXMwMGUwTFV0V0dQRlRyMy1IQ3dDQVdWbXg3SzJzZk54dTBwT1VDUEl0dUZ3bVdVS2lLc3FmRzNqLUpmeFA4akR1Y2txaWowX0ZYblhJSVhwTEgyYUdnbnVQNExsM2lTaDRId0NxUXZ6SGVpYUN5NmotcktjQkI1UFMzb2hOUG84LXJLWlRZRXRvSlZLVUZHV1o?oc=5,‘Our family has been shattered’: Loved ones remember University of Washington student killed near campus    KVUE,True,시장,,중립,Student Housing,낮음,"사건/범죄 뉴스로 Student Housing 시장의 수급, 임대료, 정책 등 실질적 시장 데이터와 무관하므로 낮은 관련성",True,
1128119a2211,2026-06-08 07:22:39,2026-05-11 07:00:00,Student Housing — University of Washington (WA),Transgender University of Washington student stabbed to death - KFVS12,https://news.google.com/rss/articles/CBMinAFBVV95cUxPSkhNYk9Vd3E5cHh3QWVhT2JScU1aSmxEMlZPODBWSVZZTGNxVEY3NzBLbjUtNlBhOVhnZjZTMzNCOUlnNU9uTlJiakZhLW94eTBIOHhoeFJLNDF1OXNfUElmd0FQWllJdmhITjNVSGh1R3JLNFNSdG1TREcxcHBnQlk5ZjVUUTVMa0xMbDFUZlMxcHBJUWJoTzM1YUw?oc=5,Transgender University of Washington student stabbed to death    KFVS12,True,시장,,중립,Student Housing,낮음,"이 기사는 범죄 사건 보도로 부동산 개발, 시장 데이터, 자본 흐름과 무관하며 학생주택 산업에 직접적인 영향을 미치지 않습니다.",True,
208a7f42761a,2026-06-08 07:22:39,2026-05-12 10:11:54,Student Housing — University of Washington (WA),Suspect at large in killing of University of Washington transgender student at campus housing - Carroll Broadcasting Company,https://news.google.com/rss/articles/CBMiygFBVV95cUxNZUJFcTZqUG41OThLTFdLcWgycjNaMWpQbVBoNXh1cWNxNHJUc2t5MXdxOHplOTJ2R296NURGcVVJaGNZN2UyMTJSTW1BNUs1aTVIOFdUQ1pQeEpJN2FLNU0zcjd0OG5ydE1OYUh5Qjd0MVNMZkY4YjhEVG1HRVlYTGpReTh2ZFpjUWpHUTdPUXA3eDV2TFIxYmI0Y1lqT0h5Y0ZYdW1tTUtIRU1TUUVIb003WF9hSC1MZXBES2I0MGR2TXVtb2RLelhR?oc=5,Suspect at large in killing of University of Washington transgender student at campus housing    Carroll Broadcasting Company,True,시장,,중립,Student Housing,낮음,"대학 캠퍼스 내 범죄 사건으로 부동산 시장, 개발, 자본흐름과 무관한 안전 관련 뉴스이므로 주택시장 관련성이 낮음.",True,
9242f1766286,2026-06-08 07:22:39,2026-05-11 07:00:00,Student Housing — University of Washington (WA),Transgender University of Washington student stabbed to death - WSFA,https://news.google.com/rss/articles/CBMimgFBVV95cUxOSUROZFJSRjNxdm5SQmZiSS10RmJ4amN0dy0tTUFncDV6bklNYUhraTZrckM3WnBhNC16S29XZkZuajhtWUFHVkpkemoxOXV0T2xtZmNtZTR3S2RPSWxpOGRXTThZQXNibmdGd3FuSnQ5OFljYmtNM1hxX0Jsb2hQS0NoRjU1SUY0MG5RaUhwTUdKZmVsNXVRd0dB?oc=5,Transgender University of Washington student stabbed to death    WSFA,True,시장,,중립,Student Housing,낮음,"학생주택과 무관한 범죄 사건 보도로, 부동산 개발·시장·자본흐름과 직접적 연관이 없음.",True,
0d945ca964d1,2026-06-08 07:22:39,2026-05-14 07:00:00,Student Housing — University of Washington (WA),TPUSA Postpones Chloe Cole UW Event Amid Backlash after Transgender Student Death. - Davis Vanguard,https://news.google.com/rss/articles/CBMiigFBVV95cUxQUEU2a3BJakxSLXFId09hRFFEXy1LYkhOVWctdzF3ejNydGRLZnBpckFxOGtkeHF1OU9XV01VUnR1eGZFOG5pbkVtSkdzU3A2REREQWVlQWt3RXFibHlSX19hZ1dFX0xiUjMzWmVjeVBrcjJfakxzbkl1UHp5Ri1UZzJIQ1JieTZqYUE?oc=5,TPUSA Postpones Chloe Cole UW Event Amid Backlash after Transgender Student Death.    Davis Vanguard,True,시장,policy,중립,Student Housing,낮음,대학 캠퍼스 사회 이슈로 학생주택 시장 자체와 무관한 정치·사회 뉴스,True,
038b6e1a623c,2026-06-08 07:22:39,2026-05-11 07:00:00,Student Housing — University of Washington (WA),Police still seek suspect in fatal stabbing of UW student - FOX 13 Seattle,https://news.google.com/rss/articles/CBMidkFVX3lxTE10XzJlUExhU1ZlWDNsMEtRMF8teWY2WFg0NEIyWXFxSXliOC1QUzhpM0dFYURhNkNiS005YUlGLXkteFByUm4ybFE0U0UxbWZ3WEgwOGgtWW45QmVzd1NQOHMtOUUwaHl6NEluR09hMUQwTlBVZXfSAXtBVV95cUxNcnhtOU9mQzZvbVFHQUVHWDk1SlI5aFhQS0dQWEE0UkZLZGs5cVNULXNiU2xfV2RWSGU4eXJQWkJXaGVhY0lNaUhCQkU1TlB6ZnZzdkprS204VjZPY0tLRWpqZ0ZGeS05WHNtX0U5V1d4ZWVqTHdsdnFSak0?oc=5,Police still seek suspect in fatal stabbing of UW student    FOX 13 Seattle,True,시장,,중립,Student Housing,낮음,"범죄 사건 보도로 부동산 개발, 시장 데이터, 자본 흐름과 무관하며 학생주택 산업에 직접적인 영향을 주지 않음.",True,
c22fbf091f07,2026-06-08 07:22:39,2026-05-14 07:00:00,Student Housing — University of Washington (WA),Memorial grows in UW Red Square for slain student as classmates react to suspect arrest - KOMO,https://news.google.com/rss/articles/CBMi_AFBVV95cUxQd29uVlVlcXVTU1Y2VUJENk5NNlN0c25ucm5VMWhpaC1JSW83M1U0d2p5WHFyaExVLXBfbDBnb3ZuRm5nSFhsbnFWQjZDSW91bXlHR3lfTW91M3hOSVFuZEF4QS00Q3l4V3RRSEZFN1QzYnNyZzVLb19Ud2hsS3k1QlQyN0ZjaENyUTFjclkzWVE0Z0RkOWd2R2VYNTdvMU11aHFCUmtWTF9tZzZyRjNaTXc1eGFQNXdMRWJHQms5cTVrNWVIbTVDMEswYXNzMHZ1cVlWTWlkYy1qc0RFa0hLSTZPVHZLOW1HMTRmUktTRDJ0YzlCR1QyS0wtSGI?oc=5,Memorial grows in UW Red Square for slain student as classmates react to suspect arrest    KOMO,True,시장,,중립,Student Housing,낮음,"학생 피해 사건 관련 기사로 부동산 개발, 시장 데이터, 자본 흐름과 무관한 뉘스 기사이므로 부동산 투자 관점에서 관련성이 낮음.",True,
fa22b029d10d,2026-06-08 07:22:39,2026-05-11 07:00:00,Student Housing — University of Washington (WA),Transgender University of Washington student stabbed to death - WCTV,https://news.google.com/rss/articles/CBMimAFBVV95cUxNQVdobHJTM1V6eWVoSXlVNVp0QWtFUGRhc0R5WlVjMzF2RE9EZW42aE94Ulhoc0ZTRWdBd3lDWXZrMDhsZTc0X0liY3BQQ20yOEsyY1I5RndWUnRxa1BNaENPb0pwQ0p1YXpNNTBTNkdONjVCLWVyakNHd2dtbUlXRU9lSnlTYTB6Mk8tUTlGRkVJT01ZSVk5Wg?oc=5,Transgender University of Washington student stabbed to death    WCTV,True,시장,,중립,Student Housing,낮음,"이 기사는 대학 캠퍼스 내 범죄 사건으로, 부동산 개발, 시장 데이터, 자본 흐름과 무관한 일반 뉴스 이벤트입니다.",True,
ebbeb50c61f2,2026-06-08 07:22:39,2026-05-11 07:00:00,Student Housing — University of Washington (WA),Transgender University of Washington student stabbed to death - WIS News 10,https://news.google.com/rss/articles/CBMimwFBVV95cUxORVU1Wl9GWHVHTGlfTWdqZVdoWF8yUzVEeTFkRm44VnRNSUZvNzMwS2h3Q0pYSHN4c2x0Yl9GdGtIWXVZUHNTYzVSWHdjU0VmWUxiMngzNXdxX3N1Z2tURE9iZWs1T2hrVGdReUtZZmxyU0hlaXk5Nk15RFY2R2xGNnFZMTd5T1B4UlRXY0N6RDBDLTRURGR1RmhXcw?oc=5,Transgender University of Washington student stabbed to death    WIS News 10,True,시장,,중립,Student Housing,낮음,"이 기사는 대학 캠퍼스 내 비극적 사건을 다루고 있으며 부동산 개발, 시장 데이터, 자본 흐름과 무관한 범죄 뉴스로 분류됩니다.",True,
bbaef1d652f4,2026-06-08 07:22:39,2026-05-18 07:00:00,Student Housing — University of Washington (WA),"Suspect in killing of UW student charged with murder, may have previously prowled campus - KOMO",https://news.google.com/rss/articles/CBMi8gJBVV95cUxNVl9Hb1JfRTF6Tjg2ZmxMZm1jdEE2aEM0cm50cFZXX19jajEtVldUT0tLUEIzSGNhT3J6NzN1c1VUYXcydWJoazQtMUttVl9mZ1VRZ19PTVBBWlpIT0VYcFhvektEblBmZ1hVVjZNVTRzQzVUR05LdVZsWVBQbzdoOF9sUjE0WTVtSmhHTmYxWFRIQlRKZzVKQlVaUS1hS3p5eml6VENiUTFqdnpfUl9PcVFqREVxNHpPM2Q1QkVrSU5xTDhoTjZpNW1wN0lUNnczZjdpdnl5R0VMZGVsOUMwYXVfZzhXdTFQRHJDZVZzN1lmU3pvUmZUMjJERzNsbllNZFRvNi1fV1RGaE1YWXlscldTbzRzbUFJUVR2aWZjWkNNWXlwMnNrbFdzR1JuMEl2NmllOXhOMDUwVHhOajMybjEwZG9DSDRLX0lpS0w1aFY1SlUtUVVCdkYzV0ZPdHZ6Z1lXLXhGTjVSZFNVSm5rT3Jn?oc=5,"Suspect in killing of UW student charged with murder, may have previously prowled campus    KOMO",True,시장,,중립,Student Housing,낮음,"범죄 사건 보도로 부동산 개발, 시장 데이터, 자본 흐름과 무관한 뉴스이며 Woomi의 사업과 직접적 연관성이 없습니다.",True,
b5c092005a2d,2026-06-08 07:22:39,2026-05-11 07:00:00,Student Housing — University of Washington (WA),"University of Washington Student, 19, Fatally Stabbed in Off-Campus Housing Complex - people.com",https://news.google.com/rss/articles/CBMilwFBVV95cUxPMzRYZGJUTHdTc0FVSU9HOW5XTVNaM1dSZE9nOWNGNFRlazBQSkRoYUhoWHFza3dHZ1BuMTBuendHVEY5MzFwNUZ4VjMzdWliYXJqQWZXMUpYQzc5U00tN2psRi1xOUc5NmoyQ0tOcGVZLWdtQkU4R3dTZGlCTlhYTV96bE9WVWNxQXM3X2RQV0JmRExVYlRZ?oc=5,"University of Washington Student, 19, Fatally Stabbed in Off-Campus Housing Complex    people.com",True,시장,,중립,Student Housing,낮음,치명적 범죄 사건으로 주택산업과 직접적인 관련이 없어 시장 신호 가치가 낮음,True,
8af8f2625929,2026-06-08 07:22:39,2026-05-11 07:00:00,Student Housing — University of Washington (WA),Transgender University of Washington student stabbed to death - WNEM,https://news.google.com/rss/articles/CBMimgFBVV95cUxNSWhMRXN1Ukxlc01FZ1JvMmd2T3RvMDJfM0U5aHdIOTFRQzBIcUNUWHRYTGJDLTNQMm9wbmhfUmNXYUh5aXk5c0VEQ2dwbjgwX0FuUWtacWNoWHRvNzViS2ZQd3JkbTVSWkotakxFN1E5cEVKalUtZks0OXlUQTlvdHFMWWo4NE14VGlaWGx0LVhEck1rdnEtRmVB?oc=5,Transgender University of Washington student stabbed to death    WNEM,True,시장,,중립,Student Housing,낮음,"This article reports a tragic crime incident unrelated to real estate development, market data, or capital flows in the student housing sector.",True,
c0c861d4e842,2026-06-08 07:22:39,2026-05-11 07:00:00,Student Housing — University of Washington (WA),Transgender University of Washington student stabbed to death - KALB,https://news.google.com/rss/articles/CBMimgFBVV95cUxOTWwxajZyNDV5RUtIMFgtaTRLal9vYzdJTEw0SUxYMjViWmxqeDhxVFh0WkxqdHoxemZXWDhya3QycnMzMmNfRWRIOFFHc3NqdkpyWjhfd2NIS29vTGMwUGVxMFdRN2RNMC1FUUdvXzg5OXJ5cWtQdEppSlM1V2dVYWs5OXlmZWhvS25EQnVrRnBfOENRVzBCZ1d3?oc=5,Transgender University of Washington student stabbed to death    KALB,True,시장,,중립,Student Housing,낮음,대학 캠퍼스 범죄 사건으로 학생주택 시장과 무관한 개인 비극 뉴스이므로 부동산 개발·투자 분석 관련성이 없습니다.,True,
1c8aa51b58ea,2026-06-08 07:22:39,2026-05-14 07:00:00,Student Housing — University of Washington (WA),Who was Juniper Blessing? Tributes pour in for University of Washington student killed - FOX 13 Seattle,https://news.google.com/rss/articles/CBMicEFVX3lxTE5LU2V0WDlEVmVjel9aM004V21NSDVzeEhtQncwUWNyTnVHZmNWTHJMbVpGaGxqN2d3NzA4WEVIWWRxSTJ3ZWxvX3JGOUhJdnljckN5aElHUVVERmVESjBIR1RseFkwQWsxM0JrRjBrNkTSAXZBVV95cUxPWjlfZ29rOVA1eGx2UE9yVFJycWxPaFk2elFQc1BaLVR6V0ozRDRaMFBlZXlfZ0JnMHFQZklQLWhCQ3FQM1lLUGNJS0Jud2s2VWZNYXQ5ZjZneGNqYUhKSWdWc1QxNm9lMjlfSGJuNk1SQlVkY3B3?oc=5,Who was Juniper Blessing? Tributes pour in for University of Washington student killed    FOX 13 Seattle,True,시장,,중립,Student Housing,낮음,"인명사건 관련 기사로 부동산 시장, 개발, 자본 흐름과 무관한 내용입니다.",True,
30e87be8892f,2026-06-08 07:22:39,2026-05-15 07:00:00,Student Housing — University of Washington (WA),Suspect arrested in connection with slaying of transgender University of Washington student - NBC News,https://news.google.com/rss/articles/CBMisgFBVV95cUxNa29ObFNkZjhuU0p5SURwcFhmZk9TbDBNLVEzZnplb29nSzE3bVV1TUVRaXkzWDRJZFAwbzhOck5sUzBTYXVBQTVyNG0yaXFJbGRJN1RsT0IyNVVRLTRBc19va1RCVFNKcW5KeDBrb2VwNnJsbVd0NklqVkItN0pmXzdPZzNYZTVaRXNRa25QMTFtc3BreEliT0Q0QUJtWldXdktZc2djUFNzSTgtUEo3YVVR?oc=5,Suspect arrested in connection with slaying of transgender University of Washington student    NBC News,True,시장,,중립,Student Housing,낮음,"범죄 사건 관련 기사로 부동산 개발, 시장 데이터, 자본흐름과 무관하며 학생주택 시장에 영향을 미치지 않는 뉴스",True,
c49980474659,2026-06-08 07:22:39,2026-05-11 07:00:00,Student Housing — University of Washington (WA),Police: Suspect turns himself in after deadly stabbing of University of Washington student - KPTV,https://news.google.com/rss/articles/CBMivgFBVV95cUxObXJiN2VnYWY4M2czWkd4OXd0VXo3RXdsRnA3OFZJclRVbkJVUnB5OFVCcHV0M1VFQW9BbFNlY1pfSC1kMWlSYmtEaUpsTHJCaFk4V0JVX2JFUzNiN2UxMGx5Nm1PZE9HTXU0QkRlb2hmMVR0ei0wcFVtN3ZNN0NGamhDOVpqNnlQaktZbGl3bkJrd0hSdzZZUXhaS1I0T3hkUXBPSXoyNFJpLW4zVW1kdjV4UHRrLXJCdDhqUWJB0gHSAUFVX3lxTE51U3FOeEcteEk2STdXbmFIcmtnVDB3b0t0WFRPVGxnczZnUzQtaVhiZ1pNOUY1dUtMOF9ndGNZSTU3Y0lKTDFkOTNYT3VSckJCa0pSYzI2QUEteExpeVBWTlRnRjhKZVZ5VlJ4b0t0REFDdm1iNm9JV2hOamd4cFFYRS1KWGZLc3FWVVZ6Slp1Z04tOXdiOGhueHlLYlZvOEI1NFMzQVRzQjIwM2hlaTJwQlpDS2F0WGRCOTFkd2pOV2FyY2JFZGUzZlpwRVE2VHE2QQ?oc=5,Police: Suspect turns himself in after deadly stabbing of University of Washington student    KPTV,True,시장,,중립,Student Housing,낮음,"범죄 사건 보도로 부동산 개발, 시장 데이터, 자본흐름과 무관하며 Woomi의 사업 관련성이 낮음.",True,
3199eb2e889d,2026-06-08 07:22:39,2026-05-16 07:00:00,Student Housing — University of Washington (WA),"UW student Juniper Blessing, 19, remembered as ‘full of life’ - The Seattle Times",https://news.google.com/rss/articles/CBMisgFBVV95cUxNQkhGT2Rodm5janhKNUFLQWJhY2JFZXh1enc0enVONmV1dkJLUE5waGNidFhYelVqRzJValFLV2ctaGxTd3VydXhKWHBFM2Eyd2p2aEhvSU0xcWx0THVCNmRyY1ZnRnlrNmlFWnhyNG9OdTlDb096N2FnRGcyZElsRTZsMHR6REI5UnNtaDlwMnBOOFkxckh0QjdNTFRDV1Y3QVZZR0NzNzNGcjdMTHI4VVFB?oc=5,"UW student Juniper Blessing, 19, remembered as ‘full of life’    The Seattle Times",True,시장,,중립,Multifamily,낮음,"개인의 부고 기사로 실제 부동산 시장, 개발, 또는 자본흐름과 무관한 인물 관련 뉘스이므로 Woomi의 사업 관련성이 없습니다.",True,
2830467a3ab8,2026-06-08 07:22:39,2026-05-11 07:00:00,Student Housing — University of Washington (WA),Transgender University of Washington student stabbed to death - WAVE News,https://news.google.com/rss/articles/CBMimwFBVV95cUxOUkc1VTR4SjRrQVRUcFU2Y1FSMTNkdGl6cVcxREFBT19JLTJ2TWcyNmkyRG5OVEtPT3ZqSDdqdUhCcWNyUDJOT2RCbE1HT0xSX2dBN3pTOW9OOFI0WldxVlI2aXVjUEprS21keXQxa1J4NUNRNUk3eFY0SFJqQmp5d2hRUkRNbktCdnB1WGRQb2pRTmJYTmJvU1VJTQ?oc=5,Transgender University of Washington student stabbed to death    WAVE News,True,시장,,중립,Student Housing,낮음,"대학 캠퍼스 내 개인 범죄 사건으로 부동산 개발, 시장 데이터, 자본흐름과 무관한 뉴스",True,
9aec745c3bb9,2026-06-08 07:22:39,2026-05-11 07:00:00,Student Housing — University of Washington (WA),UW student stabbed to death in off-campus housing - FOX 13 Seattle,https://news.google.com/rss/articles/CBMiZkFVX3lxTE9GRUhJUTdOWjVFMkVka0ZieThLZGw3T1VxQW04TU5VdlczdHRFMDJTZkRFS0pFdGlJYWx5YWR3N0ZXMW5DeG5hX3hPUy1QVWJZRGNoeVJ2dXQ1UFFlMmVKcno2N0F1Z9IBa0FVX3lxTFBJNGJPSE5oS1NQRmdUZHlONTVMX0JEUG51Wk5QRXBGeWZFZ191Z05QVnZBUHhHR09fWkhUMWQxeTRPZXMtYWRDMllIZlZIaEZwaHJiWVlINkFVWXFteHo4U3U5Szk1VldDbW80?oc=5,UW student stabbed to death in off-campus housing    FOX 13 Seattle,True,시장,,중립,Student Housing,낮음,개인 범죄 사건으로 부동산 시장이나 개발에 직접적인 영향을 미치지 않는 뉴스 기사,True,
869f88999032,2026-06-08 07:22:39,2026-05-12 10:55:24,Student Housing — University of Washington (WA),Suspect at large in killing of University of Washington transgender student at campus housing - Dailyfly News,https://news.google.com/rss/articles/CBMiygFBVV95cUxQdGlkYktxRi04WHBuOV81RWhIcXFLRlJ5V1ZseWwxM3hjSGF2VjQ1Mjg2R2FTTUJMaHVIb2hjaUxnV2otU25ISjdGYV9qLWx6eFZHMUYwaDIzVE9WZEdvR2lfM0Q0aXpIT0xKR3RaRmp0bDFxZE5oRU9LaWdaZzBZaG5JTlhzcE02TUlvUUVqVGx5cWFxNlI1V3lGT0Z0eXlZb2padXBOZUZuVUZhRzNoM0hGYmhaUnJRR1RFRkVWTFZvcnNJYU5qeXpB?oc=5,Suspect at large in killing of University of Washington transgender student at campus housing    Dailyfly News,True,시장,,중립,Student Housing,낮음,"범죄 사건 보도로 학생주택 부동산 시장과 무관한 뉴스이며, 부동산 개발, 자본흐름, 시장 데이터 관련 정보를 포함하지 않음.",True,
ae6470c3e5c1,2026-06-08 07:22:39,2026-05-15 07:00:00,Student Housing — University of Washington (WA),Suspect arrested in fatal stabbing of University of Washington student - USA Today,https://news.google.com/rss/articles/CBMiwwFBVV95cUxOSjZTQjdvbjFMYS1XSVc1N2hfNzAtZnZfUm5YQzd0elJEaVFna1otUGw2UUxnelBGREgxLWJma2RjN21kSlBWQmF6bS1KU21EdHRmaVdoeTlxU2tTLWZVNk5wTmZsVXdqbDN3aHBlQmlxZzY5SHlJaERncFZYLWl0ckFxMG5wWlVMRFFiU2k4UVhnQktzYVRsaGlfd0ZDeWl3WWR1YXI0Z2JZSC1UV3EzSEZVZjdlWGEwMkNPOHZKX2ZTQkk?oc=5,Suspect arrested in fatal stabbing of University of Washington student    USA Today,True,시장,,중립,Multifamily,낮음,"This is a crime news article unrelated to real estate development, market data, or capital flows in the residential sector.",True,
3e3dd8dde8e5,2026-06-08 07:22:39,2026-05-11 07:00:00,Student Housing — University of Washington (WA),Transgender University of Washington student stabbed to death - WSAW,https://news.google.com/rss/articles/CBMimgFBVV95cUxPSmhmRjBQQUR6MktERjlRdTR3LUpzeWVwUHZ1WXA5dVY1SXd3dV95OHZPQ3V0cFZYU2xLRnlLN2J6cVBscWxQclZVZS1tTUpMR0Y1YVhkZS1yTmY4bG1xQUl2RVE4dkZTZXJWT3RKNURNdXFOYnJTMTZ2RmF5UWVSWHhKaWlUZ3FKRUpIU09CbkVHMF9Gajl6ZF9n?oc=5,Transgender University of Washington student stabbed to death    WSAW,True,시장,,중립,Student Housing,낮음,"학생주택 관련 범죄 사건으로 부동산 시장, 개발, 자본흐름과 무관한 개인 안전 사건이므로 Woomi 관련성이 낮음.",True,
2e486f31b1e0,2026-06-08 07:22:39,2026-05-11 07:00:00,Student Housing — University of Washington (WA),Transgender University of Washington student stabbed to death - WECT | TV6,https://news.google.com/rss/articles/CBMimgFBVV95cUxOSURScV8taEhsUnlIMExSQlIxUDU1eWJIdkZYZVU0a25RWlgxTVY5NzFwZjhlMjN6WkFrUlRoWUwyYWNKcXNBT2ZZaHQzOE5NYWF4Q040eElIM0cyYVNHM3RuUWZ3V2dESmZqYk85UFU1Y2ZFNnFxWGdjSUtYZUpaaThRODh2NVBtQWtpT1lkZnJpaUpqYVh4Zm9B?oc=5,Transgender University of Washington student stabbed to death    WECT | TV6,True,시장,,중립,Student Housing,낮음,"This article is a crime news story unrelated to real estate development, market data, or capital flows in the student housing sector.",True,
5b3e6e391cc1,2026-06-08 07:22:39,2026-05-19 07:00:00,Student Housing — University of Washington (WA),Suspected Killer of UW Student Who Was Fatally Stabbed in Laundry Room Charged - people.com,https://news.google.com/rss/articles/CBMinwFBVV95cUxNNFN6TUVhWlFCTmpVcXFDeVhSRkdQNHE5RFJfUFYtVHBxbTRJaF92clk5WkN4NzJzc3N5LUIwQ0NaWHhMMzJVaXFyclBHZ3NhT0o3VXdiOVVfVUktYVBnQnhpYlg2dlVTR0pMR1BPLTQ3LTA2RmV2eW01TTZDWWY0OTdLY0twSkZZRmduM3NNbVVJVjJwTmRmVE1DRTIxXzA?oc=5,Suspected Killer of UW Student Who Was Fatally Stabbed in Laundry Room Charged    people.com,True,시장,,중립,Student Housing,낮음,"범죄 사건 보도로 부동산 개발, 시장 데이터, 자본흐름과 무관한 뉴스이며 학생주택 산업에 대한 실질적 영향을 제공하지 않음.",True,
91a842b91dab,2026-06-08 07:22:39,2026-05-12 07:00:00,Student Housing — University of Washington (WA),Search for answers continue after UW student stabbed to death - FOX 13 Seattle,https://news.google.com/rss/articles/CBMifkFVX3lxTE42NzRDUEpvQ25yYnZ4dG9ZQjUwNGxBRW5IejRHYk9IQ1VhQmpsOTlpMmRobTR4S2dMU1ZaOGR1amd1MUItWmNJcldRejVCQy1fUk04dTNrb2pmNjlrUlY2bHpzS01IeFVXTFBxcGdJUmhfakduQ1NaaktSeFhuZ9IBgwFBVV95cUxPWG0xbGpwUmxWU3h6UldycWExLXo1bmhkdjZpZmNMQmlLUFE3MHAyc3FQTy12RW55TFFLbFdyekdDajdDZ0pTTnJEc3ZPVERsTjd2YV9sMXQ2SG5fb2VhNWlKSnl2UGt6QmlXd2h4US1RNktEQzZSY0JiX0pNT0lJQmVpMA?oc=5,Search for answers continue after UW student stabbed to death    FOX 13 Seattle,True,시장,,중립,Student Housing,낮음,"범죄 사건 보도로 학생주택 시장의 개발, 거래, 자본흐름과 무관한 뉴스 기사입니다.",True,
17a0c9d5c287,2026-06-08 07:22:39,2026-05-11 07:00:00,Student Housing — University of Washington (WA),Transgender University of Washington student stabbed to death - Hawaii News Now,https://news.google.com/rss/articles/CBMipgFBVV95cUxQT2l4UVNCNG5ZRmFfc0diU01remZlN3JkSmdIS1owZEZLRGhwWWV3LWduZW1Kb2VHWHpMVGJBTTQ1enN1WFNPOFlDUFlOWFdBM1ZMM0JhRjh0Y0FLcEdVWFFndUw3QWhoRFEwWTRibHBlTU9fbDk4aC1iMUZ4dGwtYUdsSUIxczNDWWMxczgxeDVyS1N6dmcwWG5oMUg2TUlOd05HMWln?oc=5,Transgender University of Washington student stabbed to death    Hawaii News Now,True,시장,,중립,Student Housing,낮음,대학교 캠퍼스 범죄 사건으로 학생주택 시장 데이터나 개발과 무관한 비건설 관련 뉴스이므로 분석 대상 외임.,True,
800d06f02b8b,2026-06-08 07:22:39,2026-05-14 07:00:00,Student Housing — University of Washington (WA),Suspect arrested in fatal stabbing of UW student at Nordheim Court - The Seattle Times,https://news.google.com/rss/articles/CBMitAFBVV95cUxQTW02YkVhOGRCLUV4OGk5NGZKRHpDNHlERDVvOGhnNThvbENnQU9YU2g3S3ZhNUpzdG9vN2pRc3VDSmtnTVB2T0JpdF9iZDZoS1d0QlFUT0RSbEd0akx0c2RCUzY5THVMc3JUTGNCa0xfOWxYOGI3YVhFMGlZeVYwbG5zY1Z4c2tEWFZUU29FTzFsNld6Y2xoMWRSa3doSG5yejdZdEZnbGhiNGhHUS1hM1J5Nlg?oc=5,Suspect arrested in fatal stabbing of UW student at Nordheim Court    The Seattle Times,True,시장,,중립,Student Housing,낮음,"범죄 사건 관련 뉴스로 부동산 시장 데이터, 개발 진행, 자본 흐름과 무관한 콘텐츠입니다.",True,
61572cab7456,2026-06-08 07:22:39,2026-05-13 00:14:00,Student Housing — University of Washington (WA),Killer remains at large after fatal stabbing of UW student at off-campus housing - KGW,https://news.google.com/rss/articles/CBMi5AFBVV95cUxOdTZnMjJSRnN5QzhxR0RxTXQ4OWVCZ3k0ZW1ydDJMd2RCUGRkbmVnM3I0WEs1TndtdGRTWEo3WmdNdWs0MkhITFB3RGpqa2lRVmRLcDB4YlJiT1VZaml0X1Y5WEdlbEVsNkhfLWJ0c2dJWV9MQ0RTUlNSMDd3ajhpaHhHUTg4dll5TEVLNkxhVXFyUGpzd0VOc2p4NE9JNEtrX0tvWnE1U0hfZUk2cGVQNndIdHN2TnhfM0pMLWhZeU5ScExSOXVpb3ZUT1pjZEFPbW9obFh6U1JTQXJDNjJXcExLcUQ?oc=5,Killer remains at large after fatal stabbing of UW student at off-campus housing    KGW,True,시장,rent_occupancy,약세,Student Housing,보통,"학생주택 입주자의 안전 문제로 인한 부정적 시장 신호이며, 학생주택 수요 및 거주성에 영향을 미치는 시장 이슈입니다.",True,
bd9f5f5a1c8a,2026-06-08 07:22:39,2026-05-11 07:00:00,Student Housing — University of Washington (WA),Transgender University of Washington student stabbed to death - WBTV,https://news.google.com/rss/articles/CBMimgFBVV95cUxQVE1yRG45RWJZdnpvLVUweGRWZDVwVDh2X2JnLWY0anVLekozTlI4Tmt0ZmpYSnN4dFNmWE1Ja0xDbEd4TEJydmZCMjR3b2FuMUp2YXRxRERfemNKQ21VN2t0cWZCencxY0k5cHFQdVNIckJfSmh6R0NtWWVrdkwyNklSWnJvbWZ1aEwzcm5tQkszMVNRWHRTdTd3?oc=5,Transgender University of Washington student stabbed to death    WBTV,True,시장,,중립,Student Housing,낮음,"이 기사는 대학 캠퍼스 내 개별 범죄 사건으로, 주거 개발, 시장 데이터, 자본 흐름과 무관한 뉴스입니다.",True,
8f9d2f3a56dd,2026-06-08 07:22:39,2026-05-15 07:00:00,Student Housing — University of Washington (WA),UW community mourns death of student Juniper Blessing as memorials grow on campus - KOMO,https://news.google.com/rss/articles/CBMi_AFBVV95cUxOVVY4UU5JSzI1OVJ5WVRZMWtIZ2pWSERGOEFBeTFsTUIyTjd2OVdjWVhyOUtmREdyZlZBUndIRnNjcXV0TlVyeE44YUVReTJ2ZjQwWjZYMHlhZ0NQTGNmWF9vUVlyNWNQRG9mZkpsSmxfRG4xdy1UanRhb0RTZlRkN0psLTR5V0RuZlJNT0VoT1g3S2JnV2M4dWNzOFNyYTgydHhxME8yYTYzbGpGT0pES0J1VDBNWGYtQW1pMGxhOVhEWnVEMXFhVVRlTldQQ29ZcF9pVDJJOThRV0NxMG05Y0x3QXRwQ21LWDdidWxjNS1PLWVBTzdRVG1iTnI?oc=5,UW community mourns death of student Juniper Blessing as memorials grow on campus    KOMO,True,시장,,중립,Student Housing,낮음,"학생 사망 추도 기사로 부동산 개발, 시장 데이터, 자본흐름과 무관한 인명 관련 뉴스이므로 관련성이 낮음",True,
b146a1885939,2026-06-08 07:22:39,2026-05-11 07:00:00,Student Housing — University of Washington (WA),Student says man who broke into their apartment matches suspect description in fatal stabbing - FOX 13 Seattle,https://news.google.com/rss/articles/CBMieEFVX3lxTE9IaDIzSEM1cXA2WFV6TGZlWUZzdXdEdDN4V213anV2MmRPYmRmbC1ucmY3YktHVFJRUU0zekFMWFdKR3hrVkNCUVNTMXlmZm5aZ3NGVUlzVFFUbUNLcGo4MnFNbmZhbDJYcWo5Z3JkOTRPal90cUhNMQ?oc=5,Student says man who broke into their apartment matches suspect description in fatal stabbing    FOX 13 Seattle,True,시장,,중립,Student Housing,낮음,범죄 사건 뉘스로 학생주택 시장의 수급 또는 개발에 직접적인 영향을 미치지 않으며 부동산 산업과 무관한 사건 보도입니다.,True,
301f5307a195,2026-06-08 07:22:39,2026-05-11 07:00:00,Student Housing — University of Washington (WA),Transgender University of Washington student stabbed to death - WSAZ,https://news.google.com/rss/articles/CBMimgFBVV95cUxNTnRFRFhSUTQ4QS15S3kySldzTzB6XzJ6QjNGeUlhWVFIN1BxSFZMX0xLOWdiSXhRVWZuMGM3ajZwdE5QQ3BSUmZsN0NGOXBudTZ6VXd2RUEyMXVKNVZoYkZhM2UyNFVaX3FZeVVpTWRxQ0g4Q2FfZXMtWUhqclJ5TTI5ZlpQekdQWnBLMlY5WnNOQV9nMmJ3cEJB?oc=5,Transgender University of Washington student stabbed to death    WSAZ,True,시장,,중립,Student Housing,낮음,"범죄 사건 보도로 실제 주택 시장, 개발, 또는 자본흐름과 무관한 내용이므로 분류 대상 외이나 Student Housing 섹터 관련성으로 최소 분류 처리.",True,
9edbc3dadf0e,2026-06-08 07:22:39,2026-05-11 07:00:00,Student Housing — University of Washington (WA),Transgender University of Washington student stabbed to death - WSMV,https://news.google.com/rss/articles/CBMimgFBVV95cUxOdlhBUXREdFNfYXlsSi1KWVVOUzdGNUZhellMR0p0clA5UC01V3pBSmo4cG1zSldNVl9fYTk0ZHVVaFZwZGdWRWdNdEJma24wdTNDQ3lVTER6d2czZU1yTkhnSThlUTFTd050em95Y1N3T2wwOVVCZDJiQWpGTlNXMV9ENlM2MTQ1cno2dlJSVzFEcm40c1p2Q3BR?oc=5,Transgender University of Washington student stabbed to death    WSMV,True,시장,,중립,Student Housing,낮음,"This article reports a tragic crime incident unrelated to real estate development, market conditions, or capital flows in student housing.",True,
88d7240048bd,2026-06-08 07:22:39,2026-05-15 07:00:00,Student Housing — University of Washington (WA),Murdered Trans University of Washington Student Remembered by Family as the “Most Amazing Human” - GO Magazine,https://news.google.com/rss/articles/CBMivgFBVV95cUxOY2pNLWRqVkU4dHdWOHpONHJyZzFBcTE1NS1sSmdSTTJ6OFJfNnZIcGphdjlKNmpqOU5oQkI2RUI2aWwteUpzakhSTVFHWmdUS0F3MUprbEtsSHdObkJaX3U2UnVoeng5cU0wcVM5OUpGd1FKTF9PRGxxWXJmaEk5RUE0azk4SzBuZXg0QmtnckhsX3drWUhFV3pkYVh2d3RLRWxWNHZ1bU9PZnpnM0lfM1h1S3JUTE9DRDJoMGZ3?oc=5,Murdered Trans University of Washington Student Remembered by Family as the “Most Amazing Human”    GO Magazine,True,시장,,중립,Student Housing,낮음,"비극적인 개인 사건 보도로 부동산 시장, 개발, 자본흐름과 무관한 인문학적 기사이며 학생주택 산업에 대한 실질적 영향을 미치지 않음.",True,
38b29619a6de,2026-06-08 07:22:39,2026-05-11 07:00:00,Student Housing — University of Washington (WA),Transgender University of Washington student stabbed to death - Alaska's News Source,https://news.google.com/rss/articles/CBMiqwFBVV95cUxQQVBsUWFXSkJyZUY1RTVJeDcxeTlXQ2NSbk1YSTh2blF6OUMtUUNLNXBPZzVvLXNBNC0wb3NCVkJmSmY0Rm9uRExDX1N3V1Q1QnNiYzhjZ0MyQVdia0x0SzY0VE1BZWhvbUZwNkwtNGo1R2NwRlR1UW5ZN0htRnUtTHNQLWQtN0p3Z2p5MkhqSGtOd1ZwaE1OQVN0NTNRMlJUMF81YmNHLTAtTUU?oc=5,Transgender University of Washington student stabbed to death    Alaska's News Source,True,시장,,중립,Student Housing,낮음,"학생 주택 관련 범죄 사건으로 부동산 시장, 개발, 자본흐름과 무관한 뉴스이며 Woomi의 투자 관련성이 없습니다.",True,
3ac206a9fc66,2026-06-08 07:22:39,2026-05-13 07:00:00,Student Housing — University of Washington (WA),Nordheim Court tragedy marks first recorded homicide of a student in UW housing - dailyuw.com,https://news.google.com/rss/articles/CBMivAFBVV95cUxPQ0pyRHZsZVVVbmU2UklCMGk5bTFkdVAtM0NsVkkwajFNc3RRSXdLVnpGTlpGVW9HX2ltREZCaElWNEdONlM4aHRZNWtYclFKUndVbUpCTmlZcW8tdTdERnpQWmY3ZThRTi1fVEFJSEh1Vm5vZFpQUGdVanpocWo1dDl5RVBNRWxsUU92bGRfUm5aR1duRGNSang1aFAtUFN0NzZ3QmVuYUJBaFZNSHJERkUwRWxJWHFVVkFxNA?oc=5,Nordheim Court tragedy marks first recorded homicide of a student in UW housing    dailyuw.com,True,시장,,중립,Student Housing,낮음,"범죄 사건 보도로 대학 숙박시설의 안전 문제를 다루고 있으나, 부동산 개발, 시장 데이터, 자본 흐름과 무관한 사건 뉴스이므로 관련성이 낮습니다.",True,
88cc63f926d3,2026-06-08 07:22:39,2026-05-11 07:00:00,Student Housing — University of Washington (WA),Transgender University of Washington student stabbed to death - WEAU,https://news.google.com/rss/articles/CBMimgFBVV95cUxQM3oxR0VzR1VYemM5T2QxeHNSTnlGa0M1cTI4MzR6Mm1mSlBMZ2ZPdnFLOXpBaGtfMUxnY1JhM3dxYS1BUF9mN2dCd1B5bjN5N3pjYW8xRXp4SzZ0ellEV2NiamoxQzBQZWpYVzVfc0FBb2hRVV9NWnFkYWdzNDhoZUpLNUF4cE82UUZqYWlOM2FjcURjWjdPbVJ3?oc=5,Transgender University of Washington student stabbed to death    WEAU,True,시장,,중립,Student Housing,낮음,"This article covers a tragic crime incident unrelated to real estate development, market conditions, or capital flows in the student housing sector.",True,
11d29c7e88fe,2026-06-08 07:22:39,2026-05-11 07:00:00,Student Housing — University of Washington (WA),Transgender University of Washington student stabbed to death - WALB,https://news.google.com/rss/articles/CBMimgFBVV95cUxOV1JubEMwSEFuaGFZa3dGSG9PX1RWNDlpY19GNTdUU0VyRG9HNF9nRE9PUWdBNmJZcTJNZlhVV3pvTjBVS08tbVB5Tk44eFpES05QSXNCekJaYkI1WmNpRFZwbVdwODVjSjQwVEJpWk9lTmg3OXZYUWhtQlJqQlN0d2ZPVmtnQzNWVi0zN1JnN0hTczdCRW80ampn?oc=5,Transgender University of Washington student stabbed to death    WALB,True,시장,,중립,Student Housing,낮음,"University of Washington 학생 사건은 부동산 시장, 개발, 자본흐름과 무관한 비극적 사건으로 주거부동산 분석과 관련성이 없습니다.",True,
5b3accd6de5a,2026-06-08 07:22:39,2026-05-14 07:00:00,Student Housing — University of Washington (WA),Suspect arrested in killing of UW student at Nordheim Court - Yakima Herald-Republic,https://news.google.com/rss/articles/CBMi6AFBVV95cUxQRnliQm9PMTR6MEVmUE5QVXpMR2hVbkR0ZEJjd2ZiajZXLWk1SWJqQjlTWEdJVlhxUHdQcGsxYlhpSVBnckxib0JGTWlFQ3lHOHZvb19oSDFKLWd4emFFUDVvY1FRZUN2YlAzVG9nUHY2b0xWcnlMSGZXVVYzbDdVSUtCVkVCZ05UZGYzNkdVUS1aeEhDMll0QW1neS1scE41OWJaOWE2bHZNSGNMeEh6ZWpSRUx4Sm9pRnFLT3JaU0Foc0pnTFEwZHRDaTVNd2VibkZPclNtYlJoaldnMDRpWGk0TTJhTlZu0gHuAUFVX3lxTE8xRVdZa3MtcmU2UXhYQWZjMjdFbXFsMVlxVk55b3BHbFE1Z1Q0eWNjdmtNQm9HWnlLR1V3QlFUNEl6RmV1LVhZN1Q5ZVZPcDJxWm45ZlNnVVU0dUJBRnZUYWg2cFYyVGV2eFRhVnRnRUtvcE16YlJYMUtOLUZhM3Y2Q1VMcjdSNF9JRE5OVjhzLThhWDNKY2c4dzBFWk5QYVBBbUZFMVYtdU01VFNhanNoaU43aDFvMnhKMXlkRjRmeU1uM1ZUUzFZNzFrYWpkMm56bzVyeE5Ea1c3VXg5TTNDMDFpV0pSSXpkbUZKUHc?oc=5,Suspect arrested in killing of UW student at Nordheim Court    Yakima Herald-Republic,True,시장,,중립,Student Housing,낮음,범죄 뉴스로 학생주택 개발이나 시장 데이터와 무관한 사건 기사이므로 관련성이 낮음,True,
56cb7a6c19bb,2026-06-08 07:22:39,2026-05-11 19:57:50,Student Housing — University of Washington (WA),"Transgender University of Washington student stabbed to death in laundry room, suspect at large: Police - Daily Dodge",https://news.google.com/rss/articles/CBMiwwFBVV95cUxQYzFvdnhZR181YmxWWmZCdTFMOWpiV0hqRlRtQXBEWERXeDdRQ1VNU0ZiNjk4ZXUtYUtHZkR0VW92bklhNWhTNWoxeTUyT2xZd0loSDlqU2pwSG4xMnBLQWY0ZWJhQjRHOXB3UW9sNU9UZ2VtNmtGZkczSmdwZUxGcXNBSkFRVkotY1JXZktpWmtCcWJVN3AtV1RyUU81S1p1dXlYSmlBVVRTaU56OThVZmlLTmxESnVFakduSjVqSXpmLWM?oc=5,"Transgender University of Washington student stabbed to death in laundry room, suspect at large: Police    Daily Dodge",True,시장,,중립,Student Housing,낮음,"범죄 사건 기사로 부동산 시장, 개발, 자본흐름과 무관한 뉴스이며 투자 관점에서 관련성이 없음.",True,
d9ae36e7e1aa,2026-06-08 07:22:39,2026-05-14 07:00:00,Student Housing — University of Washington (WA),Suspect in ‘horrific’ stabbing of UW student appears in court - The Seattle Times,https://news.google.com/rss/articles/CBMitAFBVV95cUxQTTNGd0VUQU9UOUhyc1JvbGJYX1l4NlBKQWtwQTkxMjByWHJXbXlVTjkyV3VicHhMWHdKQmlhTkFuUHNmV2p4cC1RWlNkNll1ZUp4TmlRUXczRzFzbnJLbzlXMzVDaDRVSjBxMGcxaEhSVW1iLS03ZTV4Zm9XMEVMYS1UcVMySzJwYUdYQVdPVG5pUktoa1UxMEEzU2VBTjQwT0NYb1pSUlBLdklzNWpEZERIWlc?oc=5,Suspect in ‘horrific’ stabbing of UW student appears in court    The Seattle Times,True,시장,,중립,Student Housing,낮음,범죄 사건 보도로 실질적인 주택시장 데이터나 개발 소식과 무관한 지역 뉴스이며 Woomi의 부동산 투자 전략과 직접적 연관성이 없습니다.,True,
2d162644ee96,2026-06-08 07:22:39,2026-05-11 07:00:00,Student Housing — University of Washington (WA),Transgender University of Washington student stabbed to death - WOWT,https://news.google.com/rss/articles/CBMimgFBVV95cUxQUTd1Y1RJSV9CZEluMXRRQkt0WHZFSng5S1BlZ0gyMEFVSy1ENko1OHFBbXg1SUprY0Y3SlgyUmF2bnlNVFBpbjUxaVhqWU5YMjNGVHZpNHNHUHZybk02WGhfcEFxOXlxZElJdmQ4WlI4TTZERExQWWtIWmZvREhISUo0VTZ2OVJ6bjF6OFpvMU40cE5FNXFjbzln?oc=5,Transgender University of Washington student stabbed to death    WOWT,True,시장,,중립,Student Housing,낮음,"개인 범죄 사건으로 실제 부동산 시장, 개발, 또는 자본흐름과 무관하며 학생주택 시장에 대한 실질적 영향 정보를 제공하지 않음.",True,
e31b33811522,2026-06-08 07:22:39,2026-05-24 07:00:00,Student Housing — University of Washington (WA),Chilling video shows accused killer stalking college student minutes before laundry room murder - New York Post,https://news.google.com/rss/articles/CBMizwFBVV95cUxNRTk2VUlicDIyMXdHM2cyUy1ybnJ3RE9uX1JMaUdyM1duYmtGLVVFTXE4ZmVSajVBSHZzQVVCejdrb2RlWm5XU3QtNVpLZ1dXZjNxWkhERk5Ba0pSREEzRU0xTUUwUGJoOFNtNm5qUDRnMnRNSkpKMmp4QUdqYUxBWjNpelBGakJtMTVHd2dvQ3NUMnFKT1BOLWdGVFo1M1k2cE1LZXhFdXotYmdrOHd1N01QdkxYX2pGSU5LX01lOXRRUVZWRHhNeUJoXzJUanc?oc=5,Chilling video shows accused killer stalking college student minutes before laundry room murder    New York Post,True,시장,,중립,Student Housing,낮음,"범죄 사건 보도로 부동산 시장, 개발, 자본흐름과 무관한 뉘스 기사임.",True,
01cb5b55be3e,2026-06-08 07:22:39,2026-05-14 17:28:00,Student Housing — University of Washington (WA),Suspect arrested in University of Washington student homicide - AOL.com,https://news.google.com/rss/articles/CBMijwFBVV95cUxQeXZNd0hzM2FzbDlFQTZ1RE1Xc01LWWRKUTY3clBKMVEtaGwzbjg1d1ozRXFPblJUOEVXRjh5UVVhSEZCb09VMjFNbUV2ZWhYVXRpbGNMQ2xnbUhWd3hQbzdJMUxtNVRJSnkzOUhuUzlLZS1RUk1MUUdwRzVHNHFGcU9oVVY0WDdqejNqejJQMA?oc=5,Suspect arrested in University of Washington student homicide    AOL.com,True,시장,,중립,Student Housing,낮음,"대학 캠퍼스 범죄 사건으로 학생주택 시장과 무관한 일반 뉴스이며 개발, 투자, 임차 동향 등 부동산 관련 정보를 포함하지 않음",True,
e825d308668f,2026-06-08 07:22:39,2026-05-18 07:00:00,Student Housing — University of Washington (WA),Man charged in fatal stabbing of 19-year-old UW student - KING5.com,https://news.google.com/rss/articles/CBMi0gFBVV95cUxOVFdaNGRRTEJXckhtYzNuNUliY2pIWHFaWHJQRnB3YmtKTXdEMUZVR3EtNnlDQWpRcjh0eUVWWFBoMlFRUGtqMXBKZ09iOHotNC1vTGNJc1M1R3otX0RpNEQyZ1hael9ZZV9TSm91bjJvQ3NZZGZmU3RHbHVOYVBqYVlvMUJ3MzBWSUVxOHM5WGxMV1FBb0VLbU1lbzhhbTBTVTJ1bjMzem92Vy13dUVCUTlpNm5xeDNnb2xKenl4ek1rUGo2cVhERktxaUhkNkJybmc?oc=5,Man charged in fatal stabbing of 19-year-old UW student    KING5.com,True,시장,,중립,Multifamily,낮음,"범죄 사건 보도로 부동산 시장, 개발, 자본흐름과 무관하며 Woomi의 사업 관련성이 없음",True,
6783c5b5bfa7,2026-06-08 07:22:39,2026-05-12 07:00:00,Student Housing — University of Washington (WA),"UW student stabbed to death, Seattle police say - OregonLive.com",https://news.google.com/rss/articles/CBMilwFBVV95cUxPdkEta09PeGNGbjFPLXpXcHFqMThGLVVqX1FKdzJmUUhvUnhrbGNZQVd0dzhiM3VNZk1lYkRJMlM1Q1JuRmg2N3J2dVFxelpIaHlURlpRRDhwR0VTVFRTWDlwNF9pRmlwZFNNRUZQcTZrZE96X2xyaTY0V196WXYydmVabDF3endlSjhLd0ZEeXBVRENSbGFF0gGrAUFVX3lxTE1UUUtGV1Z6ZmM3aWpZSGRfZHIzcVpwUGtwWFZma29ZSlhzNUd3X2IwODdnblhWMFhTY0pKQjQ2M0FQZ2JQUm5kTExucWJYMDltT2d6eTNVZkdCTkRZMkVRZjBtVzg2VFN5UE5CeTZUMnhORjNtM0NXWUU0YlV0QlBKYnNFemZQbG1HWEpMaXpoQWJCUmZOcWwydC1XNDZ2em1WbzlIX2VKUVhVcw?oc=5,"UW student stabbed to death, Seattle police say    OregonLive.com",True,시장,,중립,Student Housing,낮음,"범죄 사건 기사로 부동산 시장, 개발, 자본흐름과 무관한 뉴스이므로 관련성이 낮음",True,
86af9b3a53d2,2026-06-08 07:22:39,2026-05-13 07:00:00,Student Housing — University of Washington (WA),Seattle police release new images of UW stabbing suspect - krem.com,https://news.google.com/rss/articles/CBMizwFBVV95cUxQMWZua0xoMGRHZDlvWEhHU3lrdU1lMDBBRVE5M3pJTVU0bFdjYzVwMVNDYW0yMmN6dUNmZThnNGUtYzJmRHhDVkxVWERoNi1Sam9jTnNLdXltYVA5QmZiMWltTGZGU2I1WkhkOWd6RFNFSGpNaWZVZFJmeXBtUzNFNUU3aGwtX0Q2SlRtaDhGaUYzZUdGMldZUWlPUG1FeGdsTFplaWFsdXhPeFB6WmRPYmEyU1otenBBOEhpNm1DSTl5WlJpZVdYMW1zczdxcjg?oc=5,Seattle police release new images of UW stabbing suspect    krem.com,True,시장,,중립,Student Housing,낮음,범죄 사건 보도로 부동산 개발·시장·자본흐름과 무관한 뉘스이며 학생주택 산업에 직접적 영향을 미치지 않음.,True,
3c6dd5fa83c7,2026-06-08 07:22:39,2026-05-14 07:00:00,Student Housing — University of Washington (WA),UW stabbing: Suspect turns himself in after deadly Seattle attack on student - FOX 13 Seattle,https://news.google.com/rss/articles/CBMidkFVX3lxTFBMQ3FFUGEtSVF6aXQ1SnlBRFpsTjhYeFJja1paT3J1V3dGdWpiSEJxOXRzb1U0aExhRHROdl82WUJSWkpIMEFnQTlrTTdUU3F3a2F2R19wLTZLVFJCdlBPZUljLTBwQnFvaUh0MDlpVVVCVzhWakHSAXtBVV95cUxNd2JULVhxTndIak9zTU15YTdYN0tuMjEyYnU2VWZUZW1EbnlPYXNWNEhUMmpyYlZvREFqRUFVaW5ZSDZTSEtuNEcwOTE4bVhOY0RFaEd6Q25jTjdoSWlmZ1A3LTlQUGdRNVN2OTVSMmRWSWM2cHlneHJwcmM?oc=5,UW stabbing: Suspect turns himself in after deadly Seattle attack on student    FOX 13 Seattle,True,시장,,중립,Student Housing,낮음,"범죄 뉴스로 실질적인 부동산 개발, 시장 데이터, 또는 자본흐름과 관련이 없으므로 주거용 부동산 업계와의 연관성이 매우 낮습니다.",True,
bc6e4cf72791,2026-06-08 07:22:39,2026-05-14 07:00:00,Student Housing — University of Washington (WA),Slain Trans UW Student Identified as Juniper Blessing: “The Most Amazing Human Being” - them.us,https://news.google.com/rss/articles/CBMimAFBVV95cUxPcXp0R3M2N09vd3ZaVUhlYkRLYUpjQ0dqMGlwdThmTGx0cVdUYnY5VTRqU0xRc1dWcUVFejdTemkzUHRCY3ZqR1NLQ3JsVjhGRFdTTFpTOG9jbHZRLUdXaWhtVm5EcUM0TjJoZmpaQVJhTmkwR3hlaXlQVnpLZ3F5ZndWZmJxZjJQbFExNkZoMWtXWnRpZzM3SA?oc=5,Slain Trans UW Student Identified as Juniper Blessing: “The Most Amazing Human Being”    them.us,True,시장,,중립,Student Housing,낮음,"이 기사는 대학 캠퍼스 비극 사건을 다루고 있으며 부동산 개발, 시장 데이터, 자본흐름과 무관한 뉴스입니다.",True,
0e8bca2d7629,2026-06-08 07:22:39,2026-05-14 07:00:00,Student Housing — University of Washington (WA),'Detransition' activist Chloe Cole vows to return to speak at University of Washington after Antifa threats - New York Post,https://news.google.com/rss/articles/CBMi3AFBVV95cUxQVUZzaFhxZTFVQzJQWTJPSHU2NWpiMHJMOEh5VnFVSE5Zc0o0WVFyUmt5d29uelJVWHdiOFR4clRsWExHVWhMS3g1ZC1BcXROcUZaLTVmd0tQQ09qMXlZQzZRRlJyMmJoejBOSUhuYTBfb3FXYVNkWG52SW8xWjNkU0FhNHMzUDJPaXYwZXdPVXRKbDZNTnQtWEE5cDZGTXFyQzU3NjlPbVhuYjQ5RDRTTjNnTzd1Wm5tVkY5VUYzWk8yTDJES3BITEcyTlpPMGN3aHhDT0N2bnk0YlFn?oc=5,'Detransition' activist Chloe Cole vows to return to speak at University of Washington after Antifa threats    New York Post,True,시장,policy,중립,Student Housing,낮음,"대학 캠퍼스 정치적 활동가 연설 관련 기사로 학생주택 시장의 수급, 임대료, 정책 등 실질적 영향과 무관한 내용입니다.",True,
5c611fe0c9d1,2026-06-08 07:22:40,2026-05-16 07:00:00,Student Housing — University of Pittsburgh (PA),Pitt might need a new permit for the hotel that housed students as freshman enrollment ballooned - Pittsburgh Post-Gazette,https://news.google.com/rss/articles/CBMivAFBVV95cUxNZVBYRXN1Wkx4aFdjekxyQTFFLTVwZ1F6WDl4UTRzeWozbG1CRjNlUGFpR3d6MGtfSmVuNFFhYlBKR3pkbERtV0ZSenpHanpQWVdfTjQzRW9jV2JHVU1oazFEMV9ueVgycXM0N3dQcXNXMk1UUTBlTENuVTEzVjhkSnJjWFVvcXBKTkVUdWl0U2E2NGJYMzNYdzhCUXJuVnFuM1JzdHBOZ3ltVnE2cmI3UFo5VDFWcWVtbWJBQQ?oc=5,Pitt might need a new permit for the hotel that housed students as freshman enrollment ballooned    Pittsburgh Post-Gazette,True,시장,"permit,policy",중립,Student Housing,보통,대학의 학생 주택 수용 능력 부족으로 인한 임시 호텔 사용 및 신규 허가 필요 사항은 학생 주택 시장의 수요 압박과 규제 이슈를 보여주는 시장 신호입니다.,True,
53591d2f5c54,2026-06-08 07:22:40,2026-05-28 19:23:00,Student Housing — University of Pittsburgh (PA),"Pitt, developers work to boost housing in Oakland as enrollment climbs - Pittsburgh Business Times - The Business Journals",https://news.google.com/rss/articles/CBMikAFBVV95cUxNbEYzSmVXemtaUm5WQkMya0RiOHJvLV9aR0dTX2ZSc295MVNwUGdJbll6Z2szcFhUQmFQeXBwLXlaelc5cGs1cWwzVXFhMXNxNTVpaTBUY0tsOW82N1ZDbVFFZW5GZHhtR3l0bnN4R0l4ZW1MaENOeFU1Y3RGcFNMUmc0MkJDUmRkXzVLY2FaY1k?oc=5,"Pitt, developers work to boost housing in Oakland as enrollment climbs - Pittsburgh Business Times    The Business Journals",True,개발,development_plan,강세,Student Housing,보통,"피츠버그 대학교 지역 학생 주택 공급 확대 개발 계획으로, 지역 수요 증가에 대응하는 개발 동향이나 계획 발표",True,
29ce02b00b31,2026-06-08 07:22:40,2026-05-29 18:19:00,Student Housing — University of Pittsburgh (PA),Plenty of projects in the pipeline for Pittsburgh's university district (Corridors of Opportunity: Oakland) - The Business Journals,https://news.google.com/rss/articles/CBMimgFBVV95cUxQLUQ4czlKamtsRDFhdWVwbUxTTWN6a1hWdm1MbkVCaXQ5WmNsYXRETUpHaFpqOUdhT3VYdU1ON1BoaTFIQ3B2TEFJN2FEQ2RVUkplcnFwNzFvdTFJeE1TZ0hQenI2YXV4elNWQzFZSGJvM1dxMjJNTV9Ia1k1Y2lQOXRJNTlZdVl1a3Z1djBqeFFNX1EtQnNvQXlB?oc=5,Plenty of projects in the pipeline for Pittsburgh's university district (Corridors of Opportunity: Oakland)    The Business Journals,True,개발,"construction_start,permit",강세,Student Housing,높음,"피츠버그 대학 지역 학생주택 개발 파이프라인 프로젝트들이 진행 중이며, Student Housing 섹터의 개발 계획 발표로 분류됨.",True,
18df7985fb6d,2026-06-08 07:22:40,2026-05-26 15:28:00,Student Housing — University of Pittsburgh (PA),"Pitt exec talks big Oakland campus projects, university's housing needs (Corridors of Opportunity) - The Business Journals",https://news.google.com/rss/articles/CBMimAFBVV95cUxPWVFZNnpvc3g3WGdvQUxPQzBpbk5TLUNfTnp5UFJnRWpwZGsxY0RvRHJtbjRIYk1kWHBhaUJFTVRIR1RhZHZmcXRMY1dvUWpwTGVKWmhWaTJLV1dPX0I5Y2ZIWVAtS1I0Q19vOHQ0dzhJUE5STlJOWlBzNnFRTm5IZ3ZVaDBuOGE0WVdTSXg0RjVvWkR1M3VsOA?oc=5,"Pitt exec talks big Oakland campus projects, university's housing needs (Corridors of Opportunity)    The Business Journals",True,개발,"construction_start,development_plan",중립,Student Housing,보통,"피츠버그 대학의 캠퍼스 프로젝트와 학생 주택 수요에 관한 개발 계획 발표로, Student Housing 부문의 개발 뉴스이나 구체적 프로젝트 진행 단계나 규모가 명확하지 않음.",True,
a0893f8966d1,2026-06-08 07:22:40,2026-05-20 07:00:00,Student Housing — University of Pittsburgh (PA),IUP increases room capacity as student demand for on-campus housing spikes - TribLIVE.com,https://news.google.com/rss/articles/CBMisAFBVV95cUxQZGRTdkdfVVEtUWVmV0N6ZGtPQWl1c1pXYXdaVlM5VmltTGZjYzNKajRMYnloNTRNcVYwTVNLbEpmTGJaSWhWWF9LWDc0dDhESkpyc0N1bDNBLU9mZmtQVy1vc2lmb3M0dnRySlFaZ1c5d1lobnJ2VVJsY0ltNENnOEtxZ2VnRUhZT3Z0S1Z6dUFybXZoaVRXYjlPZk02V3BSdlo4QVBYRUh2MDVGVVRQWA?oc=5,IUP increases room capacity as student demand for on-campus housing spikes    TribLIVE.com,True,시장,rent_occupancy,강세,Student Housing,보통,"대학 캠퍼스 내 학생 주택 수요 증가 현황을 보도하는 시장 데이터 성격의 기사로, 특정 대학의 점유율 개선 사례는 Woomi의 학생주택 포트폴리오 관점에서 보통 수준의 관련성을 가짐.",True,
1c7385589c19,2026-06-08 07:22:43,2026-05-19 07:00:00,Student Housing — University of North Carolina (NC),NC House advances property tax loophole and UNC system construction bills - NC Newsline,https://news.google.com/rss/articles/CBMipwFBVV95cUxOVGdZV2kwdGlNQlZTOS1aUHBjYXZCaUNzZHhMLTUyN2pZTnBQdnp4NFgwNkRqd3NaRDI1cFAtLXRZTUZ4RGNJTUZPR0M5ZjVfa3BCRXlGc3AwQ0VkSXZjYnMxVEhQaEdCUUlNMU9Lb2h0cnc4bDV5UWE3X2lac0wwVmhnYkNib2hiMTRRclctcnE1dWxCRy16QVRpdDVkbzVtTVd4ZGVXWQ?oc=5,NC House advances property tax loophole and UNC system construction bills    NC Newsline,True,시장,policy,중립,Student Housing,보통,UNC 시스템 건설 관련 정책 입법 진행으로 Student Housing 섹터의 규제 환경 변화를 나타내는 시장 신호,True,
79d26388b008,2026-06-08 07:22:43,2026-05-13 07:00:00,Student Housing — University of North Carolina (NC),"Phase 1 of Carolina North campus will allow for living, learning - WRAL",https://news.google.com/rss/articles/CBMipgFBVV95cUxQU3dRcFU0VUhwdGdTQmxGWnRmUjlCeE0xeUF0Y1RtM3AwcVFhT1l6RlNCWGN2Wld1RlJCSjVva1BnZmx3UnYwNjFyclNuV29uRW9PY3JtQ0pRVTRHRmVCV04wT2F2X0dfci05RUU2Q2pkT2VoMm5yeDhoVTFIeXo2OHRoOXBPeHBnVmpfR3hzQ2YwRXhmdkg3ZmFOajRNT25aYzdQMVF3?oc=5,"Phase 1 of Carolina North campus will allow for living, learning    WRAL",True,개발,"construction_start,permit",강세,Student Housing,높음,"UNC의 Carolina North 캠퍼스 Phase 1 개발로 학생 주거 공급이 신규 창출되는 대규모 개발 프로젝트이며, Woomi의 Student Housing 포트폴리오 확대와 직접 연관성이 있음",True,
a126d394dc16,2026-06-08 07:22:43,2026-05-13 07:00:00,Student Housing — University of North Carolina (NC),UNC selects design firm for massive Carolina North campus expansion - CBS17.com,https://news.google.com/rss/articles/CBMi0gFBVV95cUxOVDJpYnMxc2c1SVh2cG5VdUJWR19OajhKWVZuU25NT2dMcDYtY181SnFnWEo0a1ByeUVBUmh2aHNFVHpBbjhRVEhVaFFlTEpSU3NqMGUyUmNqVWdJeGN2N3NKakhOZndnajBzNVR2c0xDMm1mNEtadUw0V1FmWnRkbGhIUlVJT2E3ZnUyMTMtSTZVODhSc3pTelFHUWJ0bUZDZW1Cb193M0Y3bjkyZ1p4aUI3dmVRMUJJWlotT3BIVzRwd1FxRDdvVW1tSmw0RE05enfSAdcBQVVfeXFMTy1DUXB6SWNyNXFQU0JCdVR2OUcwOUpQa0NoRWp1U2RobFVubVgtdTFaX2NaZERCZFZLeU5XbmNsdk5jU0RCRk5QdHpHOVVOMnR1ZE8xX05PanFrRGpLbmhRanNMQnR2cXFpVmxSUk8yUm1haWNRNURtamFhTmU5cFY4aVhyY2NIVERqRmlBOGMzVVJMZlZ2QVRHbVZrbHV4UUNROUh6N1VLQzJfLWQtQjdqS2VuckYwdDJ3cDVnSHFfWEM4b0Eybl80bkhURHBiVC1La3J2Tnc?oc=5,UNC selects design firm for massive Carolina North campus expansion    CBS17.com,True,개발,permit,중립,Student Housing,보통,"UNC의 캐롤라이나 노스 캠퍼스 확장 프로젝트를 위한 설계 회사 선정은 개발 계획 단계의 진전을 나타내며, 학생 주택 부문 개발에 해당하나 구체적 착공 시점이나 허가 완료 단계는 아닌 초기 계획 단계로 평가됨.",True,
e7ca19914c27,2026-06-08 07:22:43,2026-05-18 14:36:00,Student Housing — University of North Carolina (NC),UNC Charlotte ends ‘gender-affirming housing’ program to comply with federal mandate - Campus Reform,https://news.google.com/rss/articles/CBMiuAFBVV95cUxNUEdyc1NQRDhVY3hES005VDhTUVpRcE5JOGpNc1lvSnJlTTB5clRqZ0JTdlZ6ZnpsQ3l5ZnJQZngtR1Jia3JPLWZfT0N4U2tBdWFGSm5pZzdzUnJSVVlWcThCMklmM0JzUHNDUl9ValpLWHNLNHhCX2hjeFN5U1pvSTFpdFlweXBQS1owMEVVUFowWEw5YUZtdm9BRkVxR0pfX3VhZi1xSzVmVzNCTndfdGNpeUJRTEJq?oc=5,UNC Charlotte ends ‘gender-affirming housing’ program to comply with federal mandate    Campus Reform,True,시장,policy,중립,Student Housing,보통,"대학 주택 정책 변화에 관한 규제 기사로, 학생주택 시장의 운영 환경에 영향을 미치는 정부 정책 사안이다.",True,
b11f2f99c52c,2026-06-08 07:22:43,2026-05-11 07:00:00,Student Housing — University of North Carolina (NC),"UNC Charlotte Reinstates Sex-Segregated Housing, Walks Back Trans Exception - National Review",https://news.google.com/rss/articles/CBMisAFBVV95cUxPbElJUGNDT0dJbFkwcG9sZVNuVXpHb29ZU3ZGNk5GT1d3RnVYa1J4X01wdlNXMm1QNEtvd2RmWHlCRzExaERDcGh0V2NpSEI3bDRMa1ROajVUSE5Oa1JkeXFsTjZSYUFFMkRiTHdmNWswRE5jX1pKbjlaSHNOdC1fNnNBRnNBcThENGpQSElDRUZiZ0dXZGY2OFhMVTVEaGZWMGp2RnEzMDNfbG96RHVhc9IBtgFBVV95cUxNZW5pdEVzRU9ianFmamVLMl9tTGhWRHNBWWNtcTZGVVhjZHR1eGZJa1o3ekwxbkFVQUc4ZVEzNVdSY05aazNJVVktUVhjSVR1MERmRVBVYlEtWC0xOE5MSllxak1rSUIzM2tJRkR2UllHdzd6amc4N2h2LS1kRUN2MG50d3hDdURib3JhdUlDSTAyb1d3eTNCR0drY1hpendWWlRTLTZ2WFBZQzA4S3Jhb0ttSnQtZw?oc=5,"UNC Charlotte Reinstates Sex-Segregated Housing, Walks Back Trans Exception    National Review",True,시장,policy,중립,Student Housing,보통,"대학 주택정책 변화는 학생주거 시장 공급 및 운영 규제와 관련된 시장 뉴스로 분류되며, 성별 분리 정책 전환은 Student Housing 부문의 운영 환경에 영향을 미치는 정책 신호입니다.",True,
4105f6aba086,2026-06-08 07:22:43,2026-05-18 07:00:00,Student Housing — University of North Carolina (NC),Construction ramps up at this busy Wilmington intersection - Wilmington Star-News,https://news.google.com/rss/articles/CBMivwFBVV95cUxPODNwYldFdFBSWHpLNmUweUdjNnJlM09NLWFTRWdWTHllTFZvWUZMTzJzS1RhdWRtVFRHRjRIanVWWmRFc2l6Q05ORzNFV3RfSmlHUGhRYk1BMkhMbGtsOUhqT0pKb1JRVTFnbE0tRW13VHBTcW9Oc1Zxa0ZNeDFSWk9CS05mQ3BMRDlVRWgtZ2FUamdiS0dlbHFUcTAyNFV4amlzank5VVplcnl3REdFWkIyRE1VSnVxaWhhRTFHcw?oc=5,Construction ramps up at this busy Wilmington intersection    Wilmington Star-News,True,개발,construction_start,중립,Student Housing,보통,"학생주택 개발 프로젝트의 착공 단계를 다루는 기사로, 개발 카테고리에 해당하며 Student Housing 섹터이나 구체적 프로젝트 세부사항이 제한적이어서 보통 수준의 관련성을 가짐",True,
a6171cebcb7c,2026-06-08 07:22:46,2026-05-13 07:00:00,Student Housing — San Diego State University (CA),"SDSU, Chelsea Investment break ground on the first affordable housing at SDSU Mission Valley - San Diego State University",https://news.google.com/rss/articles/CBMiwwFBVV95cUxOV1NWb1k3V0FvMW84emhWSTBjbFZXRFBiMUtoQnFvNS0zdTFtY1JmVS10RGR0cXlGaUN3a2o0MmNzQWdDcUFBNlBmSWFvc0Q2R1ExdzQ0Y1lwRVhXSWVBUXVFNWxPdjd0ejVyUkltYmtWV09xQkdLOGlEZF9GaEdkV25UOUpnZGpiQm0ycWtkZ0JPbEpwQm8tZE9CbTExMm10UHJ6N3lsU1FSNmZJeFdRa3M4WVRLRVlsQU1uLXRZd3RUdmc?oc=5,"SDSU, Chelsea Investment break ground on the first affordable housing at SDSU Mission Valley    San Diego State University",True,개발,"construction_start,land_acquisition",강세,Student Housing,높음,"SDSU와 Chelsea Investment의 Mission Valley 캠퍼스 내 첫 저렴주택 사업 착공으로, Student Housing 섹터 개발 진행 중인 강세 신호이며 Woomi의 대학 기숙사 및 저렴주택 전략과 직접 관련성이 높음.",True,
045f695e93a0,2026-06-08 07:22:46,2026-05-30 16:00:00,Student Housing — San Diego State University (CA),Is SDSU watching? See where the university put its AI-enabled cameras - Times of San Diego,https://news.google.com/rss/articles/CBMiugFBVV95cUxOMjNZaVg1VUh5MENMbkZoZTZaWVA3SzRGcVpiQ1dTdHNyS1lKNFAtSkg1LWZWTmEyRVNOTDVOSnlWd09LNG5veTNGREVKMktsVjFfVHEtRDU5V0pZSkNOdHpaQjRJX1FoeTRTT1FlZG5hY0V6QTU1R2lPcHJFZ2dGUmkwc3Z6elVDQ0htWjR2d05GZHR1YW9oN0dHaGdScmllRVFrTE5GLVI3Tng2eGRYS0MzZUR1cHFHMnc?oc=5,Is SDSU watching? See where the university put its AI-enabled cameras    Times of San Diego,True,시장,,중립,Student Housing,낮음,"SDSU 캠퍼스의 AI 카메라 설치에 관한 기사로, 학생주택 시장과 무관한 대학 운영 정책 뉘스이며 부동산 개발, 시장 데이터, 자본흐름과 연관성이 없음.",True,
2bd8396ee1cb,2026-06-08 07:22:46,2026-05-13 07:00:00,Student Housing — San Diego State University (CA),San Diego State University breaks ground on affordable housing in Mission Valley - San Diego Union-Tribune,https://news.google.com/rss/articles/CBMiyAFBVV95cUxPc2VXNno5cWJHX2d4UWotYzhUeVowWFRJbUx4MVZLWTZVaVBFemtRNnQ2MTNJbDhUVGNLMVhJNnp3Wk1XYVdNUE5TcW5YM2FnZFpjWkVaV0ttSXo1OUNqbGdjakQwUm5IQ1hBTDlsbGFiS1gxSjB0LUs5bF9JelVxOFRTd0VRS2llZGRLZnpjd29yd0NtYkNiZW5EMDZIZ2xIclBESjFGakNqc0dSRFE1Rkk5N1lwc2VxdUhyT0s1TG02LXBCSVdpTA?oc=5,San Diego State University breaks ground on affordable housing in Mission Valley    San Diego Union-Tribune,True,개발,construction_start,중립,Student Housing,보통,"San Diego State University의 대학가 인근 affordable housing 프로젝트 착공으로 개발 카테고리이며, Student Housing 섹터에 해당하지만 대학 자체 프로젝트로 Woomi의 직접 사업 연관성은 보통 수준입니다.",True,
aa856c84e933,2026-06-08 07:22:46,2026-05-13 07:00:00,Student Housing — San Diego State University (CA),SDSU breaks ground for first affordable housing at Mission Valley campus site - Times of San Diego,https://news.google.com/rss/articles/CBMitAFBVV95cUxQN0xSYnhRUzFfZUo1dV9JUlJ5amZZOENJU2FlSGNjTDhiNHFuc2V4Y1oxbEdQNFBWcklhdjRHS21sU1lVN0dTbHA5NzYwRFdZLWZVVmxUZW9vRWZEOExjSmh1NXptX2xQRk1oQTBFN25jdEZxdENCMDhhQjE0UkZHQXhmVndvbHkySHBPZjRsLTlaREFKZFJPVlBqNnBMQUtXNnYyM2Q1Qk5yMkVNUnNjbzJtRDE?oc=5,SDSU breaks ground for first affordable housing at Mission Valley campus site    Times of San Diego,True,개발,"construction_start,permit",강세,Student Housing,높음,"San Diego State University의 학생 주택 프로젝트 착공 기사로, 학생 주택 부문에서의 구체적인 착공 진행을 보여주는 개발 뉴스입니다.",True,
83ae8b64bb5d,2026-06-08 07:22:47,2026-05-21 20:02:25,Student Housing — Texas A&M University (TX),"Texas A&M System Board of Regents Advance Major Investments in Students, Research and Campus Infrastructure - The Texas A&M University System",https://news.google.com/rss/articles/CBMi0wFBVV95cUxPZE4wb3h4Sk9SYV9iLThuMmJyQjFoU0hWcnFyOE1DbUFtakIwTjRycGtBeFZfV0RoV0EybEdpd1V1cFhTZXFxRFRaelZ3T1FWbm5wSGhVMVpFUHlrWXJFOUUwY2pPLWpySmFrbkJmLXhtSU9FT3d4aDVVc3pEdHdWeGdZbXVuN2hTbnZhRU00ZS1LcnVxN1Vmc1l0UWRIMmdVTmd0bVR3MllHaEJTV0pvcU9LeDl0TnFFN0JvQXdqR0NyOGwyMXA4eDRhTk5xclo0UWVj?oc=5,"Texas A&M System Board of Regents Advance Major Investments in Students, Research and Campus Infrastructure    The Texas A&M University System",True,개발,"construction_start,permit",강세,Student Housing,높음,"Texas A&M 캠퍼스 인프라 투자 발표는 학생주택 개발 기회를 시사하는 강세 신호이며, Student Housing 섹터에서 Woomi의 관심도가 높음.",True,
aec4e2fe82d8,2026-06-08 07:22:47,2026-05-28 14:30:00,Student Housing — Texas A&M University (TX),"LV Collective, Peninsula Break Ground on 922-Bed Student Housing Project in College Station, Texas - REBusinessOnline",https://news.google.com/rss/articles/CBMixAFBVV95cUxQQjRHTUZZbl9IdEIzYUZkSHBuOXViQTdlaWxpdVdPR0g0cnBYRXNmUG5pQ0cybTgtUzRxbWctQkVRRjJhQ2xCT0lNMzhRT1RMb2xaZHd6YnFKLTdPa3dNOUJiSGx0dmU3OURwV2pEUVpSaDJvZjBMUnVsTzZvMmlBcUZseUFqNmdpTmlQRloyRm9STjlZTkwzblJVaWtsZ2tXaWtZeGRwSnVSSFhwM2R1N0lycEJYM1B3cVpFbWxVUmM3clQ4?oc=5,"LV Collective, Peninsula Break Ground on 922-Bed Student Housing Project in College Station, Texas    REBusinessOnline",True,개발,construction_start,강세,Student Housing,높음,"Student Housing 프로젝트의 착공(groundbreaking) 소식으로, 개발 카테고리의 핵심 신호이며 Student Housing 섹터 특화 개발로 Woomi 관련성이 높음.",True,
4fe30952e7c4,2026-06-08 07:22:47,2026-05-21 07:00:00,Student Housing — Texas A&M University (TX),Board of Regents Approves $6.8 Billion Capital Plan for The Texas A&M University System - The Texas A&M University System,https://news.google.com/rss/articles/CBMiuAFBVV95cUxObTJRLVJQOGZPZ1VsOTFlVEx0U2I1eDZyV0haSHJwYUc0ZUZkOFd2VlNidmE2clRUNGhoeGRXNDRycGZud3BJZEJVUVIxUXNtMHd5V3BEUXVtU19oRVBPNXVaQks3QVNLZmVsWldGNDZ3aUltQkdzUEJCQVh2cEwzVG9HWkZQRndQbkNYUklpTmF2Tzg5bV9GclhKSDFFZGRoT1BZNXh0YzdYZVhBYXBhWm1EYzFhMHda?oc=5,Board of Regents Approves $6.8 Billion Capital Plan for The Texas A&M University System    The Texas A&M University System,True,시장,policy,중립,Student Housing,보통,"대학 시스템의 자본 계획 승인은 학생주택 수요와 공급 환경에 영향을 미치는 정책 성격의 뉴스이며, 텍사스 A&M 지역 학생주택 시장의 중기적 수요 신호를 제공합니다.",True,
a43f2673bfd3,2026-06-08 07:22:48,2026-05-14 07:00:00,Student Housing — Florida State University (FL),Family of FSU student killed in fire at Social Seminole Apartments files lawsuit - WCTV,https://news.google.com/rss/articles/CBMipgFBVV95cUxPSTdBYndnWkFfUFB0Wl9WNENSMlRva0RMNUNMbDhwbmw0SU5sZ1UtRXNiLUc0WWtkU1YzVDR3WGhzV0VFVUZXZDU4QmlJaVNMWUdmOVd4N0dGZllCXzFGUDY3c3FMSjhEQmtVb0Vwc3UyT2R0UW5jaFlVaEE3MFlxYkFpbm1rbWpubWhVNXROMTBVckVXX1NWOHpYMW1ELURWYkZpLTNB0gG6AUFVX3lxTFB2RGFyUXJVZ2laZEJrdzN4OFJyQVhVNEtrRmxFTjNTLXBrOENYZ1V4bnJHeVBENlZOdFJrSEwyVFNwazNSeVdHczVzY0pzTnVzaVdJRWxNc0oyTm5OeXFMR0YtUW1wUkJBR1hmbFc0MlQxSUtaUlJSbnlqaEpvTFU1SXN5OHNmYmk5WGNrWDlrNjhvVVNZVDZCYkxyU3c0T0JVcVJhUVQxaDVQVjQzVENheERjZlh6ZGp2dw?oc=5,Family of FSU student killed in fire at Social Seminole Apartments files lawsuit    WCTV,True,시장,rent_occupancy,약세,Student Housing,보통,"학생주택 프로젝트의 안전 사고 및 법적 분쟁으로 인한 부정적인 시장신호이며, 개별 건물의 평판 및 운영 리스크를 나타내는 시장관련 이슈입니다.",True,
93fd043fac5f,2026-06-08 07:22:48,2026-05-14 07:00:00,Student Housing — Florida State University (FL),"Cause of deadly Social Seminole Apartments fire in Tallahassee ‘cannot be determined,’ report shows - WCTV",https://news.google.com/rss/articles/CBMivwFBVV95cUxNRDhCZnA5SXYybF9OMk5OdzYyVlZ6ZEFkNElhOW44ZE1kV0FRd0piLTRVazgxbWw2cGtIWVg2dGVjM0x1akpaakRYMllnVkd3ZjRCSTI4T29BV0g5YzNDRnVFd2JTZVo2WnUyRlp2THZiNGU3cUpZNzVNLUh1TG00NGNnM2RwQUswN0U1LTVreFVHLTFMOExONE5BQWp0QTFiZlhxOU0xMGY4OXlWOWhjZUVkV2NLLVpxTFlBNjdISdIB0wFBVV95cUxOeVpkS1RXcHEtN0NrX3BPNmFxS25vZG5jTl9fYXFBbXNPTUhTdzczNGdnN3U0WjB0cjZBUVM4UFRROFY0Wk1wNGJVcUNMdFFsWDhxR015OVdTYVVWRG5TVVphMnhWM2J5TFFDTFl2Snp3WmJxNUtVM2I1MUJEQVFiQ3VHYmp3RFF0T3Q0MExaMXNlQzhncWF4T1kyY3V0aGpIMUlEbUVYQ3lyaFNfOFhKOU02eVJUVThQSlc5QVNpRU1OU0JGV3NXTDlfN0RjR2NUc3dj?oc=5,"Cause of deadly Social Seminole Apartments fire in Tallahassee ‘cannot be determined,’ report shows    WCTV",True,시장,market_data,약세,Student Housing,보통,"학생주택 화재 사건 보도로 Student Housing 섹터의 안전 및 운영 리스크 관련 시장 이슈를 반영하며, 특정 개발/거래 활동보다는 시장 신호로 분류됨.",True,
a15e57aaf1f6,2026-06-08 07:22:48,2026-05-14 21:24:34,Student Housing — Florida State University (FL),Social Seminole Apartments faces lawsuit over deadly fire from November 2025 - WTXL ABC 27,https://news.google.com/rss/articles/CBMiswFBVV95cUxPZ3N2bllQd01aenhGeWJwV1duRmsycjR3NHhmdE1JNmo5bmZPTVRndV8teUtRcUd1bE5yYVlSR0ZpRG5Vc011ZWtSYVNNWEZGWGlRdzAzWGZRV1kxaXNzcXJvQTV5N3g5WWJVTmRRTmpZYUlFNlpWaWZndkZ6OC1XUTNkS19NOHM3N3RPUVRfV0JiUFduQi1felZsVndPWDFzZVBnanpWc3ZIZ2dwTWgwc1NHbw?oc=5,Social Seminole Apartments faces lawsuit over deadly fire from November 2025    WTXL ABC 27,True,시장,rent_occupancy,약세,Student Housing,보통,학생주택 부문의 안전 문제로 인한 법적 분쟁은 운영 리스크와 시장 신뢰도에 영향을 미치는 시장 신호,True,
ffa2f9ced128,2026-06-08 07:22:49,2026-05-12 22:40:01,Student Housing — Auburn University (AL),Housing woes? Campus resources help students find ‘home’ - Auburn University,https://news.google.com/rss/articles/CBMi3AFBVV95cUxNNDVzUDc5TTlDQ1JnZE5XVmd4Q0tyeWZCNTh6dzh0eXg3TXVtQ2xKMW9SZjJ5TjJ5dmxSaHhiOW85a3F1NFl5MkJuUXZpTGRMWkdOa3hsUTl1UENORzJhZEttbjlRWW5WamUyTVNuMlBnUi13a3JKQndlTkwtdXozVmZ0ZFJJTi1sb3lDVTkzanRVcE14dWpyXzUzanotb1I3XzlHclNNN3Z2WWUxd3lyS25peFR3ZXQ0UU9EVWo5N1N6NFhFMDUySUR0emVkQkt4bS1ZOHFyTXVURDZJ?oc=5,Housing woes? Campus resources help students find ‘home’    Auburn University,True,시장,rent_occupancy,중립,Student Housing,낮음,"Auburn University의 캠퍼스 주택 자원 프로그램 소개로 특정 개발 사업, 시장 데이터, 거래가 아닌 일반적인 학생 주택 공급 현황 기사로 분류됨.",True,
c284e72d3a39,2026-06-08 07:22:49,2026-05-20 07:00:00,Student Housing — Auburn University (AL),"News | Scion Group, Ares acquire $910 million student housing portfolio - CoStar",https://news.google.com/rss/articles/CBMipgFBVV95cUxPYkhUY3RNS1B2YUk4UW1EQW95RFYyZkZWMXhrbmJHSGtqd2dHOG1lSmU2cGNVcmV1UEFFM01IV25ZTFl0RjRvbjJoeF81NWphLWRqczUzZDdsR0FURnVRX0hBNzFZa2g3V09vUmtQSnpPaFAtLXZhVVd4NmdGcEdmaEZ4YVZ3MDdPZHljN2pFaFVlbzNsTHdZZk5oUEVGNHdPNXVyWElB?oc=5,"News | Scion Group, Ares acquire $910 million student housing portfolio    CoStar",True,GP·자본흐름,"transaction,acquisition",중립,Student Housing,높음,"Scion Group과 Ares의 $910M 규모 학생주택 포트폴리오 인수 거래로, 대규모 학생주택 섹터 M&A 활동을 나타내는 자본흐름 이벤트입니다.",True,
c0b66dd2ae6f,2026-06-08 07:22:49,2026-05-18 07:00:00,Student Housing — Auburn University (AL),"Auburn program helps student moms graduate with free housing, childcare - WAAY 31 News",https://news.google.com/rss/articles/CBMi8AFBVV95cUxPYnY4OTBhMzNvMVNVYWJzdUZlOGJjNTdrM1lIeTQ0Tjd6cWJUMXVPTTQtSllBdmR1dTdHN3R6MUROTFk1b1FaNUF5VXNack9KOEZfRmtHMlEzbm5rcHlCT0VMVXJ3UnhPWVRnQ3IzZjY5OFVteG9wLWc1MFQyMFYyMEpJcG1YdFA4NTJPRFpKcHN4Tmc1VTZmTWhnbHRCS3lFOXJid3NkS19LM3hCenVPR2xlUjlSLVNQaUQycjllZ2ZrYUJnRmVibHN2ZmRuUmU4SElyY0huUndXQ3FFR1d6THpKbWRQWkdUSDN2SkFreEc?oc=5,"Auburn program helps student moms graduate with free housing, childcare    WAAY 31 News",True,시장,policy,중립,Student Housing,낮음,대학 지원 프로그램 소식으로 학생주택 시장 수요에 간접적 영향을 미치지만 부동산 개발이나 자본 흐름과 무관한 정책/뉴스 성격.,True,
a7bccec8bc1b,2026-06-08 07:22:50,2026-05-20 07:00:00,Student Housing — University of Texas at Austin (TX),Greystar Closes on Land for UT Law Student Housing Development - Virtual Builders Exchange,https://news.google.com/rss/articles/CBMipgFBVV95cUxPZTNPVmpPbDBEVFFkandNX2F0Qm5DdmF4N211bG1ibER0aWI0RGhFRkFiUGlhNm1VRU9faHVGcll2Uk9pbDRFRFJ2bHhWdEtVOXZGa1ZBS1p3aGlPTUxaTHVkWmttRWhPb2VFeXgzWENGNnJkT1Y4bElPdkVSWW1WY3RYM3Y4ZjNSS012ckZzby1DRlFkQmxBaWdJUmVkcEExTzgxblR3?oc=5,Greystar Closes on Land for UT Law Student Housing Development    Virtual Builders Exchange,True,개발,land_acquisition,강세,Student Housing,높음,"Greystar의 UT Law 학생 주택 개발 부지 인수 종료로 Student Housing 섹터 개발 프로젝트 진행을 확인할 수 있으며, 전략적으로 중요한 대학 연계 개발 사례이다.",True,
2e4b9e7a928a,2026-06-08 07:22:50,2026-05-19 07:00:00,Student Housing — University of Texas at Austin (TX),Flexible and grounded - Living Lutheran,https://news.google.com/rss/articles/CBMie0FVX3lxTE9fcVdpQS1PZEJhd3h6ck9XVUVxaWNLWW9KOFBwMFdSSENGbXNLbmMtenlCemN4Q3FZVGppZGhqN2l1UVZ2bThaMW5ibmNjVEMtWGhKeDVHdTZLY1lZS1FGRG1oeURDQVc3NHNGU3Y0YjJMVlIyQ2dxb1NHQQ?oc=5,Flexible and grounded    Living Lutheran,True,개발,construction_start,중립,Student Housing,높음,"University of Texas at Austin 근처 학생주택(Living Lutheran) 개발 프로젝트로, Student Housing 섹터의 구체적인 착공 또는 개발 진행 소식이며 Woomi의 Student Housing 전략과 직접 연관성이 높음.",True,
e7eada0c292c,2026-06-08 07:22:50,2026-05-12 07:00:00,Student Housing — University of Texas at Austin (TX),"Greystar, University of Texas at Austin Break Ground on 340-Bed Student Housing Project - REBusinessOnline",https://news.google.com/rss/articles/CBMitwFBVV95cUxPSjdGMktkNWgzOTE4QzBhZ0ZzTWhtTnZCaTg4a2pLWmRnMGhpSmVKNmZxUGxWbFFvRFRseGo5ZEhqRlZsdzh3bUxSbWdSMkhQc2FCelpadHFGZDFxZUZXZWFiZUJsSWJueXRHdERnYmlFOGdyaUpjaDRkekwta0EwdlRremR5akplYkoxekNvdlFBRXRqZV9xSVliNUVFTjVQdWtpa21IQXJ4UWRaMk03RjRwazFRSjg?oc=5,"Greystar, University of Texas at Austin Break Ground on 340-Bed Student Housing Project    REBusinessOnline",True,개발,construction_start,강세,Student Housing,높음,"대규모 학생주택 프로젝트의 착공 발표로, Student Housing 섹터에서의 구체적인 개발 진행 신호를 제공합니다.",True,
26e5542967e0,2026-06-08 07:22:50,2026-05-12 18:55:58,Student Housing — University of Texas at Austin (TX),Greystar/UT Partnering on Student Housing Venture - Connect CRE,https://news.google.com/rss/articles/CBMijgFBVV95cUxQdEhiQllqRUZzR19VQnY4Tnd6ZENFenUzRVNFeHU3Q2xrSVBWeERjN2NocHc0M05ZUXNlUlpHYXRWVEN3eTVFdzUzNWQ1OW9XWWdiVUE0WGU0bzdoVFFWdUxuVHBBVG5STTA2dm5pTnY1bGp2Y3dSSU1OMDhZX3lsbHhvcFZNRFUxdUFtU1dn?oc=5,Greystar/UT Partnering on Student Housing Venture    Connect CRE,True,GP·자본흐름,JV,중립,Student Housing,높음,Greystar와 UT의 학생주택 벤처 파트너십은 전략적 JV 형성으로 Student Housing 섹터의 플랫폼 파트너십에 해당하며 Woomi의 Student Housing 포트폴리오 확대 전략과 직접 연관성이 높음.,True,
4d8c833bc61b,2026-06-08 07:22:50,2026-05-20 07:00:00,Student Housing — University of Texas at Austin (TX),"TSB Realty Closes Sale of Campus Court, a 398-Bed Student Housing Community Near the University of Kentucky - Business Wire",https://news.google.com/rss/articles/CBMi9gFBVV95cUxNUUxpRXdVM2NVYTNXREh2aGtnUnZxZy03RTBuLUoyOVJTdkpubW1YMWtYVFd2VDJPYUNBR1JRZF9FWHFrZUlMT1lYNkFIS1doYW1IUjRvMWtkT0RmcHdlY0NHekJPZV9kcUQ0RFpfYUhFOEFTNUtoNEE4OXE0TTBnZXNnZmZuUG44eG5fQkJWZmRDd1FnYjliMXpqU3d1S1dvazd2QXRPMkxLV2UtM29VamxNUjRhYkpCMTFWR3NEVlAzWTlTeEFFTUsxYXBDNkRNTVQ2cUVKdnRwY1l1cmJoWkNXZEFIRWFhdENNTERCVTNXNm9aYnc?oc=5,"TSB Realty Closes Sale of Campus Court, a 398-Bed Student Housing Community Near the University of Kentucky    Business Wire",True,GP·자본흐름,transaction,중립,Student Housing,보통,"Student Housing 자산의 매각 거래로 분류되며, 단일 자산 거래 규모와 특정 운영사 언급 부재로 보통 수준의 관련성을 판단.",True,
4c99e1936725,2026-06-08 07:22:50,2026-05-13 07:00:00,Student Housing — University of Texas at Austin (TX),The best town or city for college students in every US state - Business Insider,https://news.google.com/rss/articles/CBMickFVX3lxTE96VktZcEE0Tm5tRWEycnd1WUliUEZsalpQMGxVRHlqanQzM1RZRy1ObE82a1JlVmZQcjE3YkJ4TUtZRFZpLWtXTUdaX3JnbVVPOFJvazVQSkJpSUN6YmFlRlhrTHNtVkNac0tpMmYxUk5OZw?oc=5,The best town or city for college students in every US state    Business Insider,True,시장,market_data,중립,Student Housing,보통,"대학생 거주 선호도 관련 시장 데이터 기사로, 학생주택 섹터의 수요 트렌드를 다루고 있으나 특정 프로젝트나 개발 실행과는 무관한 일반적 시장 정보입니다.",True,
e85edbcfb42e,2026-06-08 07:22:52,2026-05-10 07:00:00,Student Housing — University of Arizona (AZ),University changes housing recommendations to expect future first-year students to live on campus - The Daily Wildcat,https://news.google.com/rss/articles/CBMi1AFBVV95cUxNNDB5LXg1UGhwUUpCbWpzNXlBVzgtTjl2MG5XeVlXUV9xaWJpNkRoRVNBa0FNVk0xNVYtOVJSbDhDQm9jMm5VaHo3ZVdlUmtqTG1DVzN5anlOWjhwb3RWUmNfN3FvMi0yUUFvb0JFTVVxamRDX1k0c1ZwcXBmNjYwYlBKUUMwNFoyb01aTWFMc0dGR2dMZUt6SGFXbWZGTE1EQ3ktdFpYV200aE5OeHpiUjZYamxJZVRpNkxkU2N1UjgyVFJzRHYxOUNpYkF2UjQ2bW9kMw?oc=5,University changes housing recommendations to expect future first-year students to live on campus    The Daily Wildcat,True,시장,rent_occupancy,강세,Student Housing,보통,대학의 1학년 학생 기숙사 거주 권장 정책 변화는 학생주택 수요 및 점유율 추세를 반영하는 시장 신호로 분류됩니다.,True,
c8bbdeb44a94,2026-06-08 07:22:52,2026-05-11 07:00:00,Student Housing — University of Arizona (AZ),Big rummage sale set for U of A dorm leftovers - Arizona Daily Star,https://news.google.com/rss/articles/CBMingFBVV95cUxOVklWWHJUeWZ0UGRhb3czaHFTUUY4Z2pDMjhaQXREdGJWOUlhUGZ1Wl9ZLXBFTmE5dTZ1b1NwamU5eDNjNjE5LVRieTd4TlZIOEpmXzB3MnpYQmI5bVpoODFNLXlVR0gwTEZyYi1YNDV5bnlCb1lGMGV0X09TcTgxVEpDcHgyZzZ1NXN1aDVncmxMdkVuR2szTzlBajJDQQ?oc=5,Big rummage sale set for U of A dorm leftovers    Arizona Daily Star,True,시장,rent_occupancy,중립,Student Housing,낮음,"기숙사 물품 판매 행사는 학생 거주 관련 부수적 뉴스일 뿐 시장 수급, 개발 진행, 자본 흐름 등 실질적인 부동산 정보를 담고 있지 않습니다.",True,
9d76616cbda2,2026-06-08 07:22:55,2026-05-27 21:35:43,Student Housing — University of Oklahoma (OK),Oklahoma off-campus student housing community launches mobile credentials - Campus ID News,https://news.google.com/rss/articles/CBMipgFBVV95cUxOdmduR0lvTjFjZlE5WVg1OFRpc0g0TWMxc0EwalByb0VZT1Y5NENPRmRRTExZTks5MXpOdEU0VXpvQ2RLSTkwOEtNNFIwWWhta0g2Q3h0MWo1cTdSQkhDdXpDc2doOVY0ZmF1T2FETlNGMUVFeEhJMzJfUmRUdFYzYmpKOHZsN3dENVFnOWJRc184U0NyNDBvWmZ3MmxIT3ZxX252endn?oc=5,Oklahoma off-campus student housing community launches mobile credentials    Campus ID News,True,시장,rent_occupancy,중립,Student Housing,낮음,"기존 학생주택 커뮤니티의 모바일 자격증명 시스템 도입 소식으로, 시장 수요 데이터나 정책보다는 개별 건물의 운영 업데이트에 해당하여 시장 신호로는 약한 관련성을 가집니다.",True,
1b59d1d43f68,2026-06-08 07:22:55,2026-05-21 19:53:20,Student Housing — University of Oklahoma (OK),Allegion Launches Integrated Security Ecosystem for Off Campus Housing - Campus Security Today,https://news.google.com/rss/articles/CBMixgFBVV95cUxPMl84ZlIyeDdGSG9iZjA5UHV4QTI2MzlxUTI5UENsVnkxYkhMa0dqdDhsenh4NVFpTUZieHFHVjJKUDVaRVZKeFFweE50YjhWR3JpRVpuWGhDY0dfNTlvV05QQk5NQnY1ZHF2akdpRkhtYlNMRm9tTnlBanlGLXZFNDBwSjlYVUZyUVRLTzZPQS1XSHZMU3k1d2R6WGJFSjRteHA5eW5HTTkyM2ZTb2JYYVh5dzVGeTlnMG9YVllnM1BkSG9UN3c?oc=5,Allegion Launches Integrated Security Ecosystem for Off Campus Housing    Campus Security Today,True,시장,market_data,중립,Student Housing,낮음,"Allegion의 오프캠퍼스 학생주택용 보안 기술 출시는 산업 인프라 혁신이지만 개별 개발, 거래, 정책 변화와 무관한 기술 상품 발표로 Woomi의 사업 관련성이 낮음.",True,
6147f08ffdf3,2026-06-08 07:22:55,2026-05-19 07:00:00,Student Housing — University of Oklahoma (OK),Your phone becomes the dorm key: Allegion links campus and off-campus living - Stock Titan,https://news.google.com/rss/articles/CBMiwAFBVV95cUxPeE9hdlhzQThFVWpHZURKRDVYUnFrMkVwMEJtbTJ2c3VUMU0tLW85U0NKWGstMGU0ejhsRW4xR3Rwak5MbG0wVnJRbU40RW10NmVPUmY0ZXlORkoyYWgtWHhnM3pGNGMtbXRzY2lrbVhCZU43bG1uRzc3YmRYSy1HNEJsbXVlMENBUjNfbXAzUVlvajV0LWFwdFEzc2w2VklBaWZ0Szl6ZGtTNFdPZmpYQlpWVTdORk5uWl9FY2tFajI?oc=5,Your phone becomes the dorm key: Allegion links campus and off-campus living    Stock Titan,True,시장,rent_occupancy,중립,Student Housing,보통,"Allegion의 스마트락 기술 도입으로 학생주택의 운영 효율성이 개선되는 시장 트렌드를 다루는 기사이며, 특정 개발 프로젝트나 자본거래보다는 산업 전반의 기술 적용 사례로 분류됨.",True,
7108900813b1,2026-06-08 07:22:55,2026-05-17 07:00:00,Student Housing — University of Oklahoma (OK),The best college in every US state - Business Insider,https://news.google.com/rss/articles/CBMidkFVX3lxTE54U29HeTVDNTRBWFAyRzlzUkN6LUhoSlIzRWZKS1psZ0RmVnd3ZGxseXNWU0N6UTdxZUJwWVc5WjBZVjdzc29KakNCcVFxVjZGaUM4NElvUlphV281MU90X3FrVXprX0Y0U090ZjNDaFQ0WlBXbFE?oc=5,The best college in every US state    Business Insider,True,시장,market_data,중립,Student Housing,낮음,대학 순위 기사로 학생주택 시장의 수요 지표와는 관련성이 낮은 일반 교육 콘텐츠임.,True,
45459de9bee5,2026-06-08 07:22:57,2026-05-29 07:00:00,Student Housing — University of Kentucky (KY),7-story apartment complex proposed near UK campus. Residents vow to fight it - Lexington Herald Leader,https://news.google.com/rss/articles/CBMiaEFVX3lxTE5CazZRaWk5aVE2UG1ORFNXZVRKaUtXZEJfdlpYV0UwektiN1dsa1hxblQ5bG94b0s0NjJwSjBXX0xKcl9CT1dDTjdfd2RUX19YcXlFZjNxQ3F4Z3RyYXZKcFI0bkdpQUdh0gFoQVVfeXFMTmozS3J6bGFJTTBXWjQzU3ptUHEtNDgzVFU0eW1jR3pZaEtGdVgyaVduajhFaEo4Zm54WlRVLXhDRFVXRkgyd3BoeWhkbVhfTVlOOHhHRmVJMVpTNmZpQnY1c0hZNG1GUXY?oc=5,7-story apartment complex proposed near UK campus. Residents vow to fight it    Lexington Herald Leader,True,개발,permit,중립,Student Housing,보통,"University of Kentucky 캠퍼스 인근 학생주택 개발 제안 단계로, 허가 진행 중이나 지역 주민 반발로 실현 불확실성이 존재함.",True,
0ce3024d6246,2026-06-08 07:22:57,2026-05-14 07:00:00,Student Housing — University of Kentucky (KY),Demolition of downtown block to start soon for student apartments near UK - Lexington Herald Leader,https://news.google.com/rss/articles/CBMibEFVX3lxTE5IVy1aV3l4SjJhVVZVWGNLTWFLd1R1M05YZ3RlN1k2dll5bGplcXFMYUs2Q1R3RUdtSzdxdEtSemVTUWYwVGxUY0t6Y1lrZHptSXhjRkZtVzhKSHNtN3JwaEJzaVBkRVVucHd6YtIBbEFVX3lxTFBfLU9KbGtGZUU3clZqM3FRYWlEY2ZrVVcwYUtBTmFYck8zREFXN242dG9OSmpKUlozaFRLb2RPLWY0dUMzb3BnTmlRQ1h5TDlLeEkwZnc2VktqN3VCN0J4U1FLdkN3V05qTUN6Sw?oc=5,Demolition of downtown block to start soon for student apartments near UK    Lexington Herald Leader,True,개발,construction_start,강세,Student Housing,높음,"학생주택 프로젝트의 착공 임박 단계로, 부지 정리를 위한 철거 작업이 곧 시작될 예정인 개발 진행 상황 보도",True,
dccd6f4283e8,2026-06-08 07:22:57,2026-05-28 07:00:00,Student Housing — University of Kentucky (KY),"UK students partner with Shaker Village to explore design, landscape and place | University of Kentucky - Archinect",https://news.google.com/rss/articles/CBMiywFBVV95cUxOamFpUzZMNW9LSW4wWDB4UHR1UEpwNUlRNGQtSjU1MEYwYm00TmNVLUthMTRwTWZFYmZmVDJGMVZmTDBuMWM0c0Nkenk0c1FPWkp6dWQ2NE5URVlsSEVGYm9wVEV3MnBGc0ZxWkNkMjJGN0FTX0pKM2VQTUwycE93RG8zeG9wVnJrSHcxRVExTGdjWkYwSlctd0h0OFRnOVMwTDNlanNCckJ5ckstTWFKV0szSEJmQUV2ZzVyTHd4RUR1dXFKc19CQ2podw?oc=5,"UK students partner with Shaker Village to explore design, landscape and place | University of Kentucky    Archinect",True,시장,policy,중립,Student Housing,낮음,"학생들의 디자인 프로젝트와 교육 파트너십으로, 실제 주거 개발, 시장 데이터, 또는 자본 흐름과 무관한 학술 활동 기사입니다.",True,
5ee48202e0a0,2026-06-08 07:22:57,2026-05-20 02:48:31,Student Housing — University of Kentucky (KY),Coastal Ridge Acquires UK Student Housing Amid Investment Frenzy - BriefGlance,https://news.google.com/rss/articles/CBMingFBVV95cUxNX1hlWERsWnQwNEtSbU9Pbjk2ZUx5bkR1VDRxeWx2ZnpXOHhQX0JSTFZpSHhPNjBsQVlNcDE2bEtlVDZmRDVGZWlZUS1NWEFTRjQ1X09MX3lWMzBhYTV5cWNpSHoxdFhlQVJjZUwxWVpNMmF1QUstZE9qWC1mN2Izb2RWN0tpcENpSTVsMzJhWUdpdWV4YURFRUpnWGRMQQ?oc=5,Coastal Ridge Acquires UK Student Housing Amid Investment Frenzy    BriefGlance,True,GP·자본흐름,"acquisition,transaction",강세,Student Housing,보통,"Coastal Ridge의 University of Kentucky 인근 학생주택 인수는 Student Housing 부문의 자산 거래로, 자본흐름 범주에 해당하며 학생주택 섹터 투자 활성화를 시사합니다.",True,
33b1e083d2c4,2026-06-08 07:22:59,2026-05-29 07:00:00,Student Housing — University of California - Riverside (CA),Fire displaces 100 people at apartment complex near UC Riverside - Los Angeles Times,https://news.google.com/rss/articles/CBMitwFBVV95cUxQRjRJVi1waWJUd1NhM21iSUpFR1VLWm91dUdEUURpWU55d3RqNXU5a0xYUHdrVGlMY2R6R2xNRWVpVGU3Vmw1U05WdmlwUmw5dlVWRDNLdUtydVBDTldKUGlNbXVjT2pGV0xka2d3eWh1NTIwT0tiVVJOMlFBb3pscm5vT012ekVzZXplcUthQTZFeFU2WGp0Nk9ndkxMVVFhWnJDMkl4YkZIc0o3UXJ3QXY1TzJTREU?oc=5,Fire displaces 100 people at apartment complex near UC Riverside    Los Angeles Times,True,시장,rent_occupancy,약세,Student Housing,보통,"화재로 인한 학생주택 복합시설의 일시적 거주 불가 사건으로, 특정 건물의 임차 점유율에 영향을 미치는 시장 데이터 관련 기사입니다.",True,
b17352c4bb76,2026-06-08 07:22:59,2026-05-30 16:29:34,Student Housing — University of California - Riverside (CA),"Watch: Massive Fire Breaks Out At University of California, Riverside - Dailyhunt",https://news.google.com/rss/articles/CBMi7AFBVV95cUxOZkF1RDItZzN6cWZTYnJVSWx6bTluem1BT0NWRFhCRF9nOXQ5aE9RUFpRLTI1TjVabmVwX0VEMndRc0NPMWlKWktrRFhfMzN3aWJYMGZob2Uta3ZXUWotalUyeXFRVFBUc0xKbC1aTmVjNEJPSmhsRW8tUzNkUWd1UmlEWmtCWVZ0U1ViZzdZYlpTQS1aWUdFdU1MczhCVUdsZkJHVUQwcTBzd09yYWpDZllZbElHNHRSQ2tGZHQ1M242dEI0akdlYm5ZUy1uYXNGVk81RXl6dGZCd1pMTXlxVGJtNk80em5zV0hQUA?oc=5,"Watch: Massive Fire Breaks Out At University of California, Riverside    Dailyhunt",True,시장,,약세,Student Housing,낮음,"캠퍼스 화재 사건은 부동산 개발, 시장 데이터, 자본흐름과 무관한 뉴스로 학생주택 수급에 직접적 영향을 주지 않는 일회성 사건",True,
f63091a7017d,2026-06-08 07:22:59,2026-05-30 02:34:44,Student Housing — University of California - Riverside (CA),"Watch: Massive Fire Breaks Out At University of California, Riverside Student Apartment Complex - NewsX",https://news.google.com/rss/articles/CBMiyAFBVV95cUxQTDE2RTByWjdBZ2xEU0k4RkVBSklGQ3FQNWhJMU1fTjJqTWdkZ0EzZ0t3LXBhYUl1OEptOHRmVU9uLUlsN3FTbmNEV3hXMjRNLUJ0ejN2WDdSU1hNbWZSWHVHWE54ZU1VOU9KYTN2dzNIc0o5SF9kNklJeHA5cWZIeVJWZ2x6MDA4QXZuMjdkd213SWduc2pTeDlJN1otekdMRUlXTVpMU2ZqT01FRE85NncxNDZKRWI4WVQwTGJ6QUxlVmZ4R2ZVQtIBzgFBVV95cUxNUTczR1hydWoyUzhJMUhVNENYd1A3a3FaRExyWURDdUlEYlVfV2ZlNmRkTE5RMHdPa2JRMkkzbzVMWmVjem1qR0p6V3EyTXRsMXdTOS0tVWpDcEV0X3pZVEFneUlYcjBTTENQUXVFZzZKQXdKajEyUmxpT0RtQkYzMWZlSnFnY1NBOEdJdHR1eDRCajhMREN2MjgtSUFMN09KdF95akV6Y2NZMlBBSExiVW1yS1pkR0lZc1BIbXY2Z1FRVnBjR3BNSkRTcDZCdw?oc=5,"Watch: Massive Fire Breaks Out At University of California, Riverside Student Apartment Complex    NewsX",True,시장,rent_occupancy,약세,Student Housing,보통,화재로 인한 학생 주택 단지 피해는 해당 물건의 임차 점유율과 운영에 부정적 영향을 미치는 시장 이벤트로 분류됨.,True,
d888ef3a824c,2026-06-08 07:23:01,2026-05-29 13:00:00,Student Housing — Northeastern University (MA),This university-owned city block in Chicago has languished for over a decade. Neighbors say it's time to let go - Planetizen,https://news.google.com/rss/articles/CBMiwAFBVV95cUxPQmYzS0VNMkl1M2F0SEFUU1NHTTFqTzVna0FxbV9lamNTTnN4TFBzSGdOSlZMRElld1BZT1llNnFVeGhjcndYQjE4alhPbzQxN1lnUFZmeUk5NlBMdFJ2Y0pXNXdGSW5UeVlEMFJpNUtNc2ZZalVLRmhkSGVtQkgybjlHc202dWZjWGRQWlllMjlGSnpyZmtKWDI3T1ZJUkp3bXB2MkdlS3Z4dUw4azFSNWY2RFZfbHV2aUNGMFRwVE0?oc=5,This university-owned city block in Chicago has languished for over a decade. Neighbors say it's time to let go    Planetizen,True,시장,policy,중립,Student Housing,낮음,"대학 소유 유휴 부동산의 장기 미활용에 관한 지역사회 정책 논의 기사로, 구체적인 개발 계획이나 시장 데이터보다는 규제 및 토지 이용 정책 차원의 내용",True,
81eab32411d9,2026-06-08 07:23:01,2026-05-13 07:00:00,Student Housing — Northeastern University (MA),NYC college merger brings $203M windfall for Northeastern - Crain's New York,https://news.google.com/rss/articles/CBMikAFBVV95cUxOZ0U0cmI4Q3lGSXFOUy1oZEtjYWlESzkzWUFTd2puTUlFNU9keWxJNUljYnAyLU5uUnhDNl9qOTUyeF9wVDBURkRWM1RMZl9hT1NZQ0J6Zm5ndl90MHdraTdBTzI1d2JyTGNnS3Zra0s3bWJkMWdDYzQ2OUQwZXVTbjYwSmhiSGFWaXA0Q3gtLUY?oc=5,NYC college merger brings $203M windfall for Northeastern    Crain's New York,True,시장,policy,중립,Student Housing,낮음,대학 합병으로 인한 자금 유입 뉴스는 고등교육 정책 범주에 해당하며 학생주택 시장에 간접적 영향만 미칠 수 있으므로 관련성이 낮음.,True,
3c57736c6ab5,2026-06-08 07:23:03,2026-05-21 07:00:00,Student Housing — Boston College (MA),"For Boston College Students in Recovery, BCRH Offers More Than Just A Place To Live - bcheights.com",https://news.google.com/rss/articles/CBMivgFBVV95cUxPNnZGTDlTcllDR0gtVWhidlFQWGowRzBxQ1hLTkFEckFxSW12QkUtSWc2c3hYNUhXcldTX2dFdUpETVd2T1ZhaWtqellzc3RwYUZ5a1NkSjhmTEVwOFpBR0pXSlNVSThqaENUb3UxVHdpbGdvQWIzMlgtZlBhbGRlQjl5M0Znd2VseVdNNUVxQ0ZBNnQ2QWlpZVVPcjRjd1U2dF81cWloMUJ0SXk1dWZKcUplREQwbXBhVGMtWlNR?oc=5,"For Boston College Students in Recovery, BCRH Offers More Than Just A Place To Live    bcheights.com",True,시장,rent_occupancy,중립,Student Housing,낮음,"보스턴칼리지의 회복 중인 학생을 위한 주거 프로그램 소개 기사로, 특정 건물의 임차 현황 관련 시장 정보이나 개발 뉴스나 자본 거래가 아닌 학생주택 운영 사례 보도이다.",True,
b7e37bc06a23,2026-06-08 07:23:06,2026-05-20 07:00:00,Student Housing — University of Utah (UT),University of Utah Chief Real Estate Officer John Creer to retire and transition to advisory role - The University of Utah,https://news.google.com/rss/articles/CBMi0gFBVV95cUxQOGkwV2JnTXN6NG56UXBLdXBDVkpwaGZGWDJPUjlmbXFpeE5EdUJSM2JUQVBFSkxKd0djeW42UWZQeFdsTjh4MGFfdGJpeUc1UDQ1T0FFSkZDOC0tVmhsYXd3NXROZUprUGdyV3NqNmdXNFY4QjNFTDk0VWNaUkxqbnlQdFVaajRUUjJ6SVZkdUZNRzZQQWMzN3k2OEFHeVlNTTVCUzVOWjJnQ1JmWkk4T2NTTkliTlI2YnZVSmRvdEVGejQxTFpRVnFSb1NtNm1oS0E?oc=5,University of Utah Chief Real Estate Officer John Creer to retire and transition to advisory role    The University of Utah,True,시장,,중립,Student Housing,낮음,대학 행정 인사 변동 소식으로 학생주택 시장에 직접적인 영향을 주지 않는 조직 내부 인사이동 기사입니다.,True,
41faf50eef49,2026-06-08 07:23:07,2026-05-28 07:00:00,Student Housing — University of Houston (TX),UH is ALL IN to Vote in 2026 | Division of Student Affairs - University of Houston,https://news.google.com/rss/articles/CBMiWkFVX3lxTFA4NDJiblBQTk1lM3RGdFl6V1dVdndoYlVjMmd6azVJcnVXZlE4MkttZ21BMk82QTVRN0pvRXQxWWJBd0JMS0x1VnVTNW05dE8wZDlHVXVyM2N4UQ?oc=5,UH is ALL IN to Vote in 2026 | Division of Student Affairs    University of Houston,True,시장,policy,중립,Student Housing,낮음,대학 투표 참여 캠페인 관련 기사로 학생주택 시장의 수급이나 개발과 무관한 정치 활동 관련 콘텐츠입니다.,True,
b1b6c2e09b35,2026-06-08 07:23:07,2026-05-14 07:00:00,Student Housing — University of Houston (TX),UH Researchers Release Report On Housing And Mental Health - University of Houston,https://news.google.com/rss/articles/CBMijwFBVV95cUxQb1JOcHo3R2dZNTkzcDBDcjNKbnZISWlaRGVIbk95ek1vMWxiVFNySHdEVGxSa0pfUHRsOVVQU040cTlIbmw0VHdOOUswUXA4Y1ROR0thQms2RktpcTljc1JKamEwU0VPRHQtNUV2RTlaWklBUlI4X01BSkdtcG9vUVF6SjVNdk5NZ09KSUtadw?oc=5,UH Researchers Release Report On Housing And Mental Health    University of Houston,True,시장,policy,중립,Student Housing,낮음,"대학 연구 보고서로 주택과 정신건강 관계에 대한 학술적 분석이 주제이며, 실질적 시장 데이터나 정책 변화보다는 정보 제공성 기사로 Woomi의 사업 의사결정에 직접 영향이 제한적입니다.",True,
2f51ed5f9298,2026-06-08 07:23:09,2026-05-28 14:49:00,Student Housing — Florida International University (FL),Caplin students report on housing crisis in bilingual streaming series - Florida International University,https://news.google.com/rss/articles/CBMilAFBVV95cUxPQkpXUDlwVXV6VmEtLW5rVGhiaGp5TUFwVzFoV3JaWnJkYk9XZkJ3UjhydHNVeF9fZkkyMDRFd2pIM1NobkVGMzdHSTFuWVNyTVFncXZqOVUyQkJJM3BHZHRFX1VvTXZCMTZrTG4xU1gzYzZObXdTSDc1VFFOSjc0U1VrajNqZ1BVSkF3OU5zMmZiS3lj?oc=5,Caplin students report on housing crisis in bilingual streaming series    Florida International University,True,시장,market_data,약세,Student Housing,낮음,"학생 저널리즘 프로젝트로 Student Housing 시장의 주택 위기를 다루는 기사이나, 시장 데이터나 개발 뉴스가 아닌 교육 콘텐츠 성격으로 실질적 투자 관련성이 낮음.",True,
bb0fef5c32d4,2026-06-08 07:23:12,2026-05-18 07:00:00,Student Housing — University of Tennessee (TN),University of Tennessee students say goodbye to Reese Hall after six decades - WBIR,https://news.google.com/rss/articles/CBMi0gFBVV95cUxPT1g1MzU4am56SG1LbU95TFRuM0tCWTJna3Z5M1poTGM0NDdTQXhxMUItbk1pY3pvVmZjblF2ZFdGb0NZdFJXcG1JcUZvRVMtLVFHMmlDaVBwRWtnbFg0bW91dFlDSFdEMjhReFVja2t0YzFJM3pFMjJmb0ZRaG9CajBfOXVVdDZsUWxOVzRQOHdzbldLTUlxVUJEVVQ2MkZldE5FbjM3T3hyVFZtU3ZlZy1xcHEzcHNKNVpQNzFwSmRTM1BmaExleGNGWHJvaTJaMkE?oc=5,University of Tennessee students say goodbye to Reese Hall after six decades    WBIR,True,시장,market_data,중립,Student Housing,낮음,"대학 기숙사 폐쇄 뉴스로, 학생주택 시장의 공급 변화를 나타내지만 구체적 시장데이터나 개발계획 없이 역사적 건물 폐쇄 사실만 보도되어 투자 관련성이 낮음.",True,
12b2f5375178,2026-06-08 07:23:12,2026-05-13 07:00:00,Student Housing — University of Tennessee (TN),Preiss Expands Signature Brand with Dual-Market Student Housing Developments Near NC State and UT - MultifamilyBiz,https://news.google.com/rss/articles/CBMimwFBVV95cUxQNFNtTjRWcVM0Z3ZPOE9Hai00VUpCYkNuNi1BWDhEWFA2em1Wd0VQZWpnWUFNWjN4Ukx1endKZndLanVlRE1jTzJfQ1pxTklNS2daVURSS3pCN2RVcFk0Q0lkcldHbGQxZE5JUDNWVndaQUZIbDdmX3B5MUJOMGVldmp0eWVJQ0phTnc4RnJyNDNQMW1nY3k3ZGh0cw?oc=5,Preiss Expands Signature Brand with Dual-Market Student Housing Developments Near NC State and UT    MultifamilyBiz,True,개발,"construction_start,development_plan",강세,Student Housing,높음,"학생주택 개발사인 Preiss가 두 개 시장(NC State, UT)에서 신규 프로젝트를 전개하는 개발 확대 소식으로, Student Housing 섹터 성장 신호",True,
7cd9b25108b7,2026-06-08 07:23:12,2026-05-26 10:13:34,Student Housing — University of Tennessee (TN),What's that University of Tennessee construction near the Student Union? - AOL.com,https://news.google.com/rss/articles/CBMijAFBVV95cUxOc0lQRm1qNi0tYWVlLXUwc1Z6cllxUTJoY3B0b1R3ZEk2ZnJ3VWo1QmNLNGZ3N1lUek5BblI0V1ZORVZFX1NwWERuMUVGenMyNUZYb2Eyck9SclJ2aDNsdTJSeDJOS2JUS1ctMkhadVRRS2hyNUpJMm9NNmpaYmxKb1JaZ0tuYktGYUUyNw?oc=5,What's that University of Tennessee construction near the Student Union?    AOL.com,True,개발,construction_start,중립,Student Housing,보통,"대학 캠퍼스 내 학생 주거 관련 건설 프로젝트 진행 상황을 다루는 기사로, 개발 단계의 진행 상황 보도에 해당합니다.",True,
966cfd67b029,2026-06-08 07:23:12,2026-05-12 07:00:00,Student Housing — University of Tennessee (TN),University of Tennessee proposes tuition hike in $2.53B budget - Knoxville News Sentinel,https://news.google.com/rss/articles/CBMi5gFBVV95cUxQNFVYTHUybVFYVEpMX3JVOGhab0VfV19CWXFoNFFZR2JvTnE4Y2o4Z2oweTFhU0kybG4zdUVMR3o5QkZ2clRJelJUR1EtdEJ0T2F6M1JGbnVNLXIyTWZOajZKQi01Tm1oci04a1puMV9BX3RsS0hoMEppd0J2b1djOEtCUjJoLVNqSWh1ZkQ3RE01di04OU1Tb2hxbWFEbzNhbHhOeDk1eFFwTl83eXlGeERDVHhiQWR5aGNwd0RYQVFLOTFvZzV0X1UwZmZaZDFjQldIQW5PSHdrQjVrRUxQVHRPa2xBUQ?oc=5,University of Tennessee proposes tuition hike in $2.53B budget    Knoxville News Sentinel,True,시장,policy,중립,Student Housing,보통,"대학 등록금 인상 제안은 학생 주택 수요에 간접적으로 영향을 미칠 수 있는 정책 관련 뉴스로, 시장 범주에 해당합니다.",True,
456c87f42f73,2026-06-08 07:23:12,2026-05-19 07:00:00,Student Housing — University of Tennessee (TN),Knoxville releases waterfront vision for pedestrian bridge's south end - Knoxville News Sentinel,https://news.google.com/rss/articles/CBMi-gFBVV95cUxPOW1JZnZ2STBwbFJReWQyaHUweXBzWnBzQ1NyR2JvR3ZHcWNLbmxwTEVMWVRJUlFGdWoySThTNXpxNTBScm9ldnJSTjJtZ2t2T2dNY29pVmsxanBOX25GUnhqWnhrN3ZYUl8zaHIyeDVxV055NUZoR3EzTUtQSkg1UTEtUmJzeTdJeWt3bV8yMGU5b05ydm5yMWtMQXQ4R3UzZkdTN05NZUlQSzgxYmxNX21pZlA1MlJDLTBZNi0xMkJRemdwcmhlb050SnJUWkFTWjd5ODVhVFBwWUJMVjQ4UXZ3aGtnZkJZemdsTU1DX2pNVm02QUExUDlR?oc=5,Knoxville releases waterfront vision for pedestrian bridge's south end    Knoxville News Sentinel,True,시장,policy,중립,Student Housing,낮음,"시 정부의 수로변 개발 비전 공개는 정책·도시계획 성격의 시장 뉴스로, 학생주택 개발에 간접적 영향을 미칠 수 있으나 구체적 프로젝트 정보가 부족하다.",True,
6c85ad63a6ce,2026-06-08 07:23:19,2026-05-20 07:00:00,Student Housing — Harvard University (MA),"Suspicious man wanted in Harvard dorm assault also seen entering MIT residence hall, police say - CBS News",https://news.google.com/rss/articles/CBMibkFVX3lxTE5YajJrbUE5bnpzZnZ1TV9OWE5KVTcwbXlyUVhYanpJaTI3X0xpUzIwaDhZcy1zWUZ4Y2hRV1VBeVEzZlp4aTVqaHoxb0pCZHRtakgySTZKX2MwUlJmbUgxWGFpQ2E0czZTWVZfR3RR?oc=5,"Suspicious man wanted in Harvard dorm assault also seen entering MIT residence hall, police say    CBS News",True,시장,,중립,Student Housing,낮음,경찰 수사 기사로 학생주택 개발이나 시장 데이터와 무관한 범죄 뉴스이므로 관련성이 낮음.,True,
24d344c2aa6c,2026-06-08 07:23:19,2026-05-19 07:00:00,Student Housing — Harvard University (MA),"Person snuck into Harvard dorm, attacked student from behind, school says - Boston.com",https://news.google.com/rss/articles/CBMitwFBVV95cUxPdGJaSkNNbERIc1BGYnV4TE5pVGJBY1dkbEx6ZVd4UTBWajc2RGpKRUhvY1hJNm8zSUJ2d3dIbE03QWJvcERyblN5WmctMHlURHhjNlhYOU4zUzJMZ09sU251QTR5YkhJcGhoRGNlYkU3Q25Td3d0eHRtME1JQTN3WUJ3bEkzVGhNUEVZaS1UUVJSNUFvQnhlOWJRaGNuamJtLVktT1d5MmYxV1dZMmhTeW9manZLNlk?oc=5,"Person snuck into Harvard dorm, attacked student from behind, school says    Boston.com",True,시장,policy,약세,Student Housing,낮음,"Security incident at a university dormitory; not related to real estate development, market data, or capital flows in the residential development sector.",True,
c665ff3c96bf,2026-06-08 07:23:19,2026-05-21 07:00:00,Student Housing — Harvard University (MA),"Police investigate intruder reported at Harvard, MIT dorms - WCVB",https://news.google.com/rss/articles/CBMiigFBVV95cUxPcVQxZEUwanpYSEgzU0pDdzhTNGZ4cG5taFJjU0sxcjJ5bmI5VllQeDRpRy1YUlZwbFFoZzUyVG4tcEkxOU1CcVpyN2drTThOejVxYURaekZ1RW5GSVZTMFBfWFRNd3Npa2NnNzZGREw5OUZjcENhc2xoUDNYOTFrRE9IM0RXNkt3dlE?oc=5,"Police investigate intruder reported at Harvard, MIT dorms    WCVB",True,시장,,중립,Student Housing,낮음,경찰 수사 사건으로 대학 기숙사 관리 또는 시장 동향과 무관한 보안 사건이므로 부동산 개발·시장·자본흐름 분석에 직접적인 관련성이 없습니다.,True,
7779709bd010,2026-06-08 07:23:19,2026-05-20 07:00:00,Student Housing — Harvard University (MA),Man wanted for Harvard dorm assault also entered MIT residence hall - NBC Boston,https://news.google.com/rss/articles/CBMiswFBVV95cUxPdk1CTGhpZEJ6ZHY3VXJzRkVaSWdLeWV4eWVqd0gzODJMZ3RXZVRzSjlXVnNkSUxoanM1b0swR3lxcW9TWDQ4WXVkM3ZTS24xLUNJSUZNNWRyZlppckRzSnhVQjl5cWtZdDktRlMzRXZkZG51aFE4VXBFR1pRUllhYTFiSkpWQklBUzVlYnF4bG5oM3ZoLWJyUDJVcWtlOTdlVHF5SlFvdnUwM1FQUURmbWc4Y9IBuwFBVV95cUxNd29XbVE4b3d3ZlRrc3N6bllfb2o2WVcxdVNJSzU3QjFGLVQ4c3QyTlI0QVhHbmdEd2lsSVFUb1M4emxzcmw3T0g1YTRxWmpDX2xUVlZSUjE5NmZNRGhSSzcyMGh3Y3ZzZnJRZnREMVZYaUxMVlpGYW53YzhmSGVfejl3M0o1OHV6cTJBcGFlWTYxNmRHdUxBV3NkMldCUHVIZnNMTTk3Vmdlc0FacUNfQ0hsZVdnb1hnVFRz?oc=5,Man wanted for Harvard dorm assault also entered MIT residence hall    NBC Boston,True,시장,,중립,Student Housing,낮음,"Harvard와 MIT 기숙사 관련 범죄 뉴스로 부동산 개발, 시장 데이터, 자본흐름과 무관한 사건 보도",True,
ee45e93c8df2,2026-06-08 07:23:19,2026-05-28 07:00:00,Student Housing — Harvard University (MA),Police ID suspect in connection with Harvard dorm assaults - MassLive,https://news.google.com/rss/articles/CBMipgFBVV95cUxPb2Vha1NjemxvdTFWODJFcmo0dHYzQlJaWkhEdTFOanV6Ul9iSTZoNW44TUZsMHhSdTlRV2FreEdBUEoySThvTzlyT1h3NDJsRkU4cU5RX0thaW9YMXFLck1rd3ByamtWR2xXMVd0NnRXNGJlS1B0b215bVh3WkJ0dVhHTVl2UmNqa3o2R1ZMVUNpUTExemRrVWI1RWtUOHVJUnV4UUp30gG6AUFVX3lxTE1zdGJNMXNQRnZ2cGFXS0p1X0VrQnR4b1ZHWl8wX3YzWWtkRERYdmZrSzRpb1FIbktCY2JjdEU5dlJRaDdQYnlZWVIwSWNwdVlPTVZ4MEJtYmxtTl9mVUw1VENuc0NFdE5Vbzhld09oM2NVWEx3QzRjV2RNaTB3S2hBdGpybkRoUF9Gb0tDMi1PYm82bTZhTG03S1Y2cFhPZnM2S2xTX3BNQm82NnlwaXo1MGRLcnQ3RlZXUQ?oc=5,Police ID suspect in connection with Harvard dorm assaults    MassLive,True,시장,,중립,Student Housing,낮음,"Harvard 기숙사 폭행 사건에 관한 범죄 뉴스로, 주거 개발이나 시장 데이터와 무관한 사건 보도이므로 관련성이 낮습니다.",True,
ccbd12991329,2026-06-08 07:23:19,2026-05-27 12:00:00,Student Housing — Harvard University (MA),23 Harvard Students Will Tackle Housing Challenges Nationwide with Summer Fellowships - Joint Center for Housing Studies,https://news.google.com/rss/articles/CBMiwgFBVV95cUxOR3JVSXFrZUZBN25aV0tLS2pfbGwxVGZfaVJBczJJQTYxaWVrWEljc2FCSFZOaWVpOUp5UG5sQjdmTXlUTkJSNkZka1hFbHFWZVFsREdDUXN0Sy1uM1I5NERUbTVSZkdVdDVTcHFtYU5ITTVtUk4xbDNDVDhiUGpzb19LZE95Wk1rbkV3cTFDbmE3WnRHc1dpQjhPT1gzLU4zek40dnhhUnJhRkswcXhfaGJRQmpJend0Q1EyS1dlWnJwQQ?oc=5,23 Harvard Students Will Tackle Housing Challenges Nationwide with Summer Fellowships    Joint Center for Housing Studies,True,시장,policy,중립,Student Housing,낮음,"Harvard 학생 펠로우십 프로그램 소식으로, 주택 정책 연구 및 교육 이니셔티브이나 직접적인 개발/거래/시장 데이터를 포함하지 않아 관련성이 낮습니다.",True,
884a4f0410d4,2026-06-08 07:23:19,2026-05-28 07:00:00,Student Housing — Harvard University (MA),"N.H. man arraigned on kidnapping, assault charges in attack on woman in Harvard dorm - The Boston Globe",https://news.google.com/rss/articles/CBMifEFVX3lxTE5XQnFrY1pHWWh0NjJ4ek0zd2ZLVk1MRjhhRERpYUd6RGwwcVhWYmxZT0xoV3NCY2stWWk2bEtIYXJOTHY4TnVkM0pxX3pXZWxtWkdmSUNxWFU2Y2ZhcE84N3JJWjgtNE12T3paUjNKZkoxdEZaVDhQcFZTUG0?oc=5,"N.H. man arraigned on kidnapping, assault charges in attack on woman in Harvard dorm    The Boston Globe",True,시장,,중립,Student Housing,낮음,"범죄 사건 관련 기사로 부동산 개발, 시장 데이터, 자본흐름과 무관한 뉘스임",True,
1861bff2a99b,2026-06-08 07:23:19,2026-05-20 07:00:00,Student Housing — Harvard University (MA),Police investigating report of assault in Harvard University dorm building - CBS News,https://news.google.com/rss/articles/CBMisgFBVV95cUxONDhiSWxfZE1oOGVhSlFNZmFjNnFEcU5IOU5KUGhpWUgwSjR1bGVLN3ZnWHpMeFVSQUxCbVNtRnBYSUJSWE44NGRkVnRzb0ZSZ0VaYmN3N2pBLV96anc3QUxDazhrbVMyb2FZLWVka0ZUM2ZIZWF5eldRMnNXN1lEQWRnTnlxclFHNThuenYzVUNlcHdzMmlEc1Bib292ODdwYXV6cHg2VU5yZm5oS2NlWFFR?oc=5,Police investigating report of assault in Harvard University dorm building    CBS News,True,시장,,중립,Student Housing,낮음,"대학 기숙사 건물 내 폭행 사건 수사 관련 기사로, 주택 시장이나 개발 데이터와 무관한 범죄 뉴스입니다.",True,
7afcbe882c74,2026-06-08 07:23:21,2026-05-18 17:40:00,Student Housing — University of South Carolina (SC),"New name, still student housing: $94M downtown Columbia complex gets rebrand after sale - Post and Courier",https://news.google.com/rss/articles/CBMi4AFBVV95cUxPZ2FZQ1ZSZzJmNDlQQ1I4WHdJVWVLUGVTbl8tSUYzSFlmVzNBUHBkYktCRU54M2ZNby1oS0tjTGViUm85N0s3ZS1wWXRfci1OeGJPMEstWDZsakFNeGphYnl3V0F2dkxBaVVkRTdiWVdzZklWYmlrTmdHUEMwd0VCM1Bxa29UVTFUbm1rdlpGTndKYXBQVGthdnhZOXQyY3lDZUE5cTVpVEQ4dGVKUE1Qbll5WDFJMjVVMENmZUdjZk1nWG50T1B0emxOWlJ4T1ZhQl9JWWdSVDBtNHRPWkl5eg?oc=5,"New name, still student housing: $94M downtown Columbia complex gets rebrand after sale    Post and Courier",True,GP·자본흐름,"transaction,acquisition",중립,Student Housing,보통,"$94M 학생주택 복합시설 매각 거래로, 중형 규모의 단일자산 학생주택 거래에 해당하는 일반적인 M&A 활동입니다.",True,
301ad82a2139,2026-06-08 07:23:21,2026-05-20 07:00:00,Student Housing — University of South Carolina (SC),"USC, Clemson froze in-state tuition in 2020. So why do they cost $8K more a year now? - The State",https://news.google.com/rss/articles/CBMidkFVX3lxTFA2S1NEeXdSbmwzTFRZRDd0dzAzQ0ZyZmNodjJTUVdDMHlNNXFvM2YxLTREaFQtZjhSbmdoNDJ5YnU5MllWUWIxRmhZcFJzdUVMWXczemhlTTBEbjNjeG5ZSWF6VzZ6R1huODVqZkZqUlNBTWJ6ZkHSAXZBVV95cUxOb0xDMGtoZUVBWmtud1lBeWxwN1FIZkgxYVNUOGxJbWFERG9IcUM3bWpka0ZUbThpRWp3Zm9mM2JCSV9IN2Z0MmdhZmY1M2U4LTYwOVJGcjQ4eHJWMmVEeHF3V1pJa2NRYWRJVDhudTJocmRZWlh3?oc=5,"USC, Clemson froze in-state tuition in 2020. So why do they cost $8K more a year now?    The State",True,시장,policy,중립,Student Housing,보통,"대학 등록금 정책 변화와 학생 비용 증가 추세를 다루는 기사로, 학생주택 수요에 영향을 미칠 수 있는 시장 환경 요소이나 직접적인 개발·거래·자본흐름 정보는 없음",True,
f18215e16fa9,2026-06-08 07:23:21,2026-05-13 07:00:00,Student Housing — University of South Carolina (SC),Harpootlian calls quality of unfinished Columbia subdivision ‘crap.’ Will it be completed? - Post and Courier,https://news.google.com/rss/articles/CBMi7AFBVV95cUxQZTRPNWtSUzQ1NTdaNVB0Y0RYSFhQQm1QOS1ZZ25XYUE0M1NVMExqTTNTNUpJVU1YQlBCcVR1MnVnNnpQWVBwZklZZTlhQVNNcEg4THFqajcxOGhReVVCVzhnRWU5OEJSUlRxbVJSbk9vdjZFUk1JMXg0SENPSkRKcXZ2OU5Zc3pUdXd0TjM1WVJaLU9LYVo0cVVza1hEa19qQ0VzdVJBLTNsWjhoYl9HZjdJOFRtLURCbVBpZGQ4VmhpbE5rczVYSG56RnRhRWVFWl96NG85WTVtQzAwRHFMTElXVnJ5Z0tVbmp4UA?oc=5,Harpootlian calls quality of unfinished Columbia subdivision ‘crap.’ Will it be completed?    Post and Courier,True,개발,construction_start,약세,Student Housing,보통,"컬럼비아의 미완공 주택 단지 완성 여부에 대한 우려로, 개발 프로젝트의 진행 상황 및 품질 문제를 다루는 개발 관련 기사입니다.",True,
4f884e8cbfe6,2026-06-08 07:23:23,2026-05-23 07:00:00,Student Housing — University of Massachusetts (MA),UMass Amherst launches major housing revitalization project - Boston.com,https://news.google.com/rss/articles/CBMirwFBVV95cUxPS2stdjNOVW5GX012S2NsWkJQa013VmswZThiRzBMMGV3cVo3RFAxX0E1Rm16dGJWSmViTTNyakN1NmJJM2dOUHlybnVSM1UzTHZ2Vm15Y05pcF9abjFZelhONllhSjRBaVY5WXFVbUliLW92MzM5UkNZbUZqanhPOTJYNVYwMXp4NnBNWE1tSzEzbTN4VHpGQnQtYVNnUXFCNTE5aklrUld2WTM0U2lF?oc=5,UMass Amherst launches major housing revitalization project    Boston.com,True,개발,"construction_start,permit",강세,Student Housing,보통,"UMass Amherst의 대규모 주택 재개발 프로젝트 착수는 학생 주택 개발 카테고리에 해당하며, 구체적인 착공 또는 허가 단계의 프로젝트 발표로 평가됨",True,
1aabba5026a0,2026-06-08 07:23:23,2026-05-14 07:00:00,Student Housing — University of Massachusetts (MA),UMass Amherst picks developer for major campus housing overhaul - Athol Daily News,https://news.google.com/rss/articles/CBMipAFBVV95cUxOeEJRaUtCd2JFM2hkbEJrWUNOZjNIQldRanJWWm1oVngzRjdROVNBRkdFUlp1MkREb2l6c2tyOWQ0WTVFWFBTMU13YVVzem01MUx3eGxXSWxZVlJBVmUwc1lNRDhtSTd3UTdCYnllOHdnT0t5MmJ6VTVBTFBoZW0zaDBsSHg2Q1k0R05mUGx0ZG0xY0I3a3VkWk1Sek9INFdHWWZ3TA?oc=5,UMass Amherst picks developer for major campus housing overhaul    Athol Daily News,True,개발,"land_acquisition,construction_start",강세,Student Housing,높음,"UMass Amherst가 캠퍼스 주택 개선 프로젝트의 개발업체를 선정한 사건으로, 학생주택 부문의 주요 개발 계획 확정 신호입니다.",True,
be96822650c1,2026-06-08 07:23:23,2026-05-13 07:00:00,Student Housing — University of Massachusetts (MA),UMass Amherst to modernize campus housing with nation’s largest student housing developer - Yahoo,https://news.google.com/rss/articles/CBMikwFBVV95cUxQakVxcVV3TUpiTF9JRE5PUWVTdnMtQ1NUM0JGUnhnWU05MDRReUFka1duSGdNSE1yU2hRYmY2RFNhZWtVMUV1SmxkVHBwdzhKa09tNVp4QUFRSVJvYzBpMmg5ZVlIQVY5Q3pFVWp0QWU3NE1iMllJMzYySkdfSDhiT2VKYnJ3VDNzbzlhSEt1SUNuRDA?oc=5,UMass Amherst to modernize campus housing with nation’s largest student housing developer    Yahoo,True,GP·자본흐름,"JV,transaction",강세,Student Housing,높음,"UMass Amherst와 미국 최대 학생주택 개발사 간의 캠퍼스 하우징 현대화 프로젝트는 주요 개발사와의 전략적 협력 및 거래 구조로, Student Housing 니치 섹터의 대규모 파트너십 거래에 해당합니다.",True,
9ccfccc560d5,2026-06-08 07:23:26,2026-05-27 07:00:00,Student Housing — University of Arkansas (AR),University of Central Arkansas trustees OK cost increase for 2026-27 - The Arkansas Democrat-Gazette,https://news.google.com/rss/articles/CBMinAFBVV95cUxON3B2bkttdUJaMk81OTNBN3FrN1d1aVJGbzg2d0hHM28yeFBSRVhzZVFZQ0ZaRzQ2blhlZ3lJSkZ5WlBER3RDMF9QV3BlOFBPNklhV2ZNZlRvZkItRjBYOHdTemZ0c0dkN1oxbHdZWmcycjl4ZGRTX1RXajlFQktMZVQyNWFuU3pSbklFc0ZDU1VuTVptRlplMWhvNXo?oc=5,University of Central Arkansas trustees OK cost increase for 2026-27    The Arkansas Democrat-Gazette,True,시장,policy,중립,Student Housing,낮음,"대학 수수료 인상 공시는 학생주택 수요에 간접적 영향을 미칠 수 있으나, 부동산 개발·거래·시장데이터와 직접 관련성이 낮은 대학 행정 뉴스입니다.",True,
4867dc8e7e1e,2026-06-08 07:23:31,2026-05-12 02:45:00,Student Housing — Minnesota State University - Mankato (MN),Campus Cottages approved despite homeowner objections - Mankato Free Press,https://news.google.com/rss/articles/CBMi5wFBVV95cUxQak5vYWlZa3B3TC1QQUp5NWdNQ1RDQmZWOUZMcGczdnlPOEdhZlNYUXFUU0JyYTBJSVlVYm5aaFVjdGRyeVhYcU5BUzNWeHY5bk9maHVBV2JKcE9uQVh0VHFtTE5QR2RTTHNCN3RQSWtweEhKVDEyb013RjlmSDZzREVZeXlUNHVJUkNiRFFBNWdqYjZncmhWNTJXa0owT0tNZTlhYWxvUDJ1TVBUMVhjUWJ0Q1dzUjBSYTFhSDc3bmMxSUZuMnI3VzhrNnRPT0FMZG1sMU5YajRJa1VuQkdNaFllYzJ4dVE?oc=5,Campus Cottages approved despite homeowner objections    Mankato Free Press,True,개발,permit,중립,Student Housing,보통,미네소타 주립대 만카토 캠퍼스의 학생주택(Campus Cottages) 프로젝트가 지역 주민 반대에도 불구하고 승인된 개발 단계 진전 사항입니다.,True,
d03d86911b9f,2026-06-08 07:23:36,2026-05-10 07:00:00,Student Housing — Georgetown University (DC),Inside Female Student Housing at Georgetown University in Qatar - Georgetown University,https://news.google.com/rss/articles/CBMipwFBVV95cUxPNDZqR0dJSUdiZncySkdGY1ZaTzVON3haVEEyRW1Hb1N6dlpDZU4tdDNwZDNNSkNGMHZ0Qkh0bUdDZEl4UEpWU2dWbHlJZ2QzZnE2SXN2RWgxVEdaWDRZRmtTLTcyOEs4bHpfSTBSVmlyQzMwV3k1bzNCallIaGJuZVVvQkpHRlFPSG1IY1Zhb1pyb1hSd0czNEFuUlNDWlcxNjdlTXJCcw?oc=5,Inside Female Student Housing at Georgetown University in Qatar    Georgetown University,True,개발,delivery,중립,Student Housing,낮음,"조지타운 대학의 카타르 캠퍼스 여학생 기숙사 소개 기사로, 구체적인 개발 진행 상황이나 시장 데이터 없이 시설 내부를 다루는 일반 정보성 기사",True,
d4c5be2197fc,2026-06-08 07:23:36,2026-05-10 07:00:00,Student Housing — Georgetown University (DC),Inside Male Student Housing at Georgetown University in Qatar - Georgetown University,https://news.google.com/rss/articles/CBMipAFBVV95cUxOVWdLRjNSaW5mSXpXSmpGbXpvdUJqZzU5dDJkVTJFSDV4MjZQRzduMkJ1ZWI3cDFBVUhTa2x4bEZJMmUyQ1dQbkYwclM5dXBLUWppc2owNHBkMWhjbmdjTXhqMk1XbDUwbFlyYW5tdkd5UTg3MktLVVpYZXNtR2JSSmJqSjBpZzFLMWJMd0J2OXI5VXRoN3p5Q2dycGo0cE9PTXNhag?oc=5,Inside Male Student Housing at Georgetown University in Qatar    Georgetown University,True,개발,construction_start,중립,Student Housing,보통,"조지타운 대학교 카타르 캠퍼스의 남학생 기숙사 시설에 대한 소개 기사로, 신규 학생주택 개발 관련 콘텐츠이나 건설 진행 상황의 구체적 세부사항이 제한적임.",True,
1da67c93c7d1,2026-06-08 07:23:43,2026-05-17 07:00:00,Student Housing — Western Washington University (WA),Amazon Hub lockers expected to be convenient addition to Western residence halls - thefrontonline.com,https://news.google.com/rss/articles/CBMibkFVX3lxTE5tdVBZMnhOM2VNeUlPdmp6bktUaUNNZUlNc3EyWHdzZWdjSDR2YTUxQW1FV0pLU20yMHFLdFFRRFBQRjljMXJ6UFpUU2gwWmJNQTI1LVFZb1B1OHRXa3dIOUpacy1nRXEySGtPaEZ3?oc=5,Amazon Hub lockers expected to be convenient addition to Western residence halls    thefrontonline.com,True,시장,rent_occupancy,중립,Student Housing,낮음,"Amazon Hub locker 설치는 기숙사 편의시설 개선 뉴스로, 학생주택 임차 경험 개선 신호이지만 개발, 시장 수급, 또는 자본흐름과 무관한 운영 관련 소식입니다.",True,
c0c3aca690ab,2026-06-08 07:23:45,2026-05-28 16:04:07,Student Housing — University at Buffalo - State University of New York (NY),A Competitive Platform For Future Managers - outlookbusiness.com,https://news.google.com/rss/articles/CBMiugFBVV95cUxPc21qSXJOUEkyNG1kUElHd2N6STZ4eHI2NWVYbC0xYzd4MHBSMWxESldVSGRqeVdJeXZmTi1qX1p5MmRpU0Zad0NKbUFhZUo0b0R1ZDJ3VXNob0lzU0JVT21EMU1YZllwTnZHbVp0aWRWYlNUMmpvUlcxek9hVkprcmFNRWE2WUgtdXF0T191Nmd3b1JId203SlZsaF9feS1vWnlUTnFmRGswM2FXbUJ0eFE3VlBod09vaGfSAccBQVVfeXFMUFA3ZHpjS2xjazdRRXNXNEM2QXdjd29CUEstQ0hkd0xQaEVXYzlKbllMc091TVVZS1BzanlTZTI1Z0tzUHpfdUwxQnVlUWVtbFhhc19ZQ3VCb3dMZVFuNFBzT2JFU3RNNkp0a0RFRXJRZHdadFpBTnpydTBVVmNBRVNDSE5qaFQtYU4zbWptN2pWaEN4bjlwa3lQcDlXMURyNVhxcU9ULWNOdllMTmFTV0laSGpHQ2JzSEJ3M0FXRkdMeVR6dkxJTQ?oc=5,A Competitive Platform For Future Managers    outlookbusiness.com,True,시장,market_data,중립,Student Housing,낮음,대학 학생주택 관련 일반 뉴스이나 구체적인 시장 데이터나 개발 동향을 제시하지 않는 제목으로 보아 관련성이 낮습니다.,True,
97d732c28b54,2026-06-08 07:23:47,2026-05-12 07:00:00,Student Housing — Boston University (MA),"Take a peek inside Simmons University's new dorm, amenity space - The Business Journals",https://news.google.com/rss/articles/CBMiqAFBVV95cUxNRVZUVGk2OFg5ZnV4cklhcTFhSEQ5X0dZNmZScnBlcGlGRUtMS3pmcEdUTU1pQmhZV3J6a0lTUnVWRzI3QS02X3l2aFdNRXAxVzZ0YjhrQkpaZ2FKOElKMTVjVW4yb0ZPSnp3cVFaUGRlN0tmSngzZlJzdXVMX083QnJ3TXVrdFdPV0ZzUmYzT3pLOXdCbkJySWI1RnRPMzk0d2VFREtrd3c?oc=5,"Take a peek inside Simmons University's new dorm, amenity space    The Business Journals",True,개발,delivery,중립,Student Housing,보통,"대학 기숙사 신규 개설 관련 기사로 Student Housing 부문의 실제 완공 및 개시 사례이며, 특정 대학의 단일 프로젝트 소식이라 보통 수준의 관련성을 보임.",True,
deee9a56cdf7,2026-06-08 07:23:48,2026-05-15 07:00:00,Student Housing — University of California - Davis (CA),"Horror as bear spotted walking around 40,000-student California university - The Mirror US",https://news.google.com/rss/articles/CBMiiAFBVV95cUxPSDBrMURJYTFMcndaYjdCczVvSUtrYVUxOXN4RmxaeTN2T25EWGJ2a0R1aTEzSWdoeDBYaG93b19ZTHA5Y2lUM0ttRE00SFUwVXVoNGx4RXU5MmNoYVN6Z3BON1ZBSXJ0bHRyTk5YeFBMRGRfMVoxY2R2cE9rQm5fMjdScmV3Q2910gGOAUFVX3lxTE1MQmkzV0VZMUhXWU1RZlRVWktUdF9Ccl85d3hQODFHQll2TGJrSVIzTllIRGcyTlE5VGpSSTEtR2E1d3lEcHZSdURrSkFxRGxXa1NhaWc1VmViRUd6aFN5UWI3NkxpVHhWRGJXMU56aHBiMTlGTXVzeTZQOFJ3Nmo5Y041eE5WT25BRmY2dHc?oc=5,"Horror as bear spotted walking around 40,000-student California university    The Mirror US",True,시장,,중립,Student Housing,낮음,"동물 목격 사건으로 부동산 개발, 시장 데이터, 또는 자본 흐름과 무관한 뉘스 기사이며 학생주택 섹터와의 연관성이 없음.",True,
0fe743b764dc,2026-06-08 07:23:52,2026-05-25 07:00:00,Student Housing — Texas State University (TX),$280 million high rise dorms coming to Texas State campus - Chron,https://news.google.com/rss/articles/CBMiekFVX3lxTE0wa2FuWGFLdjlEYXV0WDVndzlZS01iNFFSRy1DRWtvd2ZMQVlEZWQ0Z00yMnVHNzJLNnZkbC1JR21qamlaVnpsb1BOM0ZKZHlyZHNCdFhZUDVKbjVqZkltXzJwdFlEaWRlU3FtVjJjRUM0Ql9ITkZOQmxR?oc=5,$280 million high rise dorms coming to Texas State campus    Chron,True,개발,"construction_start,delivery",강세,Student Housing,높음,"Texas State University의 $280 million 규모 학생 기숙사 고층 건설 프로젝트로, Student Housing 개발 카테고리에 해당하며 Woomi의 고관심 섹터인 Student Housing 분야의 대규모 개발 뉴스",True,
729a3f909cee,2026-06-08 07:23:52,2026-05-13 07:00:00,Student Housing — Texas State University (TX),Elevate Development Receives $116M in Financing for Student Housing Project Near Texas State University - REBusinessOnline,https://news.google.com/rss/articles/CBMizAFBVV95cUxPQmRpZzh6VmF4WGpVaWtGTVRoMVk3dk9KdWNrWE41YmF0Z1JUX1dHNWN1WVNOXzM5T25MX1pYMjcwdUdXaTVIMzhzd1E1ZC1OOEgtYW9FSGF6djVHby1IZV9uYnZianJ0M3hVbkM2bGV6UXRKbFh2WTIxWmlvSkVSNDNVb2NvUkRYclBNYkFaNENrZUxLRFRQVE5JNG9yN0xOb2gtVHI2bENSVkQ4UkZ5NExaQ2ZldlRwSFVaM1ZUVXVFZ3JIUzRSQi1NZno?oc=5,Elevate Development Receives $116M in Financing for Student Housing Project Near Texas State University    REBusinessOnline,True,GP·자본흐름,financing,강세,Student Housing,높음,"Student Housing 부문의 $116M 대규모 자금조달은 자본흐름 관점에서 의미 있는 거래이며, 틈새 부문(Student Housing)에서의 개발 펀딩은 Woomi의 관심 영역과 부합합니다.",True,
13a4c66c69eb,2026-06-08 07:23:53,2026-05-20 07:00:00,Student Housing — University of Notre Dame (IN),Ares Partnership Buys $910 Million US Student-Housing Portfolio - Bloomberg.com,https://news.google.com/rss/articles/CBMiswFBVV95cUxQb3h1aVJKQnV3eVJCNk93SmNjWmx5T2NDSmtheTM1QUh3S1ZlTTRVR0NBbXZLcWMyTGlWMDJrbkl5TEFWS0tla0UycmVHdTFNUWk1clB5VUNoQ2QwdW9TYmVzck1OUDhZWmYxUE51MlZUYUJEa3dWY3lfY2ZUblYtY0ZnTlhQVFhhQTB3Q0I2eHNURG1FVDQ0b0dxQmdBbTNfWkc3QXF5U3hCc19PREl2ckduOA?oc=5,Ares Partnership Buys $910 Million US Student-Housing Portfolio    Bloomberg.com,True,GP·자본흐름,"transaction,acquisition",중립,Student Housing,높음,"Ares Partnership의 $910M 규모 학생주택 포트폴리오 인수는 대규모 니치 섹터(Student Housing) M&A 거래로 분류되며, 한국 개발업체의 참고할 만한 글로벌 자본흐름 신호를 제시한다.",True,
9493c9410a57,2026-06-08 07:23:53,2026-05-20 20:40:00,Student Housing — University of Notre Dame (IN),DLA Piper Reps Harrison Street's $910M Student Housing Sale - Law360,https://news.google.com/rss/articles/CBMivAFBVV95cUxObDVxakpqQzFXY1gtY0FFTnVMVUtBeUFFRHdUN252OUsyMnlGUS1WMUJmOTF6QjgwXzJXUmZubTVFdE84d2FZTk44dHREbExkR2dkNWt3Z1lQak9ya0J0ZkpHYl94aEVtLUd1UmZpQTQ4bFEydDR3MFRQWk43aU80dUozc3YwVXp5aFhLNWVJYTRjeG9sMm9rZ3plOHJzUTdha25hYk1meTc4azlmNkEwUDE1OE5mN3BhVHF3aNIBc0FVX3lxTE5EQVl5eG5WTVgzWDQ0VHJFaWhzek5xeVBkeWxlUWpCTmdWWEg1bk14Um5xN3h1UzQzak96QXA0OVhDUkpuWThGdVZnM2gyelFRc1B4T0x0Y2Njd2hOT1VLenIwZ2lUUWpSd2tCMUN4bmlZdU0?oc=5,DLA Piper Reps Harrison Street's $910M Student Housing Sale    Law360,True,GP·자본흐름,"transaction,acquisition",중립,Student Housing,높음,"Harrison Street의 910백만 달러 규모 학생주택 포트폴리오 매각 거래로, 대규모 학생주택 섹터 자산 거래는 Woomi의 미국 주택 시장 전략과 높은 관련성을 가짐",True,
961395113a7e,2026-06-08 07:23:53,2026-05-20 16:34:08,Student Housing — University of Notre Dame (IN),Scion and Ares Form Joint Venture With $910 Million Student Housing Acquisition - citybiz,https://news.google.com/rss/articles/CBMiuAFBVV95cUxPclJ6bE1pWnBrLTRWOURuS2tuclpHWVdYZ3YwSWJvcFZMOWh1RmVVS0tfN0FVbVRtc3YwS0tsOVpKa2luM2NKWXBuS1BwaDUtNXM0U3lfSVEwcjItWkxCZHlRNGxVVUFhMlNJLWVwTGxQOXJiUm5KMEhWaVJnNXEtMkxRR1RNdFluZkJ6SWtsTnNvQ0hJdEVTeDl2M09VQk01bENxVl9hbzNmVnZ5UVlHYW02ckROOU9z?oc=5,Scion and Ares Form Joint Venture With $910 Million Student Housing Acquisition    citybiz,True,GP·자본흐름,"acquisition,JV",강세,Student Housing,높음,"Scion과 Ares의 $910M 학생주택 포트폴리오 인수 JV 형성은 대규모 니치 섹터 M&A로 자본흐름 카테고리에 해당하며, Student Housing 플랫폼 거래 규모로 높은 관련성을 가집니다.",True,
1733de6e850e,2026-06-08 07:23:53,2026-05-29 21:18:00,Student Housing — University of Notre Dame (IN),$910 Million Student Housing Portfolio Sale Facilitated by Institutional Property Advisors - FinancialContent,https://news.google.com/rss/articles/CBMi4gFBVV95cUxOdkR1UWpaaTZERDVtNVpTS3ZZVFhmcXdJU2NWcnNoVjlhRF9rQzh3Z1NVczVYa1BEaHpKRlNoeXBlMnFtTXZobUc2QzROd0xHc2IzbHdGY0tOSnFQQUQwbHVNTFFTV2FCOVFYT1pSUU1ZeDFvUDFzcFlGaUhnaWM1Rk9sYmswR1Rfay1XZkQ5WVNDeU95OVVHNWRNTFFLbTUwc2ZZYVpaNTBFVFJoUnI0LXAyNEhJUWRNTHZpazA4bmxyRjk2MUJfSHYzQWctbU42N1NTb1pScUY1SG45WXhnNDd3?oc=5,$910 Million Student Housing Portfolio Sale Facilitated by Institutional Property Advisors    FinancialContent,True,GP·자본흐름,"transaction,acquisition",중립,Student Housing,높음,"대규모 학생주택 포트폴리오($910M) 거래로 자본흐름 범주에 해당하며, 학생주택 섹터의 대형 M&A 활동으로 Woomi의 미국 주거 개발 전략과 높은 연관성을 보임.",True,
97b8a7d7d926,2026-06-08 07:23:54,2026-05-13 07:00:00,Student Housing — Georgia Southern University (GA),Campus Apartments Acquires 546-Bed Student Housing Community Near Georgia Southern University - REBusinessOnline,https://news.google.com/rss/articles/CBMiwAFBVV95cUxNcDlnYkZ0bmkyQThmWkgycWJ2dFpUdkpZMjhSOW50emRKNzlqYjkzY0thdDBGRi1lRDRZMEhrbzhJRGM2MlBPOFFISzlya0tmdXk5VnZYbUFzclRhNlJSUWNVelBHZzE5N1ZBN3FtM2MwcXljWGlCc0d0RWphckxsaGJORy1GWFBnd2x4WVVGWnBMWGhWM1pueC04dmswNEotRXJTQXFRd0NxSEw4R2p0ZjVYRnNDVy02RXMzZVFTVmc?oc=5,Campus Apartments Acquires 546-Bed Student Housing Community Near Georgia Southern University    REBusinessOnline,True,GP·자본흐름,"acquisition,transaction",중립,Student Housing,보통,"Student Housing 섹터의 546베드 기숙사 커뮤니티 인수 거래로, 단일 자산 거래 규모의 자본흐름 이벤트입니다.",True,
8e5dff567f27,2026-06-08 07:23:57,2026-05-29 01:03:33,Student Housing — University of North Carolina - Greensboro (NC),US Aviation Academy Makes Major Florida Move: New Fort Pierce Flight Campus and Kissimmee Maintenance School Open Simultaneously - Weekly Voice,https://news.google.com/rss/articles/CBMi5wFBVV95cUxOeG1ReThlTWV3UEtoZ1F4aDR6UTFQeEhMZTZmQnl5TzRZVFR5cWx5VXJSelIxbS1ub3lhcGdsTFZucFp0YS1wMzFVSkZ2Vm0xRkxFTzNlajZHRFpqM0xTQUd6ZW11SU1DNW9DWE53blVITTM2X3RBY3Q2M3RldnhqeVNocmVuZk1kT1dfNV9lcGFFVE4zc0JOREVWS0NvSmFBay11bzAzbTdkMWdWUkpJQ0NYYkRiWWd6UlJSWGFoX2xuZmNJY1ZFQmFxcnJHeExSTDBmYngzUmo2cW5KSDV0VVN0VVpqVFk?oc=5,US Aviation Academy Makes Major Florida Move: New Fort Pierce Flight Campus and Kissimmee Maintenance School Open Simultaneously    Weekly Voice,True,개발,delivery,중립,Multifamily,낮음,항공 교육 기관의 플로리다 캠퍼스 개설 뉴스로 부동산 주거 개발과 무관한 산업 관련 기사입니다.,True,
0c39451af259,2026-06-08 07:24:04,2026-05-28 11:53:00,Student Housing — University of Minnesota (MN),Student housing complex near U of M sells for $27.1M in deal with Ohio firm - The Business Journals,https://news.google.com/rss/articles/CBMiqwFBVV95cUxPNWxQVGtZMHlYZkFuT0V5aC1xbXFIcEtyTHQ1eGpTVm9LZmJhdm4zWFE2TWNDSFN6d1dWU21wR0NSYmRvWHFYcUdLUDZTZVl3UXBlTmZfZzdaNlRmLS1fVmpnTEYwbHB6Zm90Q0E1RTRXd0pTMU5GOWhnNzZLQXJiaEpqdWpaaDRnd08wSHg2bF80R2dEWFhwRm5NeDlncmRXZnNFVkZTYng1UTQ?oc=5,Student housing complex near U of M sells for $27.1M in deal with Ohio firm    The Business Journals,True,GP·자본흐름,transaction,중립,Student Housing,보통,"학생주택 자산의 $27.1M 거래로 자본흐름 범주에 해당하며, 단일 자산 거래 규모와 특정 지역 거래로 보통 수준의 관련성을 보임.",True,
22b5d43cc807,2026-06-08 07:24:07,2026-05-29 11:01:00,Student Housing — University of Oregon (OR),"Hot and soon not, Eugene's chicken scene expanding next to UO - The Register-Guard",https://news.google.com/rss/articles/CBMipwFBVV95cUxPOEctMVMyTlNaN2d4X240QmFIT2ZINHhaanZtMmRFOHdWUmlKOWQ1ZVk2VlFQTWZhWVJ5dVNBRVFlOW5uOGlfeHpSMi1iUmhkRHNzcXgxUFRWUHVod182bjhVaERHbjd6T1VHajU2MXZHZzZ2UTBSdi04ZkdBbDg2X28ybERvbG1hdnBSWkxhMDN0NFByTVRHbko4cE83aWJjbUJ5UUFZTQ?oc=5,"Hot and soon not, Eugene's chicken scene expanding next to UO    The Register-Guard",True,개발,construction_start,중립,Student Housing,보통,"University of Oregon 근처 신규 음식점 개발 프로젝트로, 학생주택 인접 상업시설 개발이지만 주거용 프로젝트가 아닌 일반 상업개발 소식",True,
f3692c4e4f88,2026-06-08 07:24:07,2026-05-28 18:14:00,Student Housing — University of Oregon (OR),UO students push for safer streets on Patterson in Eugene - KEZI,https://news.google.com/rss/articles/CBMi1gFBVV95cUxOc1dHWl9ZWlQ0U195VURic0I1S2JJNzhGMDF5M0lydUktR2F4WDhiNHo0RnNDZ1VBc3VMSDlKNnE5aER1N1gyMkp6Sm1RSi1teFl2V1I2Ry13SzF5U1VaaU93UXZwZkI4QnNJXzkxV2plVlFPNklMRTdjRmktSzJyM0R2dFZPWndfTTlyQVdJVWFqTWF2OWpROXlVUlNzRWtJTVZYSUp5c1MydXlTQjhWTE53QnJMbWdETU9GVDhqVUZ3SVJsOTA2cHdhUjJSVmRWRVBLOGl3?oc=5,UO students push for safer streets on Patterson in Eugene    KEZI,True,시장,policy,중립,Student Housing,낮음,"학생 안전 관련 도시 정책 논의로, 학생주택 시장 자체와는 직접적 관련이 낮은 일반적 지역사회 이슈",True,
2dcff1add97f,2026-06-08 07:24:07,2026-05-13 07:00:00,Student Housing — University of Oregon (OR),Council approves UO plan to build 85-foot dorms on campus edge - The Register-Guard,https://news.google.com/rss/articles/CBMirAFBVV95cUxNUklWZktxM0tiVFV3cDlGblFGeVJ1Zy1JajI4QzFzb05nRzBVZklvblM5cG1XQzhER2dvclI2SndJTy1VNFpHSlBVRzlleXlLQXc1WHFHcFk4TC01WTIzX0JfX281WXRlTFRraXUxNGFEbjJTOW9SVHVzVC1IZHJNbmdoaGJkSjdhUVJHMDc2QWM5OE1WTDVNbldSVmszd1JvVHdKcllIYUFUdjF2?oc=5,Council approves UO plan to build 85-foot dorms on campus edge    The Register-Guard,True,개발,permit,강세,Student Housing,보통,"대학 기숙사 건설 프로젝트의 시의회 승인으로, Student Housing 부문의 개발 진행 신호이나 지역이 Eugene, OR로 Woomi의 주요 시장이 아니므로 보통 수준의 관련성",True,
7898e39247e4,2026-06-08 07:24:11,2026-05-12 07:00:00,Student Housing — San Jose State University (CA),Indian-Origin Student Found Dead Near San Jose State University After Days-Long Search - India Tribune - Chicago,https://news.google.com/rss/articles/CBMitgFBVV95cUxQOVpzV3d6bk5HY2wtTGRPZWotU2ZnRzZsVWZISWNGNDBVNUlKbHpVM0hhYlN4ZFBJZ0xWRGIyeDEzSEkxdXV6ekVhMTdlU0pqZzZ3T3VXRzVjT0U4TzEtYnBYQ0dDQUN3aFVfZW9aM211WUtIZzFJYlhqMmNwWk1kaE00ZjVuTDU3QkxIVDFNVUhjOGRQNHJQdzktQjZxSmVZZ2tLQTZKN2ZIdUtnMm5DcHV5OTFfUQ?oc=5,Indian-Origin Student Found Dead Near San Jose State University After Days-Long Search    India Tribune - Chicago,True,시장,,중립,Multifamily,낮음,학생 사망 사건 보도로 학생주택 시장 데이터나 개발과 무관한 사회 뉴스이므로 부동산 투자 관련성이 낮음,True,
85d0446f33fa,2026-06-08 07:24:14,2026-05-28 07:00:00,Student Housing — Syracuse University (NY),State budget clears way for SUNY ESF to add second dorm on Syracuse campus - Syracuse.com,https://news.google.com/rss/articles/CBMiwwFBVV95cUxOUmp6cThCZ0lsMWpWSXlIRGs5cFY4OE96QzNfVmhURGpnYXBrdmg0QW52aHIwM0VRWE5YUmxKV25MQ3pkd3ZKU3IzMTFaaDJYZnZNQUtuWm5naTQybE9WWUpaZm03YnNqZDdESmY5aDhCSlB6VUhWakd3S2JzckQwM2ZjUDdyMmt4OXo3MldCYmNyY3FCWFg2c1BiNkZ1R3R6RHU3YzMxbzkxd3V1ZHZ6ZDNpOGFya3owd09wc3o5bW1YLUE?oc=5,State budget clears way for SUNY ESF to add second dorm on Syracuse campus    Syracuse.com,True,개발,permit,중립,Student Housing,보통,"SUNY ESF의 시라큐스 캠퍼스 내 기숙사 신축 프로젝트에 대한 주 예산 승인으로, 개발 허가 단계의 진전을 나타냅니다.",True,
76dbe721a973,2026-06-08 07:24:14,2026-05-12 07:00:00,Student Housing — Syracuse University (NY),Le Moyne College sues Syracuse to avoid paying $93k in taxes on 20 houses - Syracuse.com,https://news.google.com/rss/articles/CBMiugFBVV95cUxOUWxjcHdXcnk5N2pLS1pNbjhUOUplem5EVF9qM3dYdjI4OXJHVE05WkptT2dBMEdKSVJVX2U0bVo1aE11N2Rlc0t3Qmcyd0xwMm5SNHZmNHJnSnZGMzJ6WkdhbE5HN0Foem9uOHd0cVpERnVoZTAxMkdQcU5vUXFXeExDdW15NkE3ZnFIZ0FPSFJibWpURVoxMGc3Ym5sR2p2b3Y2U3lDbGFNYkFheWZFYXRXQS03a2JSQ0E?oc=5,Le Moyne College sues Syracuse to avoid paying $93k in taxes on 20 houses    Syracuse.com,True,시장,policy,중립,Student Housing,낮음,"대학 재산세 면제 소송으로 정책/규제 이슈이며, 특정 대학 기관의 개별 조치로 미국 학생주택 시장의 광범위한 영향이 제한적",True,
f4ab3cecd983,2026-06-08 07:24:17,2026-05-28 20:29:00,Student Housing — Ohio University (OH),Moving campus forward - Ohio University,https://news.google.com/rss/articles/CBMiZkFVX3lxTFA5eUE5MktIU0swdWxLWm1yZWgzbUhIYVp2NldsUFpvYUtsRHZncnczVXlRNXJjclZIdXdKbmhXbGwzQlRMcFBJQTQ3TV85UlpUak5FVWJYLUlvV2QxLTVlanpmUFZXQQ?oc=5,Moving campus forward    Ohio University,True,개발,construction_start,중립,Student Housing,보통,"Ohio University의 캠퍼스 개발 진행 소식으로 학생 주택 부문의 개발 사업 관련 기사이나, 구체적인 프로젝트 진행 상황이나 규모에 대한 상세 정보가 부족하여 보통 수준의 관련성으로 분류.",True,
2ad01864a2b5,2026-06-08 07:24:18,2026-05-11 12:59:59,Student Housing — Drexel University (PA),Drexel Exhibition Reveals What Students Keep in Their Dorms - Drexel,https://news.google.com/rss/articles/CBMid0FVX3lxTE9ZMll2NGZKUFU1Ymo0cUF5T0tRQ01teGtYTnoybHpZZVhtU0dmMkJFSU92eVVGekV2bmQ5NGJMQVBObGZIUnFzaklzMk9IUFRVS2xuenM5V0RfTTBtVWhodG1zUGFiQWlBVUk2aWhzMzlFTnhocVpv?oc=5,Drexel Exhibition Reveals What Students Keep in Their Dorms    Drexel,True,시장,rent_occupancy,중립,Student Housing,낮음,"대학 기숙사 내 학생 물품 전시에 관한 문화 행사로, 실질적인 시장 데이터나 개발 활동과 무관한 대학 관련 뉴스이며 Woomi의 개발 및 투자 전략과 직접적 연관성이 낮습니다.",True,
54c6d0a639ea,2026-06-08 07:24:21,2026-05-26 07:00:00,Student Housing — Ball State University (IN),"Ball State’s Second Annual We Fly Fest to Offer Free Family-Friendly Fun, Entertainment, Campus Tours on June 6 - Ball State University",https://news.google.com/rss/articles/CBMiwwFBVV95cUxPU0U5ZVNaVllnZVFpN3lCbFZNZ0EyZ3REcXVtV0NTWW1RRGdScTBHTU1uOVFlTTMwM1RualYwWXk0TzdnVnFZVjRBVF9jYjFrRndxNEFSSUdjc0NlbkFzRXQxS3RpVUhXRnA5VXpnZGNEN3lJYjBlcUNFUDNWSGNYOENleU5mTzBSTno0UXVGal9LUXZKNER1bmlnNTlnUVdYVk9XbkN1VjZWN0FlQTBWUHhQbVhuRnNkWHFqd3BXWkJGQzQ?oc=5,"Ball State’s Second Annual We Fly Fest to Offer Free Family-Friendly Fun, Entertainment, Campus Tours on June 6    Ball State University",True,시장,rent_occupancy,중립,Student Housing,낮음,캠퍼스 행사 공지로 학생 모집 활동과 관련되어 있으나 부동산 시장 데이터나 개발 소식이 아닌 대학 행사 정보,True,
9a11f48b069d,2026-06-08 07:24:21,2026-05-27 07:00:00,Student Housing — Ball State University (IN),Enjoy live music and tours at Ball State's We Fly Fest - The Star Press,https://news.google.com/rss/articles/CBMixwFBVV95cUxOdDlPeGZoNVpxRGZJYlZYS25maXpIcEtDQm5aVkFsNVVocTZjYjVEMUdtUnNfRTlmTUVodjB1ZlBtMEJySDgtVnlMbzBzd2hMdklpbmFoS1ZpallnWTIxakU5RkJkaVRuSjZOczA4OWRCSzl5QkgwMHV3aWJ4ZGVwSkRJSjJLRzZYVlVfRGphUzB3aUpRMEZTMDhoVF9nTHkyVDk0aEoyOFAyaW1zcGkxWk1mMV9oX2xmQ2kwU0dVVjNHN3d2eDc0?oc=5,Enjoy live music and tours at Ball State's We Fly Fest    The Star Press,True,시장,rent_occupancy,중립,Student Housing,낮음,Ball State 캠퍼스 행사 소개 기사로 학생주택 시장 관련성이 낮은 일반 이벤트 홍보 콘텐츠입니다.,True,
3f629209e35a,2026-06-08 07:24:25,2026-05-14 07:00:00,Student Housing — University of South Florida (FL),"Unite USF Sarasota-Manatee, New College for a bold future | Opinion - Sarasota Herald-Tribune",https://news.google.com/rss/articles/CBMiqgFBVV95cUxNS1RBYWJJRHNhX0k5X0VyQk9TUUxDczJCMVo3QzVSSTk3cExWS2JURE02VzgyUjVtT2FiVGNETTk3aHBRbzl0YWdkeVVna0FzekQ1LUFoZVNLYWpPMVVwYm5JV0d3VkNfcWhXQnRlR0NpazFWeEpVdTlLbmNGOXhBYzVlT2l3OXQtZVhCelpNUk5iTEI2QW5uZlBWNEE3ekZVUXN0VzlDei1xZw?oc=5,"Unite USF Sarasota-Manatee, New College for a bold future | Opinion    Sarasota Herald-Tribune",True,시장,policy,중립,Student Housing,낮음,"대학 통합 정책 의견 기사로, 학생주택 시장에 간접적 영향을 미칠 수 있는 규제/정책 성격의 콘텐츠이며 구체적 개발 또는 자본 흐름 정보 부재.",True,
1dae1a3c71a6,2026-06-08 07:24:25,2026-05-23 18:45:00,Student Housing — University of South Florida (FL),Boyd opposes USF Sarasota-Manatee transfer as budget deal advances - The Bradenton Times,https://news.google.com/rss/articles/CBMisAFBVV95cUxNYkF6TFhXaXpnSEZXQlhZZ3FScmd1SFRQRjVLZ0dIX2hXSUp2MVRxem90UnhwckNuQTdaTjJGT3NhSkxGUVg2alBUM0h4bWhKM2lZYVNRcnhzdi1RdWhiOW54aEpWLXZOOGg4LWdZb1pFVzR2Q25COTU5Z2RaNzRSVDZlUG5wYWQ3ZVBqcVJ5Rkhfa2NvU21RQ0xwUmpRSXdhLTRYS0s3RTAtNFJxbkU2Sw?oc=5,Boyd opposes USF Sarasota-Manatee transfer as budget deal advances    The Bradenton Times,True,시장,policy,중립,Student Housing,낮음,"정치인의 예산 협상 반대 의견으로, 학생주택 개발과 직접적 관련이 없는 교육 정책 기사",True,
7059ccebc1b2,2026-06-08 07:24:26,2026-05-19 07:00:00,Student Housing — University of South Alabama (AL),South Expands On-Campus Housing with $40 Million Apartment Acquisition - University of South Alabama,https://news.google.com/rss/articles/CBMiqAFBVV95cUxQMUpKVEFscFhxb205UFh1NjVYUGF0SUh5Y1E3X3dKNDIwaVBVeV9MaXkyVm1id2xRMXFtVnoyR0prcUc1ZVQ0VDRqbXFkWUh4S0dVUlZGZUZ5TFNKcU5rVTVSUl9FZ0dtLXVTdGQ3NENjR2lzS0ZyMU1jR1FRWWxCRmxwaGkxVW1CeF9QVWVCUVlBc2gzSG5KQmtEQmlla1lVM051RWk0Nks?oc=5,South Expands On-Campus Housing with $40 Million Apartment Acquisition    University of South Alabama,True,GP·자본흐름,"acquisition,transaction",강세,Student Housing,높음,"대학 관련 학생주택 자산의 $40M 인수 거래로, Student Housing 섹터 내 상당 규모 자산 취득 사건에 해당합니다.",True,
3838d53a3920,2026-06-08 07:24:26,2026-05-20 07:00:00,Student Housing — University of South Alabama (AL),On-campus housing at University of South Alabama grows: ‘An incredible opportunity’ - Yahoo,https://news.google.com/rss/articles/CBMikAFBVV95cUxNYVNnVHNKVk5RTHFHOXpRcHRJa3p5SkRtVUd3eXVPZ2x0UUR5c19mNW5zR1A4cWQ1WTZBTjhCek5MRGR5aTZOb1hGYUlHUm5IQVlYMlFBdGlabkVBeDFyTVlGT2ppbHZuSlVGSElfVzZjc3E4WUpfc1dCY2wzQkJpMDVFZmFOUzBJdy1iMndGNlg?oc=5,On-campus housing at University of South Alabama grows: ‘An incredible opportunity’    Yahoo,True,개발,construction_start,강세,Student Housing,보통,"대학 기숙사 확충 프로젝트로 Student Housing 개발 카테고리에 해당하며, 구체적 진행 단계 정보는 제한적이나 개발 계획 진행 중인 신호",True,
566286b1ea39,2026-06-08 07:24:26,2026-05-22 23:55:25,Student Housing — University of South Alabama (AL),On-campus housing at University of South Alabama grows: ‘An incredible opportunity’ - AOL.com,https://news.google.com/rss/articles/CBMihwFBVV95cUxOdXNJT1lPNkU0WDRFOGFZWE5NZFNCSjRzYl95TE5sanc5RUVfdVdUek1zZkJUWEF4N2ZUbjYxTjY5SzUxT25LTGxjYXoweEdEcEphQnZpdGxqeHlwdjhmcDc2bUpDaDZBZF8tT1J2dEN3VkZNX21PQXIwaXlNUkZwck9SR2Q5RUE?oc=5,On-campus housing at University of South Alabama grows: ‘An incredible opportunity’    AOL.com,True,개발,"construction_start,delivery",강세,Student Housing,보통,"대학 기숙사 확장 프로젝트로 신규 공급 관련 개발 뉴스이며, Student Housing 섹터에 해당하지만 단일 캠퍼스 소식으로 중간 수준의 관련성을 보임.",True,
abac7f8d6e87,2026-06-08 07:24:26,2026-05-27 19:13:00,Student Housing — University of South Alabama (AL),South buys $40M apartment complex - Lagniappe Daily,https://news.google.com/rss/articles/CBMixgFBVV95cUxPbTBZTmlXc1BrWkJNQlducnNSYlBweFZkV1JBZzdnVWxSOXZmMmdwS0tHU0VyRlJYMTVNZUdrYlV5b1Z0UF9wN2ZubHdsQVphbm5wTHhsNUw3Z1JHN2lvajF5VjVYZG8yS2VldkVuUDVDYXliRk1jR0FqeVdPTVZZVjU4OENKWV9EMzNIY1R0ang0elVISzFJQ054aThwcXRoTDU5cWFxSklkekhZRHZiTFpMeWVPclN1X3pGcW9MOVZhOEFkaWfSAcsBQVVfeXFMT2doWHhvUE51QmExSWdSNFhOb2Z4V0JWTk5FRmlaLU5KUHMxY0syejNhUHU3MXVYaURtUm1fVTJlSmZjQUUxUndyaUgzOGd6dVhwbDFNUjQ2S01UY3k4a05YLTJXQWRnTkhidjZwRXpaSWNPTm1CdTJHZjdEUFM2X1M5bUxaWkZsRExrLW5YNC1kY1g4ZDE1Zk1MZlNCczhxeGtyeVNjTGpUc0ZsNC0welRCemdJaUhsdFFPaHl5a0dGTGs5RHNfR050Tjg?oc=5,South buys $40M apartment complex    Lagniappe Daily,True,GP·자본흐름,"transaction,acquisition",중립,Student Housing,보통,"대학 인근 학생주택 단지의 4천만 달러 인수 거래로, 개별 자산 규모의 학생주택 섹터 M&A 사건이나 자본 활동에 해당합니다.",True,
394ec4007e95,2026-06-08 07:24:30,2026-05-19 07:00:00,Student Housing — Binghamton University - State University of New York (NY),From Anne's Desk - Binghamton University,https://news.google.com/rss/articles/CBMigwFBVV95cUxPdnZEMkxCSklUZEtweXRwcEVNLXVQRUc5LVJUUmU2ZVJjVmpMbVV5X1A4NWtsbU5NcWxpMThDSGNuTVdJMXpWOGlFTWNaTWVScTRpa0c4c2g5RnVoU2YxREJFcXpEcnhqMGk0aGkyLXFHQkkxUUM3Tkw4T20tbktIY1EyUQ?oc=5,From Anne's Desk    Binghamton University,True,시장,market_data,중립,Student Housing,낮음,"대학 뉴스레터 형식의 일반적인 대학 소식이며 구체적인 학생주택 시장 데이터, 개발 계획, 또는 자본 이동 관련 정보가 없음.",True,
65a7470d0b8a,2026-06-08 07:24:31,2026-05-13 07:00:00,Student Housing — University of California - Santa Cruz (CA),23-year-old Ulyate-Crow brings fresh eyes to District 24 race - Beverly Press & Park Labrea News,https://news.google.com/rss/articles/CBMimwFBVV95cUxQWFNRY2RaX3Q3Y3RwZ0tINklFZm9rNWRsbE9kNktqMmlFTW5pb2JvUm9wVmFxLVEzdm9BQ3NNMjZkTXptMkpjSXlUazFreW9DLW82Ukw3YndLaUUwRU4zcGg2MmZURW1GRGdMa0RvaFlFNXAteVJfbFVGR203R2VzNU5ldTl6TEZzZmtBa2dUdE5mMlQwMk01QlJNaw?oc=5,23-year-old Ulyate-Crow brings fresh eyes to District 24 race    Beverly Press & Park Labrea News,True,시장,policy,중립,Student Housing,낮음,지역 정치 선거 관련 기사로 부동산 시장 데이터나 개발과 직접적인 연관성이 없으며 실질적인 주택 정책 영향도 미미함,True,
0a567877eda7,2026-06-08 07:24:35,2026-05-31 14:45:15,Student Housing — Old Dominion University (VA),Should you choose OLD DOMINION UNIVERSITY (ODU) for the 4 next years? (COLLEGE) Guide 210 - Portal CNJ,https://news.google.com/rss/articles/CBMingJBVV95cUxNaFRkMFBTczBFMy1CcEY1OThhX09ldXZRTkxvMGM3UFVOWGs1UFltUlREV2YtZlVHeXJNWGRmWk9MTjNmWEhEVGtEd0M4UnJfWW9ic0R1WjFOcW12VTVCd0tBQ0FxN3M2bEFaT2l0M3JYQXBiV05UeXBCX2V6LV9HQ254QW04QUlDQW9CSGhqWjgwY0hjMTJpM0FmZ2YyNXJWeGNlV2lZQUZfUTA3UFBSQlc5dzZsWFo5STV3RENGNFMwbnJBMWNsTHFqbGoyTjYxd0RUYnpSQkxmdGxfUXlzdkd0b1VSb3ZZYllXQ3NSejhoMlI0ZnpCVXcwa1pINXVsVU40dEtTQTQwUFVZYllEVEhBaUVWMW15VUoxck93?oc=5,Should you choose OLD DOMINION UNIVERSITY (ODU) for the 4 next years? (COLLEGE) Guide 210    Portal CNJ,True,시장,rent_occupancy,중립,Student Housing,낮음,대학 선택 가이드 포털 기사로 학생주택 시장 데이터나 개발 뉴스가 아닌 교육 정보 콘텐츠이므로 Woomi의 투자 관련성이 낮습니다.,True,
a5b1a47333f8,2026-06-08 07:24:37,2026-05-14 07:00:00,Student Housing — University of California - Santa Barbara (CA),"Students at top party college on edge after rape, strangulation reported in campus housing - Fox News",https://news.google.com/rss/articles/CBMiowFBVV95cUxOcE1yTzR2VVZVR3U0RDhUaE5LZjZkdGZ2S095WWZWeERaY3Z4bU1oVmdINDU4RlpLaEFfWFhiUHJhaUlhUFgydURxTHpyS3hoMklfaWh4ZmRPVDMxZEgySjRXUHNPdTdTOVhyRUhFdDRMOE9BZUc3N2FtbGczLVBLM0RrVWJqMDJBbmc4UTNjRThCRF9sc1RvWXNwdTdYSE83SGg00gGoAUFVX3lxTE1vcWMyV3R2VDhBYTRDcENKenBBRlRmVE5jMENXTUtxSGNpQXk3LTBUR1M3QVowM0Q4cTZsX0VQME5Xc1RtSWlQZ2RFQ0pJTU9jTzhCa092UGI0bmxMc21wUG5kZmNSUWxKNVdCVlZfMDh2V1hLazZtZl9SZXV4T3hNeGxBREJ3NVE4WkxGQWszS0ctSHV4bjhJc1hCS2Nvc29IeTZKa0ZvRg?oc=5,"Students at top party college on edge after rape, strangulation reported in campus housing    Fox News",True,시장,rent_occupancy,약세,Student Housing,보통,캠퍼스 내 범죄 사건 보도로 학생 거주 만족도 및 수요에 부정적 신호를 주는 시장 관련 기사,True,
4586636d37de,2026-06-08 07:24:39,2026-05-29 07:00:00,Student Housing — Ohio State University (OH),Apartments proposed for former Tommy's Pizza on Lane near OSU - Columbus Business First - The Business Journals,https://news.google.com/rss/articles/CBMiowFBVV95cUxNVy1Ea1BncXZvVlNRMlNOMC03V2Z0NDJGS0hlcmZFeVNHWkFHZWFnR2d4RFUtbVloU0c4SDFwTGY4ZXgxOEprTnVQekhaWm12TG1MSnhoTlBqaHhtMW1MejNVZGdUTUFvUW1wTk5CSjZkVkRXVGdzZEg2UndFcXJZTG1IU2VzLU4xV3pzc1RzVU4wQk9HMVJaS1YyVHlkTWkzNkVz?oc=5,Apartments proposed for former Tommy's Pizza on Lane near OSU - Columbus Business First    The Business Journals,True,개발,permit,중립,Student Housing,보통,"오하이오 주립대 인근 부지에서 학생주택 아파트 개발이 제안되었으며, 허가 단계의 개발 계획 공시로 분류됨",True,
de0f85611894,2026-06-08 07:24:40,2026-05-19 07:00:00,Student Housing — University of Michigan (MI),$30M for affordable housing project in Ann Arbor nearly maxes out state fund - Crain's Detroit,https://news.google.com/rss/articles/CBMinAFBVV95cUxNWE1QX1p0Z0FpQW9NemVzSGVnbVBxSlJPQWtjdkg3NnV5Nm51aEdFdmFtU21tTjFaWEFGYUpHXy1ZZFdreGZrRllHcFZZam4wbUdFYmdiWnVjYVpyMnEzZnRVQVQ4VXloSWtUbC1lemZJS2RHWjhxcFdQeFQ5b2l6RVFOUVNiQUEyVWI2eGU1NThDczJtbm5TM2V6SUg?oc=5,$30M for affordable housing project in Ann Arbor nearly maxes out state fund    Crain's Detroit,True,시장,"policy,market_data",중립,Affordable Housing,낮음,"주 정부 주택 기금 활용 관련 정책 기사로, 특정 지역 어포더블 하우징 프로젝트 자금 지원 현황을 다루고 있어 시장 분류에 해당하며 Woomi의 직접적 사업 관련성은 낮음.",True,
3a194cb679bf,2026-06-08 07:24:40,2026-05-19 07:00:00,Student Housing — University of Michigan (MI),University of Michigan to buy most of Concordia's Ann Arbor campus - AOL.com,https://news.google.com/rss/articles/CBMihgFBVV95cUxOTkhQbExWQjFSM1BSRFo1TGcxNjQzSERXV05YTlpjalEtbTVjU0U3MGlCSE9EaTlVVVRJRmlGcGxJY1BzYklqOV91a0dYYS0zUC1qOWN6WG1ibXpEUEc0X0JSaFZkb2hyeVN3OUk1elUyUWo2NjZTVzlQdDdJWTl1UTRNVnJUdw?oc=5,University of Michigan to buy most of Concordia's Ann Arbor campus    AOL.com,True,시장,transaction,중립,Student Housing,보통,"대학 캠퍼스 부동산 거래로 학생주택 시장에 간접적 영향을 미치는 시장 관련 뉴스이나, 개발사의 직접 프로젝트가 아닌 제3자 거래로 우미 관련성은 보통 수준",True,
7c7367f8ebc4,2026-06-08 07:24:41,2026-05-27 14:42:57,Student Housing — Boise State University (ID),"Student, a former Boise State housing worker, files tort claim over firing - Idaho Education News",https://news.google.com/rss/articles/CBMinAFBVV95cUxQSy1ZUjZlLUVWWUdFUzh5NzNfY2JtbXNsRkFlTlFCTENpbXR0XzdMU3kyRTlENU4xcHdVa0Q1M203MEVndVZ6d2ZMSkFNblRQSEFrQlVEbGIwbjVwSlFpLVpRb0lVc3h6YnFaWW12dkU3VnhMM1RfcXZBbWRrNDItVjZJWGlsbGhBdmhJcEZJaWNBcklfS2NfYUpBODE?oc=5,"Student, a former Boise State housing worker, files tort claim over firing    Idaho Education News",True,시장,,중립,Student Housing,낮음,"노동 분쟁 관련 기사로 학생 주택 시장 데이터나 개발, 자본 흐름과 무관한 개별 고용 사건임",True,
838e48eba83d,2026-06-08 07:24:43,2026-05-27 07:00:00,Student Housing — California State University - Los Angeles (CA),"Cal State LA, East Los Angeles College, and LACCD launch LA NEXT College Housing Partnership to help Eastside students stay enrolled and keep moving toward transfer - Cal State LA Newsroom",https://news.google.com/rss/articles/CBMiqgJBVV95cUxPQjJ1MHRYMDdXNTFkeXBuRm1yUHB0a1ZraHp4VmduVk9BMGtvQUROTlZRT3V6V2VSQmN4c2g1YVB4WmpFVHYtQ19uU1BFeFFnUWtvMy11eHlmV3ctNmhhS0dpcXNQX2R4S2d4Y0NIdy04UTdnSGEzVy1nWmZYVk5GcEJIaGJpaF93NWk2VENxSDZuVWE0NnBBNXZqY0pVTkxDRmdRQTY2dTV5Z2MweEVJanJiNVppOHNjeC1mbkg1VkY4TE1CdWZjZURZQXBUcElzWjF4VWQxSHRSRnNpbmhsckVKSTQyc0llaGw1ODVfNHowM2RubDEza1k4SmROel9hSG5pd3BIWTZsMGUyWHFEWEpQWGdnQmJ4aHJyRU1WU1d6R1piQmRhMEp3?oc=5,"Cal State LA, East Los Angeles College, and LACCD launch LA NEXT College Housing Partnership to help Eastside students stay enrolled and keep moving toward transfer    Cal State LA Newsroom",True,시장,policy,강세,Student Housing,보통,대학 기숙사 공급 정책 발표로 학생주택 수요 창출 및 지역 주택 문제 해결을 통한 시장 성장 신호,False,
92bf5a1f0b0a,2026-06-08 07:24:44,2026-05-11 16:01:36,Student Housing — George Washington University (DC),George Washington University accused of defrauding student veterans - Audacy,https://news.google.com/rss/articles/CBMiogFBVV95cUxQYnpNQ0xyd2RnNm42VGJtT0lMUmtESnRUY1EyeTRNUk5EUjlUQ1ltOHBsWllBWmtSYzJGVjVqM3MtWWlnVTVVVEVpaGJ4U29oX1NkdUZqejVmSUZ2RFI2Y1VmUkpNQzNiZ1dxc3FzRXJ4czZ1NnN5TmxiZDY2WGZ5Z205Y3Vzam83VzhpbDVqR0hCR3FOTWVLMXJEcjdfamlhbmc?oc=5,George Washington University accused of defrauding student veterans    Audacy,True,시장,,약세,Student Housing,낮음,"대학 부정행위 스캔들로 학생 수요에 부정적 신호를 줄 수 있지만, 부동산 개발·거래·시장데이터와 직접 무관한 법적/평판 이슈이므로 Woomi 관련성은 낮음.",True,
7fe0a69dec5a,2026-06-08 07:24:45,2026-05-20 07:00:00,Student Housing — Arizona State University (AZ),"These 3 iconic ASU dorms are reduced to rubble, but generations of memories will endure - KJZZ",https://news.google.com/rss/articles/CBMixwFBVV95cUxOVy1lMDlrTng3MUI2RTFrNUFvNGZSZU1XMzRKaG93MkxySzgtZFl1RWYtQXNmYnp5SEFXSzZ0R3F4TEctVlNmZ2swOGU2TkFYdFlnekczc3BrOFB0czFZb3c1a3h1dDBXVHNNQ2JQVzVZa05qNFp4VjVwcHBkekZ1Wm5sdGFUdzdybUVNRmtLaFRSdDZaQjBPQVJOcDZ4cFoxN1huZmpONHpwdnlJM2ZNWWYtQ1Q2TEg2QVVxcVp3dnVfT19iYkcw?oc=5,"These 3 iconic ASU dorms are reduced to rubble, but generations of memories will endure    KJZZ",True,개발,demolition,중립,Student Housing,보통,"ASU의 상징적인 기숙사 3동 철거 기사로, 학생주택 개발 사이클의 일부인 철거 단계를 다루고 있으며 향후 개발 잠재력을 시사합니다.",True,
c9eb9bb14164,2026-06-08 07:24:45,2026-05-22 07:00:00,Student Housing — Arizona State University (AZ),ASU celebration honors first-generation students and families navigating college together - ASU News,https://news.google.com/rss/articles/CBMivAFBVV95cUxNMURZb2lEZEF5TXBwcVl3bFI0RjBORjhOZ2tVVUw0UEdzY3gwVVNsZFF4dS1ReXpTWXVyaEo0d0lXR2lQLW96SUFEZXcwUnVtWTEtVk1XWlRMNi1rVWd5X0NkRE9ER2U4MlJFV1k4WWdON2NBUlBjS2RBX01fbUdMTjR4YW80a1cxV3JPX2RIeHc3cXZQenN0RUgzdnlXZUQyMzBaTjNKUUIwQ2hWWkpVNWNLcEVEVnM3aUhrOQ?oc=5,ASU celebration honors first-generation students and families navigating college together    ASU News,True,시장,,중립,Student Housing,낮음,"ASU 1세대 학생 축하 행사에 관한 기사로, 학생주택 시장과 무관한 대학 행사 보도이며 개발, 거래, 시장 데이터 등 실질적인 부동산 뉴스가 없음.",True,
7628bb20ac00,2026-06-08 07:24:45,2026-05-12 07:00:00,Student Housing — Arizona State University (AZ),Peace Corps inspires ASU grad to link generations with learning - ASU News,https://news.google.com/rss/articles/CBMiqAFBVV95cUxPcC1Obmp4UkdFX3ZfWmg0N2NGQ2RFV2VEVmVRcUN5VDBnWG8xYzFTM0NUSkRhRDA2OFdXRkc4QTlDbHFsSDlZS3o3Wk9hdTRKRllYaEt2alRsa0V3dXg0SzNneVJFV3pyck1wNWUwaTRwME9oWU1ZRG9yZ3FuZUxieXhrNnR0aXRFU1NIX1V0aUo1bFp4SnkxNlI0NkRlNzVKZWlkMnFrOXY?oc=5,Peace Corps inspires ASU grad to link generations with learning    ASU News,True,시장,,중립,Student Housing,낮음,"ASU 졸업생의 Peace Corps 활동 및 교육 이니셔티브에 관한 기사로 부동산 개발, 시장 데이터, 자본 흐름과 무관한 개인 성취 스토리입니다.",True,
a7f299e9d119,2026-06-08 07:24:54,2026-05-12 07:00:00,Student Housing — East Carolina University (NC),Major North Carolina university student-housing complex sells for over $22 million - The Business Journals,https://news.google.com/rss/articles/CBMiqgFBVV95cUxOMGtLU241UjZYeVdqNHhoczhkcXJSdEgyZlREZC1fb2xwTlRvYkJlcUpxc1U5U19wN1IzOG9xaEZwcEJRUHhmRjhBaTliX0dEU055ZVZWSU9hQ0hpblRkN0VSRld6cHhLZExEcnhkNkVzWmVyYTZEdm15NGJFMHZfOGh5eXkzemEzaERENlB6cVhXV0NTVHdhU0dzTWN4OEp4NWtoMHVWV3ctUQ?oc=5,Major North Carolina university student-housing complex sells for over $22 million    The Business Journals,True,GP·자본흐름,transaction,중립,Student Housing,보통,"학생주택 자산의 22백만달러 거래로 자본흐름 범주에 해당하며, 단일자산 거래 규모로 보통 수준의 관련성을 가짐",True,
21323fd93949,2026-06-08 07:24:55,2026-05-27 12:38:00,Student Housing — California State University - Sacramento (CA),New student housing near Sac State slated for fall construction start - The Business Journals,https://news.google.com/rss/articles/CBMirgFBVV95cUxPbTk5WHNXTnh1N1dIMHBuU0cydnEyMlBjTFVHdVVObFZERGRBWVNCRUtsYkxqaXBFU0p1Qm9hdjVnQk9JUW4wZ0lKb3FocnFnaGdHenVJR1U1WXhfTEx6bFdFRTF6S3puRnF6b0xVa3M2akF5YlYzZWFYWDEyRlI5R0N1bDNKUEFjV2pJeE5pdmpsekU4RjJBSDktaGhvS2lfWEZOT1pxNWdCOWRVOHc?oc=5,New student housing near Sac State slated for fall construction start    The Business Journals,True,개발,construction_start,강세,Student Housing,높음,"학생 주택의 가을 착공 예정이 공식화된 개발 뉴스로, Student Housing 니치 섹터에서 실행 단계로 진행되는 프로젝트입니다.",True,
d5f21779d6cc,2026-06-08 07:24:55,2026-05-20 07:00:00,Student Housing — California State University - Sacramento (CA),"Facing foreclosure, owner of Element student housing near Sac State files for bankruptcy - The Business Journals",https://news.google.com/rss/articles/CBMimgFBVV95cUxQR2U3YUIwYW1yZi1FeWlqVE5VTmRIRFBUT3BaNDl0cDkxdnB6TDlSZDBueTY4Q0U2YmJRWE9yNUtLdWNlSldrMzV5U09GZG5jNU5vcU1paUF6TVdHV3pPbUd4dFQ5ODYyNjZRVXN5MktJMnJ0OFBpX3M2V0pTb0ZNN2FFT2U0X0pFTVdVSmNUSmYwVi1Ba1IwTGZB?oc=5,"Facing foreclosure, owner of Element student housing near Sac State files for bankruptcy    The Business Journals",True,GP·자본흐름,"acquisition,financing",약세,Student Housing,보통,"학생주택 자산의 모기지 문제와 파산 신청은 자산 거래 및 자본 흐름 이벤트로 분류되며, 학생주택 섹터에 대한 관심도는 중간 수준입니다.",True,
6552e6ecbe98,2026-06-08 07:24:55,2026-05-21 07:00:00,Student Housing — California State University - Sacramento (CA),Element Student Housing Owner Files Chapter 11 Near Sacramento State - Hoodline,https://news.google.com/rss/articles/CBMinAFBVV95cUxPdXJ5a21TQlFHc0ZQenJ4VmV0OXlWZDN2RzZfd0hTVFVwZWM1VzBRM21pa1JmUWlrbVdRaUh4RDN4NmE4RFpmZGpOUTg3NnJ1OWZxUWxocEdfZ3lsUkhOU2pkY0Rqd0ZNXy05d2VHZWhIX2VKaUctdjR1YWxVMWx0YnZNdDd6azRIbmM3RGI3N0xfQ3k4TFFzdmwtQmI?oc=5,Element Student Housing Owner Files Chapter 11 Near Sacramento State    Hoodline,True,시장,market_data,약세,Student Housing,보통,학생주택 소유사의 챕터11 파산 신청은 학생주택 부문의 시장 약세 신호를 나타내는 시장 관련 뉴스입니다.,True,
64c15e5111dd,2026-06-08 07:24:56,2026-05-15 07:00:00,Student Housing — University of Vermont (VT),University of Vermont deficit reflects broader college town challenges - MSN,https://news.google.com/rss/articles/CBMi8gFBVV95cUxOVnJsZmsyUWFEY3JZTFlWQjFuS0NKamI5SG5HRnFuRExtVnUyMHdjRTRINUtfMWlOa1FEaVVyTXp3UVhNVWcyVks1S3h4UmdjQlV2QmgtdUNfb1lmOXhPbk1fUFZBUGV1U09wenlCdFdaYm9mbzhzeEZRTURFM2l4M1Q5Z2RweGd0T1h4Q2NoamhMRXhSSGtOQVBwV2hkZFd4SGNPQmgwQzBzejVHSFVoRWVpNXpmQnpwNVVPRnVYcGtJTkkzTGVCWm5pTXNFSExyWGl1ZTM3c2hSWlpySXF3Z3lTM2RJdUxIOWVwQTNjcWhxZw?oc=5,University of Vermont deficit reflects broader college town challenges    MSN,True,시장,market_data,약세,Student Housing,보통,대학 재정 적자 관련 기사로 대학 도시의 광범위한 경제 문제를 반영하며 학생주택 시장 수요에 부정적 신호를 제공하는 시장 데이터 성격의 콘텐츠입니다.,True,
202d3d1a2144,2026-06-08 07:25:03,2026-05-28 18:28:22,Student Housing — University of Cincinnati (OH),National developer departs massive Cincinnati project - WKRC,https://news.google.com/rss/articles/CBMiqgFBVV95cUxQOE5tVkpkVnZWYm1BbEN2aXF1V2hYd3JaTUdmem5DYTFOYlN4a2ZMb0xEalR0bnIxeDU4VHhUVXc4ckgzZWxWLThWbzFuWE1fRmphVEZMdzZoVFF6ZUFrakpucWpzRVQ0WmVGYlZObGFOTkZZUVltMUl3Mlh6cU9hVjVpVHZacDk4Vnk4SFp4am5PUGNPSldWUHpBRm5PblhyY0xHSFhNOUd1dw?oc=5,National developer departs massive Cincinnati project    WKRC,True,개발,construction_start,약세,Student Housing,보통,"대규모 학생주택 개발 프로젝트에서 국가적 규모의 개발사가 철수한 사건으로, 개발 진행 상황의 부정적 변화를 나타냅니다.",True,
82838d6dc5fb,2026-06-08 07:25:03,2026-05-28 16:42:00,Student Housing — University of Cincinnati (OH),National developer departs massive Uptown Cincinnati apartment project - The Business Journals,https://news.google.com/rss/articles/CBMirAFBVV95cUxQaVhoQzYtYVpibEpRN2VaandLM1lXS3QtUV9kV1F6N2pnZFhraExiRTVvYmxBck9aY25tMkxJUFBuWEZ6cUQtajhoajhtUTg2NHRkTXFGUV9SSTVZalItdGNmNFViQVVnR1JTVzdYWGZxb3VFYjJQQzJ4X0lZU0hNT2M5Z1llaHUxc19hS1VWRExJSThLcUZoenJwV1A2dkZSQzJlVUdsTWdzTW5N?oc=5,National developer departs massive Uptown Cincinnati apartment project    The Business Journals,True,개발,construction_start,약세,Student Housing,보통,"대형 학생주택 프로젝트에서 전국 개발사의 철수는 개발 진행 상황 변화를 나타내는 개발 카테고리 신호이며, 신시내티 대학 인근 프로젝트의 약세 신호를 시사합니다.",True,
1a5293bf5ead,2026-06-08 07:25:07,2026-05-11 07:00:00,Student Housing — Western Kentucky University (KY),"Western Kentucky U., With Gilbane, Launches $350M Residential Housing Transformation - Engineering News-Record (ENR)",https://news.google.com/rss/articles/CBMitgFBVV95cUxNdkROSzJIbXF2RE4xZUxiTVZKZkdHSXVWRDFwMGM4STJEWUxTRWlZWi1wdTRYM3I5MGJvT0VsSkpuRWhZRHFyVm92YXBnalQ3MHpOWFVUcmlzeFFHUm1RNXJEUFlKMHlBTi1sT0g0Nnk1UUZRNUd2YmJoYnh6VnF1Y3RERXZQWFNqc3RFbkl2X1dXVF92b2dzUE1aaVZrWmpGQjBMU1ZZeV9NNXNzT1NwUDJaZzcyZw?oc=5,"Western Kentucky U., With Gilbane, Launches $350M Residential Housing Transformation    Engineering News-Record (ENR)",True,개발,"construction_start,delivery",강세,Student Housing,높음,"주요 학생주택 개발 프로젝트 $350M 규모의 착공 발표로, 학생주택 섹터 내 대형 건설 시작 사건에 해당하며 Woomi의 Student Housing 포트폴리오 관련성이 높음",True,
8ee75f043370,2026-06-08 07:25:09,2026-05-29 01:47:36,Student Housing — University of Akron (OH),Housing initiative creating bonds between Akron residents - MSN,https://news.google.com/rss/articles/CBMixAJBVV95cUxOZVY1Sk44Ti1LVHFwelNTMW1HWk5BUUZ3QkFfUDVjYzBnMlRPX1JhVVg2QVRjUEhKbXBkNC1HNW01SzJjNVNVUFNGcWYwY3Y3cENlV3NSUDJaaWplcVFnbjRnR2p0cnJxUnE3enJkNE9aNDNoeVJjQkJMRFFadlpwX19tUmNfRm5YY3NDOW1Ca21ucl92OGZNcXQzRC10NWVkeHVrVG9CLWQydlBQMmxqUWVpa0ZMbVd2SURzWjVKMlFCTDkzeXJhOGx0cE5KSkg5enIwWkZHOURNbEgxWTBTbjVUZ19Da0VjdExTWGFVQW9NeXJsQ19zc01kS1ZMMzA3RllRRDdnNTZPd2VDME4xVzlNTWUyU0szem9EdmVyWHpjWFlERXZjTS1Kcm4ycXRIeGQ1UV8zUEFaT0FwZHZlQnBYMGY?oc=5,Housing initiative creating bonds between Akron residents    MSN,True,시장,policy,중립,Student Housing,낮음,"지역 주민 유대 강화를 중심으로 한 액론 주택 이니셔티브 관련 기사로, 구체적인 개발·거래·시장 데이터 없이 정책/커뮤니티 차원의 내용으로 판단됨.",True,
66790b3a866c,2026-06-08 07:25:09,2026-05-14 07:00:00,Student Housing — University of Akron (OH),University of Akron President R.J. Nemer reflects on 2 years of change - Akron Beacon Journal,https://news.google.com/rss/articles/CBMixAFBVV95cUxPTGNnLTlTM05xRS01M015azFyRXg1LTlBN2JnYThVbnZiTlI0ajRXMC1mWTFzdUo1WFRhVjNfX3RuUnhGbjJBUm8zcDY2M29JaXVKTzJyZ0xBLTd1R1BZelc5UWk1bHViU0xnMWZMWmMyT2c3RU5zWVVZcTR5b2pLUjB0SDI2dGt2dEZjLTc1ZG9KV0xvRklFTG9LdWplY2RoRkZJbHU0dklyZkJiUF81YXFPVjR0eVMzNUk3NmJaUzduVFQ4?oc=5,University of Akron President R.J. Nemer reflects on 2 years of change    Akron Beacon Journal,True,시장,,중립,Student Housing,낮음,대학 행정 리더십 변화에 관한 기사로 학생주택 시장 수요나 개발과 직접적인 연관성이 없습니다.,True,
9f21079094a9,2026-06-08 07:25:15,2026-05-15 20:25:15,Bisnow,"How Cross Street Is Bridging The Gap Between Multifamily Property Management, Residential Brokerage",https://www.bisnow.com/national/news/residential/multifamily-residential-cross-street-studiob-134609,"Cross Street, a full-service residential real estate firm specializing in multifamily leasing, home sales and third-party developer services, has added property management to its national platform with its recent incorporation of Peak Properties.
The...",True,GP·자본흐름,acquisition,중립,Multifamily,낮음,"Cross Street의 Peak Properties 인수는 단일 자산 거래 수준의 소규모 플랫폼 통합으로, Woomi의 핵심 투자 대상이나 경쟁사 분석 범위 밖의 중소 규모 거래",False,
b5fa9b21123f,2026-06-08 12:26:02,2026-05-28 21:08:39,Multifamily Executive,Where Culture Meets Community: How Hawthorne Is Building Resident Experience From the Inside Out,https://www.multifamilyexecutive.com/sponsored/where-culture-meets-community-how-hawthorne-building-resident-experience-inside-out,"Where Culture Meets Community: How Hawthorne Is Building Resident Experience From the Inside Out 
 lbarrick 
 Thu, 05/28/2026 - 17:08",True,시장,rent_occupancy,중립,Multifamily,낮음,"주택 개발사의 거주자 경험 및 커뮤니티 문화 구축 방식에 관한 운영 관련 기사로, 시장 내 거주자 만족도 및 점유율 관련 트렌드를 다루고 있습니다.",True,
5de2fdec2c78,2026-06-08 12:26:02,2026-05-18 14:05:21,Multifamily Executive,Three Myths That Are Quietly Eroding Your Portfolio's NOI,https://www.multifamilyexecutive.com/resource/three-myths-are-quietly-eroding-your-portfolios-noi,"Three Myths That Are Quietly Eroding Your Portfolio's NOI 
 Outdated operations are quietly eroding property value. This 10-page guide debunks three myths holding owners back and delivers data-backed fixes to boost NOI, covering smarter package handling, automation savings, secure guest access, standardized operations, and new parking revenue opportunities without adding staff.  Download now. 
 df",True,시장,market_data,중립,Multifamily,낮음,"포트폴리오 운영 효율성과 NOI 최적화에 관한 일반적인 가이드로, 특정 시장 데이터나 개발 사건이 아닌 운영 관행 개선에 초점을 맞춘 콘텐츠입니다.",False,
ad0c8403912d,2026-06-08 12:26:02,2026-05-15 17:15:31,Multifamily Executive,The Multifamily Maintenance Playbook: A Deep Dive,https://www.multifamilyexecutive.com/premium/webinar/752935,"The Multifamily Maintenance Playbook: A Deep Dive 
 lbarrick 
 Fri, 05/15/2026 - 13:15 
 
 Tue, 06/09/2026 - 13:00 
 
 Resource Type 
 Webinar 
 
 
 Brad Fitzpatrick 
 
 
 Evan Lee 
 
 
 Promotion Start 
 Wed, 05/27/2026 - 11:56 
 
 
 
 Promotion End 
 Fri, 11/27/2026 - 11:56 
 
 
 Maintenance operations have become a critical driver of resident satisfaction, operational efficiency, and portfolio ",True,시장,,중립,Multifamily,낮음,"유지보수 운영 모범사례를 다루는 웨비나로, 시장 동향이나 개발 뉴스가 아닌 운영 관리 주제이므로 직접적인 투자 영향도가 낮습니다.",False,
ebc4eecac785,2026-06-08 12:26:07,2026-05-21 16:33:48,Bisnow,"How Commercial Real Estate Can Navigate Tampa Bay Housing Deals, From Affordable To Luxury",https://www.bisnow.com/tampa/news/multifamily/gunster-tampa-bay-housing-deals-affordable-luxury-studiob-134687,"Tampa’s luxury condominium market has been on the radar of buyers whose wishlist includes a breadth of amenities, high-level service and water access.
On the other side of the coin, the region is in need of more affordably priced housing to meet the...",True,시장,market_data,중립,Multifamily,낮음,"주택 시장의 공급 및 수요 동향을 다루는 기사로, 탐파 지역의 럭셔리 및 저가 주택 시장 현황을 설명하는 시장 분석 성격의 콘텐츠입니다.",False,
9b8340df8081,2026-06-08 12:26:10,2026-05-29 16:25:31,Eye on Housing (NAHB),"Rent Prices Continue to Rise, While Absorption Remains Low",https://eyeonhousing.org/2026/05/rent-prices-continue-to-rise-while-absorption-remains-low/,"The percentage of new apartment units that were absorbed within three months after completion was up one percentage point in the fourth quarter, according to the Census Bureau’s latest release of the Survey of Market Absorption of New Multifamily Units (SOMA). The survey covers new units in multifamily residential buildings with five or more units. […]",True,시장,"rent_occupancy,market_data",혼재,Multifamily,높음,"국가 신규 멀티패밀리 유닛의 흡수율과 임차료 데이터를 제시하는 시장조사 보고서로, Woomi의 미국 주거 시장 진출 전략 수립에 필수적인 시장 트렌드 정보입니다.",False,
53dc5ee58f2f,2026-06-08 12:26:10,2026-05-27 12:31:00,Eye on Housing (NAHB),Multifamily Missing Middle Construction: First Quarter 2026,https://eyeonhousing.org/2026/05/multifamily-missing-middle-construction-first-quarter-2026/,"Multifamily missing middle construction declined at the start of 2026. The missing middle construction sector includes development of medium-density housing, such as townhouses, duplexes and other small multifamily properties. The multifamily segment of the missing middle (apartments in 2- to 4-unit properties) has generally disappointed since the Great Recession. For the first quarter of 2026, th",True,시장,market_data,약세,Multifamily,보통,"2026년 1분기 중간밀도주택(Missing Middle) 건설 감소 데이터를 제시하는 시장 현황 분석 기사로, 멀티패밀리 부문의 공급 추세 정보를 담고 있습니다.",False,
fbaffbd7c168,2026-06-08 12:26:10,2026-05-26 12:31:00,Eye on Housing (NAHB),First Quarter 2026 Multifamily Construction Data,https://eyeonhousing.org/2026/05/first-quarter-2026-multifamily-construction-data/,"According to NAHB analysis of quarterly Census data, the count of multifamily, for-rent housing starts increased year-over-year during the first quarter of 2026. For the quarter, 107,000 multifamily residences started construction. Of this total, 103,000 were built-for-rent. This built-for-rent total was 21% higher than in the first quarter of 2025. Prior NAHB analysis suggests this […]",True,시장,market_data,강세,Multifamily,높음,"국가 차원의 멀티패밀리 신규 착공 및 BTR 공급 데이터로, 업계 전체 시장 동향을 반영하는 핵심 지표이며 Woomi의 미국 주거 시장 전략에 직결되는 정보",False,
24101da69459,2026-06-08 12:26:12,2026-05-28 15:00:00,Federal Reserve,Federal Reserve Board issues enforcement actions with former employee of Atlantic Union Bank and former employee of Frost Bank,https://www.federalreserve.gov/newsevents/pressreleases/enforcement20260528a.htm,Federal Reserve Board issues enforcement actions with former employee of Atlantic Union Bank and former employee of Frost Bank,True,시장,policy,중립,Multifamily,낮음,"연방준비제도의 개별 은행 직원에 대한 집행 조치로, 주택시장에 직접적인 영향을 미치지 않는 규제 행동이므로 시장 카테고리로 분류하되 관련성은 낮음",True,
5f4f51040948,2026-06-08 12:26:12,2026-05-26 18:00:00,Federal Reserve,"Minutes of the Board's discount rate meeting on April 20 and 29, 2026",https://www.federalreserve.gov/newsevents/pressreleases/monetary20260526a.htm,"Minutes of the Board's discount rate meeting on April 20 and 29, 2026",True,시장,policy,중립,Multifamily,높음,"연방준비제도의 할인율 회의 기록은 미국 주택금융 시장에 직접적인 영향을 미치는 정책 자료로, 금리 결정이 다가족 주택 투자 수익성에 중요한 영향을 준다.",True,
630495d275f6,2026-06-08 12:26:12,2026-05-22 20:15:00,Federal Reserve,"Kevin Warsh takes oath of office as chairman and a member of the Board of Governors of the Federal Reserve System, and the Federal Open Market Committee unanimously selects Warsh as its chairman",https://www.federalreserve.gov/newsevents/pressreleases/other20260522a.htm,"Kevin Warsh takes oath of office as chairman and a member of the Board of Governors of the Federal Reserve System, and the Federal Open Market Committee unanimously selects Warsh as its chairman",True,시장,policy,중립,Multifamily,높음,"연방준비제도 의장 교체는 금리 정책과 주택시장에 직접적인 영향을 미치는 핵심 정책 뉴스이며, 미국 주거용 부동산 시장의 거시경제 환경을 결정하는 중요한 시장 신호입니다.",False,
c8e21a9a44d2,2026-06-08 12:26:12,2026-05-22 20:00:00,Federal Reserve,Agencies publish resolution plan feedback letters for certain domestic and foreign banking organizations,https://www.federalreserve.gov/newsevents/pressreleases/bcreg20260522a.htm,Agencies publish resolution plan feedback letters for certain domestic and foreign banking organizations,True,시장,policy,중립,Multifamily,낮음,"연방준비제도의 은행 구조조정 계획 피드백으로, 주택금융 시장에 간접적 영향을 미칠 수 있는 정책 공시이나 주택 부문에 직접적인 영향은 제한적입니다.",True,
71f8ff80b17a,2026-06-08 12:26:12,2026-05-21 15:00:00,Federal Reserve,Federal Reserve Board issues enforcement action with former employee of Commerce Bank,https://www.federalreserve.gov/newsevents/pressreleases/enforcement20260521a.htm,Federal Reserve Board issues enforcement action with former employee of Commerce Bank,True,시장,policy,중립,Multifamily,낮음,"연방준비제도의 개별 은행 직원에 대한 규제 조치로, 부동산 시장 전반에 직접적인 영향을 미치지 않는 일반 규제 집행 뉴스입니다.",True,
7cf5717fcb32,2026-06-08 12:26:12,2026-05-20 20:00:00,Federal Reserve,"Federal Reserve Board requests public comment on a proposal to establish a ""payment account,"" which legally eligible financial institutions could use for the specific purpose of clearing and settling their payments",https://www.federalreserve.gov/newsevents/pressreleases/other20260520a.htm,"Federal Reserve Board requests public comment on a proposal to establish a ""payment account,"" which legally eligible financial institutions could use for the specific purpose of clearing and settling their payments",True,시장,policy,중립,Multifamily,낮음,"연방준비제도의 지급결제 시스템 개선 제안으로, 주택시장과의 직접적 연관성이 낮은 금융 인프라 정책입니다.",False,
94080a607bd1,2026-06-08 12:26:12,2026-05-20 18:00:00,Federal Reserve,"Minutes of the Federal Open Market Committee, April 28-29, 2026",https://www.federalreserve.gov/newsevents/pressreleases/monetary20260520a.htm,"Minutes of the Federal Open Market Committee, April 28-29, 2026",True,시장,policy,중립,Multifamily,높음,연방준비제도 정책회의 의사록은 금리 결정과 경제 전망을 담으므로 미국 부동산 시장 전반에 영향을 미치는 중요한 시장 신호입니다.,True,
809ac88b008b,2026-06-08 12:26:12,2026-05-15 21:00:00,Federal Reserve,Federal Reserve Board names Jerome H. Powell as chair pro tempore; Powell will serve as chair pro tempore until Kevin M. Warsh is sworn in as the new chair,https://www.federalreserve.gov/newsevents/pressreleases/other20260515a.htm,Federal Reserve Board names Jerome H. Powell as chair pro tempore; Powell will serve as chair pro tempore until Kevin M. Warsh is sworn in as the new chair,True,시장,policy,중립,Multifamily,보통,"연방준비제도의 의장 교체는 금리 정책 방향에 영향을 미칠 수 있는 거시경제 요인으로, 부동산 시장에 간접적 영향을 미치는 정책 뉴스에 해당합니다.",False,
f2c28a9c8e2b,2026-06-08 12:26:12,2026-05-15 20:30:00,Federal Reserve,Federal Reserve Board announces approval of application by the Stephen M. Calk 2025 Trust,https://www.federalreserve.gov/newsevents/pressreleases/orders20260515a.htm,Federal Reserve Board announces approval of application by the Stephen M. Calk 2025 Trust,True,시장,policy,중립,Multifamily,낮음,연방준비제도의 개인신탁 인가 승인 소식으로 부동산 시장에 직접적 영향을 미치지 않는 행정 공지사항,True,
42fbbab065c5,2026-06-08 12:26:12,2026-05-15 20:30:00,Federal Reserve,"Federal Reserve Board announces it does not object to the conversion of United Texas Bank, of Dallas, Texas, from a bank supervised by the Federal Reserve to a national bank supervised by the Office of the Comptroller of the Currency",https://www.federalreserve.gov/newsevents/pressreleases/orders20260515b.htm,"Federal Reserve Board announces it does not object to the conversion of United Texas Bank, of Dallas, Texas, from a bank supervised by the Federal Reserve to a national bank supervised by the Office of the Comptroller of the Currency",True,시장,policy,중립,Multifamily,낮음,"연방준비제도의 은행 감독 체계 변경 공시로, 주택금융 시장에 미미한 영향을 미치는 규제 행정 소식입니다.",False,
f8236406828d,2026-06-08 12:26:12,2026-05-15 15:00:00,Federal Reserve,"Federal Reserve Board announces termination of enforcement actions with UBS Group AG, Credit Suisse AG, Credit Suisse Holdings (USA), Inc., and Credit Suisse AG, New York Branch",https://www.federalreserve.gov/newsevents/pressreleases/enforcement20260515a.htm,"Federal Reserve Board announces termination of enforcement actions with UBS Group AG, Credit Suisse AG, Credit Suisse Holdings (USA), Inc., and Credit Suisse AG, New York Branch",True,시장,policy,중립,Multifamily,낮음,"Federal Reserve의 enforcement action 종료는 금융 규제 정책 변화이나, 주택시장에 직접적인 영향을 미치지 않는 은행 감시 완화 조치로 Woomi의 주거 개발 활동과 관련성이 낮음.",False,
9a2ab70e5689,2026-06-08 12:26:12,2026-05-14 18:00:00,Federal Reserve,"Stephen I. Miran submits his resignation as a member of the Federal Reserve Board, effective when or shortly before his successor on the Board is sworn in",https://www.federalreserve.gov/newsevents/pressreleases/other20260514b.htm,"Stephen I. Miran submits his resignation as a member of the Federal Reserve Board, effective when or shortly before his successor on the Board is sworn in",True,시장,policy,중립,Multifamily,낮음,연방준비제도 이사회 인사 변동은 정책 영향을 미칠 수 있으나 즉각적인 금리나 주택시장 결정을 의미하지 않으며 일반적인 거시경제 정책 동향으로 분류됨.,False,
6a5f44c5d6cb,2026-06-08 12:26:12,2026-05-14 14:00:00,Federal Reserve,Federal Reserve Board releases results from two surveys of senior financial officers at banks about their views on discount window operating days and their strategies and practices for managing reserve balances,https://www.federalreserve.gov/newsevents/pressreleases/other20260514a.htm,Federal Reserve Board releases results from two surveys of senior financial officers at banks about their views on discount window operating days and their strategies and practices for managing reserve balances,True,시장,policy,중립,Multifamily,낮음,"연방준비제도의 할인창구 운영 정책 및 은행의 준비금 관리 전략에 관한 조사 결과 발표로, 금융 정책 동향을 다루는 시장 관련 기사이나 주택시장에 미치는 직접적 영향이 제한적입니다.",False,
aad767790eae,2026-06-08 12:26:12,2026-05-13 15:30:00,Federal Reserve,Federal Reserve Board issues Economic Well-Being of U.S. Households in 2025 report,https://www.federalreserve.gov/newsevents/pressreleases/other20260513a.htm,Federal Reserve Board issues Economic Well-Being of U.S. Households in 2025 report,True,시장,"market_data,policy",중립,Multifamily,보통,"연방준비제도의 가구 경제 현황 보고서는 주택 시장 수요와 소비자 신용도에 영향을 미치는 거시경제 지표이므로 시장 분류에 해당하며, 보고서 내용이 특정 개발이나 거래 없이 일반적 시장 데이터 성격으로 평가됨.",True,
2c7c893ca39d,2026-06-08 12:26:12,2026-05-12 15:00:00,Federal Reserve,"Federal Reserve Board announces termination of enforcement actions with F & M Holding Company, Inc. and Thread Bancorp, Inc.",https://www.federalreserve.gov/newsevents/pressreleases/enforcement20260512a.htm,"Federal Reserve Board announces termination of enforcement actions with F & M Holding Company, Inc. and Thread Bancorp, Inc.",True,시장,policy,중립,Multifamily,낮음,"연방준비제도의 은행 규제 집행 조치 종료 발표로, 주택금융 시장에 간접적 영향을 미칠 수 있는 정책성 뉴스이나 Woomi의 주거 개발 전략과는 직접적 관련성이 낮음",True,
896da7dd8480,2026-06-08 12:26:16,2026-05-29 15:43:07,Blackstone,"Bloomberg: Blackstone to Offer Loans to Help Build 50,000 US Homes a Year",https://www.blackstone.com/news/in-the-news/bloomberg-blackstone-to-offer-loans-to-help-build-50000-us-homes-a-year/,"The post  Bloomberg: Blackstone to Offer Loans to Help Build 50,000 US Homes a Year  appeared first on  Blackstone .",True,GP·자본흐름,financing,강세,Multifamily,높음,"Blackstone의 미국 주택 5만호 연간 건설 지원 대출 프로그램 발표는 대규모 부동산 자본 흐름 및 펀드 운영전략으로, 한국계 개발사 Woomi가 미국 주거 시장의 주요 자본 파트너 동향을 파악하는 데 높은 관련성이 있음.",True,
420ac77d304c,2026-06-08 12:26:16,2026-05-28 20:45:40,Blackstone,Blackstone to Present at Morgan Stanley’s US Financials Conference,https://www.blackstone.com/news/press/blackstone-to-present-at-morgan-stanleys-us-financials-conference/,"Blackstone announced that Jon Gray, President and COO, is scheduled to present at Morgan Stanley’s US Financials Conference on Tuesday, June 9, 2026 at 9:40am ET. 
 The post  Blackstone to Present at Morgan Stanley’s US Financials Conference  appeared first on  Blackstone .",True,GP·자본흐름,,중립,Multifamily,낮음,"블랙스톤의 컨퍼런스 발표 예정 공지로, 특정 거래, 펀드 조성, 투자 활동 등의 실질적인 자본흐름 이벤트가 아닌 기업 홍보 성격의 기사입니다.",False,
9a73e1408a5e,2026-06-08 12:26:16,2026-05-27 11:18:40,Blackstone,Apogee Therapeutics Announces $1.3 Billion Strategic Financing Collaboration with Blackstone Life Sciences to Advance Phase 3 Development and Commercialization of Zumilokibart,https://www.blackstone.com/news/press/apogee-therapeutics-announces-1-3-billion-strategic-financing-collaboration-with-blackstone-life-sciences-to-advance-phase-3-development-and-commercialization-of-zumilokibart/,The post  Apogee Therapeutics Announces $1.3 Billion Strategic Financing Collaboration with Blackstone Life Sciences to Advance Phase 3 Development and Commercialization of Zumilokibart  appeared first on  Blackstone .,True,시장,,중립,Multifamily,낮음,바이오테크 제약 회사의 임상시험 자금 조달로 주거용 부동산과 무관한 내용이므로 분류 대상 외입니다.,False,
108d0c0b1a42,2026-06-08 12:26:16,2026-05-21 19:23:39,Blackstone,Blackstone’s Global Infrastructure Head on Data Center Growth and Community Involvement,https://www.blackstone.com/news/in-the-news/blackstones-global-infrastructure-head-on-data-center-growth-and-community-involvement/,The post  Blackstone’s Global Infrastructure Head on Data Center Growth and Community Involvement  appeared first on  Blackstone .,True,시장,,중립,Multifamily,낮음,데이터센터 인프라 성장에 관한 기사로 주거용 부동산 시장과 무관한 내용이므로 낮은 관련성.,True,
9f3b06c51e8e,2026-06-08 12:26:16,2026-05-21 13:00:51,Blackstone,"The AI-Native Enterprise Services Firm Backed by Anthropic, Blackstone, and Hellman & Friedman Announces Acquisition of Fractional AI",https://www.blackstone.com/news/press/the-ai-native-enterprise-services-firm-backed-by-anthropic-blackstone-and-hellman-friedman-announces-acquisition-of-fractional-ai/,"The recently announced AI-native enterprise services firm led by Anthropic, Blackstone, Hellman & Friedman, and others to help mid-size companies bring Claude into their core operations, announced the acquisition of Fractional AI, a leading applied AI services company based in San Francisco.  
 The post  The AI-Native Enterprise Services Firm Backed by Anthropic, Blackstone, and Hellman & Friedman",True,GP·자본흐름,acquisition,중립,Multifamily,낮음,AI 기업 인수 사건으로 부동산 개발/시장과 무관한 기술/소프트웨어 분야 M&A이므로 Woomi의 주력 사업과 직접적 연관성이 낮음,False,
a44217aecffa,2026-06-08 12:26:16,2026-05-19 01:05:30,Blackstone,Blackstone Announces Joint Venture with Google to Create New TPU Cloud,https://www.blackstone.com/news/press/blackstone-announces-joint-venture-with-google-to-create-new-tpu-cloud/,"Blackstone announced a joint venture with Google to create a new U.S.-based company that will offer efficient data center capacity, operations, networking, and Google Cloud's Tensor Processing Units (TPUs) as a compute-as-a-service offering. 
 The post  Blackstone Announces Joint Venture with Google to Create New TPU Cloud  appeared first on  Blackstone .",True,GP·자본흐름,JV,중립,Multifamily,낮음,Blackstone와 Google의 데이터센터 JV는 핵심 사업이 residential real estate와 무관한 IT 인프라 기술 분야이므로 낮은 관련성을 보유합니다.,False,
375613f62377,2026-06-08 12:26:16,2026-05-13 23:00:45,Blackstone,Blackstone Digital Infrastructure Trust Announces Pricing of up to $2 Billion Initial Public Offering,https://www.blackstone.com/news/press/blackstone-digital-infrastructure-trust-announces-pricing-of-up-to-2-billion-initial-public-offering/,The post  Blackstone Digital Infrastructure Trust Announces Pricing of up to $2 Billion Initial Public Offering  appeared first on  Blackstone .,True,GP·자본흐름,financing,중립,Multifamily,낮음,"디지털 인프라 신탁의 IPO 공모로 주택 부동산과 무관한 자본흐름 사건이며, Woomi의 주택 개발 포트폴리오와 관련성이 낮음",True,
0a5796b0fbe3,2026-06-08 12:26:16,2026-05-11 17:06:32,Blackstone,VoltaGrid Announces $1 Billion Strategic Equity Investment from Blackstone and Halliburton to Fund Growth and Acquisition of Propell,https://www.blackstone.com/news/press/voltagrid-announces-1-billion-strategic-equity-investment-from-blackstone-and-halliburton-to-fund-growth-and-aquisition-of-propell/,The post  VoltaGrid Announces $1 Billion Strategic Equity Investment from Blackstone and Halliburton to Fund Growth and Acquisition of Propell  appeared first on  Blackstone .,True,GP·자본흐름,acquisition,중립,Multifamily,낮음,"VoltaGrid는 에너지/인프라 회사로 주거 부동산과 무관하며, Blackstone의 비주거 자산 투자로 Woomi의 주거 개발 전략과 직접 관련성이 낮음.",False,
14a923b077ef,2026-06-08 14:18:13,2026-05-28 12:00:00,Yardi Matrix Blog,Yardi Matrix Records Self Storage Rent Growth as Seasonal Leasing Quickens,https://www.yardimatrix.com/blog/self-storage-rent-growth-as-seasonal-leasing-quickens/,"Occupancy stabilization helps offset ongoing demand weakness SANTA BARBARA, Calif., May 28, 2026 – The U.S. self storage market’s 1% month-over-month advertised rate growth in April 2026 starts the busy spring leasing season on a positive note. Although April’s year-over-year national advertised rate growth rate fell 1.9%, most of the top 30 metros saw stronger year-over-year performance that […] ",True,시장,market_data,중립,Mixed-use,낮음,"자기 저장 부문의 임차료 성장과 점유율 데이터를 보고하는 시장 분석 기사로, Woomi의 주력 주거 개발 포트폴리오와 무관한 섹터입니다.",False,
8a160efe11ea,2026-06-08 14:18:13,2026-05-27 09:11:09,Yardi Matrix Blog,Self Storage Market Outlook – May 2026,https://www.yardimatrix.com/blog/self-storage-market-outlook/,"Key takeaways Rates continue to rise on a monthly basis April saw the national average annualized advertised asking rate per square foot rise 1.0 percent on a monthly basis to $16.22 for the combined mix of units and sizes. Over the past month, 29 of the Top 30 metros tracked by Yardi Matrix recorded positive […] 
 The post  Self Storage Market Outlook – May 2026  appeared first on  Yardi Matrix B",True,시장,market_data,강세,Multifamily,낮음,자료창고(Self Storage) 시장 데이터 및 요금 동향을 다루는 시장 분석으로 주거용 부동산과 무관하므로 낮은 관련성,False,
5a64b9bd9664,2026-06-08 14:18:13,2026-05-25 08:58:29,Yardi Matrix Blog,U.S. Office Market Outlook – April 2026,https://www.yardimatrix.com/blog/us-office-market-outlook/,"Report highlights Miami leads vacancy recovery As of April, the national office vacancy rate stood at 17.6 percent—210 basis points lower year-over-year. Miami recorded the lowest rate nationwide, 12.5 percent, representing a 300-basis-point decline over the past 12 months. The metro’s rate kept declining from the 15.7 percent registered in early 2025. Miami’s improvement is […] 
 The post  U.S. O",True,시장,market_data,강세,Mixed-use,낮음,사무실 공실률 데이터 보고서로 주거 부동산과 직접 관련이 없으며 Woomi의 주거 개발 전략과 관계성이 낮음.,False,
2231d53341b4,2026-06-08 14:18:13,2026-05-21 06:23:00,Yardi Matrix Blog,Las Vegas Multifamily Market Report – May 2026,https://www.yardimatrix.com/blog/las-vegas-multifamily-market-report/,"Las Vegas fundamentals were mixed at the end of the first quarter, according to the latest Las Vegas multifamily market report. Average advertised asking rents ticked up 0.2%, on a trailing three-month basis through March, to $1,468, outperforming the U.S. for the first time in 18 months. On a year-over-year basis, however, rents were down […] 
 The post  Las Vegas Multifamily Market Report – May ",True,시장,"market_data,rent_occupancy",중립,Multifamily,낮음,"Las Vegas 단일 도시의 임차료 및 점유율 데이터를 제시하는 시장 리포트로, 지역 수준의 통계에 해당합니다.",False,
32af407e3ee0,2026-06-08 14:18:13,2026-05-20 16:11:00,Yardi Matrix Blog,Charlotte Multifamily Market Report – May 2026,https://www.yardimatrix.com/blog/charlotte-multifamily-market-report/,"Charlotte’s multifamily market showed positive signs in the year’s first quarter, despite some areas posting only moderate growth, according to the latest Yardi Matrix Charlotte multifamily market report. Average advertised asking rents were up 0.1%, on a trailing three-month basis through March, to $1,581, mirroring the national average, as reported in the U.S. multifamily market […] 
 The post  ",True,시장,"market_data,rent_occupancy",중립,Multifamily,낮음,"Charlotte 지역의 임차료 및 공실률 데이터를 제시하는 단일 도시 시장 분석 기사로, 전국 추세와의 비교는 있으나 광범위한 정책이나 공급 영향 분석이 없어 Woomi의 전략적 관심도는 낮음",False,
885265d4bc1c,2026-06-08 14:18:13,2026-05-20 12:00:00,Yardi Matrix Blog,Pipeline Elevates Yardi Matrix Self Storage Supply Forecast,https://www.yardimatrix.com/blog/pipeline-elevates-self-storage-supply-forecast/,"Long-term rebound in demand seen unlikely as new-construction decline continues SANTA BARBARA, Calif., May 20, 2026 – The modest increase in new self storage development activity at the end of 2025 led Yardi® Matrix to increase its new supply forecast for 2026. Current construction completion times suggest that most of the 54 million net rentable square feet, or NRSF, of […] 
 The post  Pipeline E",True,시장,market_data,중립,Multifamily,낮음,"자체 보관(Self Storage) 산업의 공급 파이프라인 및 시장 데이터 분석으로, Woomi의 주거 개발 포트폴리오와는 무관한 섹터입니다.",False,
89eccb1654b1,2026-06-08 14:18:13,2026-05-19 09:04:00,Yardi Matrix Blog,Atlanta Multifamily Market Report – May 2026,https://www.yardimatrix.com/blog/atlanta-multifamily-market-report/,"Atlanta’s multifamily fundamentals were mixed at the end of the first quarter, according to the latest Atlanta multifamily market report. Advertised asking rents slid 0.1%, on a trailing three-month basis through March, to an average of $1,634, 20 basis points below the national figure, as reported in the U.S. multifamily outlook. Meanwhile, the occupancy rate in […] 
 The post  Atlanta Multifamil",True,시장,"market_data,rent_occupancy",중립,Multifamily,보통,Atlanta 멀티패밀리 시장의 임차료 및 점유율 등 시장 데이터를 제공하는 지역별 수급 동향 분석 기사,False,
959b50494c93,2026-06-09 00:39:01,2026-05-22 07:00:00,Student Housing — Oklahoma State University (OK),Rising Rent Costs Strain OSU Students - ocolly.com,https://news.google.com/rss/articles/CBMitgFBVV95cUxPd0JtdkZXUDRySUhLd3dPaUJieFc3Mi1YNGNhd0laUjN1ZXVUV2FKSmZmVnllNVlUZE5kVFVpRnlkZzE2Ymc0Tld4bjZOX0xnUE0zV2IzUXhxQWNYS3JXX3lSM3JrbFNxVUtVOEhBS3lnWlR4ejlWMC1ZTEIwUnduNFp4b05DWjBNM0YzenlXbzZRXzNUYzQ2WXpmVE5iY2ZOOGZKb2F1blY0d1ZpZGl1VVVxdDNOUQ?oc=5,Rising Rent Costs Strain OSU Students    ocolly.com,True,시장,rent_occupancy,약세,Student Housing,보통,"학생 주택 임차료 상승 동향을 다룬 시장 데이터 기사로, 특정 지역의 수요 및 임대료 트렌드를 보여주는 시장 신호입니다.",False,
6bc910365e95,2026-06-09 00:39:02,2026-05-19 19:08:41,Student Housing — Stanford University (CA),Stanford students back resident assistant unionization effort - Campus Reform,https://news.google.com/rss/articles/CBMipwFBVV95cUxQVUhlcllfZkkwNkNQbXV5RkVBVnk3Y2Y1VFpXX2o4NXR3QmY4VGpPVm5NbThGS1VEaUFYcU9jS2VycHZKTGRtOWVFVE5VbER5WDRLVE4yNTBDNEV3QVZQTzFwQVFRSU01UnVYS25MUGZNRzVlQnlCeTVtX29WUnVSdlVwYmpYVjV0eGQteG5lZGg4QmZVVTdTSV9fbm1YSVFxZkJ1RnplOA?oc=5,Stanford students back resident assistant unionization effort    Campus Reform,True,시장,policy,약세,Student Housing,낮음,"대학 기숙사 노조 결성은 학생 주택 운영 환경 변화를 시사하지만, 단일 대학의 노동 이슈로 시장 수급 데이터나 개발 프로젝트와 무관하며 Woomi의 미국 거주용 개발 전략과 직접 관련성이 낮음",False,
d338bf9e1ceb,2026-06-09 00:39:43,2026-05-12 07:00:00,Student Housing — University of Maryland (MD),"A vision of housing, public space for Baltimore - cnu.org",https://news.google.com/rss/articles/CBMiiAFBVV95cUxNdWpNMUdwWVliVGd4M19uMFlPbzRsSE5yVWxGTTdURWlnd0pKanVEbVd4VG5PWHlHWFpwLXJnTm1ZSVBSMXg2MWRaRHpQTVVLaVFJZklEVWJVWWphWjJDOUJSVDBDTzVNYllwbVhQM1R4VG9MV2NXdkF6SlVncVRyY0poUmppcGRj?oc=5,"A vision of housing, public space for Baltimore    cnu.org",True,개발,construction_start,중립,Student Housing,보통,"University of Maryland 학생주택 프로젝트의 개발 계획 발표로, Student Housing 섹터의 개발 뉴스이나 구체적 진행 단계나 지역 활성화 정도가 명확하지 않음.",False,
c72bcf1e114e,2026-06-09 00:41:30,2026-05-19 07:00:00,Student Housing — University of Southern Mississippi (MS),"These are the best college campuses in MS for 2026, Niche says. Did any Coast schools make list? - Sun Herald",https://news.google.com/rss/articles/CBMiakFVX3lxTE1xR0ctVk15cVZNUDFJTlp1QlhvLUttTmtXUnlqc3RfLS1aTEI2Y0FmZnd1VWhwTWhNbERFQUI0cnhwRmJRc2Qyb2wyNGFLdjBKN25mQnNaeThPeW9ETjNJcmJTSWluYkp4MUHSAWpBVV95cUxOZVAyYXNINjJSWEdIWDQzZTlfOXNELXRyd29UQ2JKR1A5cXZ2QUExNnYyUHJISlRubHRuTUtrSEVpVHQwTk5hYjQzbmtUb3pNTzJYWG1QdVhXY2doZWMwd0VpTERQT3VIeEJn?oc=5,"These are the best college campuses in MS for 2026, Niche says. Did any Coast schools make list?    Sun Herald",True,시장,market_data,중립,Student Housing,낮음,대학 캠퍼스 순위 기사로 학생주택 시장 수요와 무관한 교육 순위 정보일 뿐 부동산 투자 관점의 시장 데이터가 아님,False,
16b2a4a95e88,2026-06-09 08:51:57,2026-05-21 07:00:00,Student Housing — Massachusetts Institute of Technology (MA),"Police investigating intruder reported at Harvard, MIT dorms - ABC News - Breaking News, Latest News and Videos",https://news.google.com/rss/articles/CBMinwFBVV95cUxPaXNsdHhSc19uSWR6a1NHWXVIVE53bi1xanM4OHpZTE9KRXVPWnRCR2lyRkE3T0xFNmNieExOQWdfZG5QbG4yckE4cFRhVzU2S3BZVF9mZE5CWE9JT0QtaTEtOWVFSXZjRnBEMEZvQnEwYUFBb0k4ZmdLMUlWY3dJM2lJUkdkdENLNEIzdFlZcmFwQlM1dnVjbHNvc1J1NWvSAaQBQVVfeXFMTzJQT2UwWkk4SUJ3amFTcDlLaU5KRS1NOWp4dTdGUEw1cFJNVVp1N2VuUFpJN2hocm84RlZYV3dJY0FiSUhLaFA0WGYyd0dOYnhkNnVWZElaWjFvTnV0dEs5R0RudjY0MHhhUHI2aHQzVHc4dG9sNzBuUjVWbzBUUFA0VFBud0FwZzEzVTJhY1hZYWFnYlU4blZVNjc3cmduUGRSX1g?oc=5,"Police investigating intruder reported at Harvard, MIT dorms    ABC News - Breaking News, Latest News and Videos",True,시장,,중립,Student Housing,낮음,"경찰 수사 관련 보안 사건으로 부동산 개발, 거래, 시장 데이터와 무관한 일반 뉴스임",False,
a1e00a018809,2026-06-09 08:52:29,2026-05-27 07:00:00,Student Housing — University of California - Davis (CA),UC Davis opens $66.4 million Center for Agricultural Innovation - Sacramento Bee,https://news.google.com/rss/articles/CBMiiwFBVV95cUxOSXBwZ2FMc0wwaTJRcXc1amw0emh1M1ZfQUpOcnF2U3FmdDZScjdsZVZYZHRsOTU1a3p2Wnd4U1FJTmJuSXpTMmFvbUlzTUUwWWdPajkybTU3RzBuUHMxb1gyMll3ajFfdkNXelFUelJUaHNpM210ckFVa0Zzb2RERkcwZklsaXdRZUVz0gGLAUFVX3lxTE1ZV3NsRXhaWHpxUTlwSWc0RGs4VHRPSGoxcmE0RXlnSFFrMGFnU28zUHZGYWVhTUEwLS1jWnJmMzBKTlIwWUFqaEU1aXhIbi15UktHYUZJMmZMd3VHNHZ0a0RybHBZdmpMaGhycFczRjFjdzdZQ1FkTGlGb3d3VVVVRkNBa0dVNjR3dms?oc=5,UC Davis opens $66.4 million Center for Agricultural Innovation    Sacramento Bee,True,시장,,중립,Multifamily,낮음,UC Davis의 농업혁신센터 개설은 대학 시설 뉴스이며 주거 부동산 시장이나 개발과 무관한 교육기관 뉴스로 분류됨.,False,
3b4be7da6d42,2026-06-09 08:52:36,2026-05-24 06:47:17,Student Housing — University of New Mexico (NM),"Suspect at large after shooting on University of New Mexico campus leaves 1 dead, 1 injured - MSN",https://news.google.com/rss/articles/CBMi7AJBVV95cUxNcDRLcHN5Skp3ck12QjVNRDNHcFU5RUtoRHNycVFEQWVnSmwwNHBMbFphOHVxcFg5RVBhMzNIN2tiQm1SQ3R4T1I3dmRQMks1Zk0zZnNnZ0JXWWczMEYxYm1hYU1RUkF1eU4tODFBQzFwSi12amlCdlVPY3RCa2MxQWl6QWF4dG5PNWxMTlVLd3FLb3E4T2VDanhTWFd3ZW93VVNwMktNd1p2cWNuMWpDejFiWjc4YW9mc2Z1QU9JaWxJbmU3UVVKYUo5bWFleHpXTExrcUFlRVJ3VjNQbTVlWWFPVGF6NG95eHRrRjBKNlVMaWZxZTJORno1MTJVejdNb0c3amNGZ3laS1lSMVo3NFpCbkxTUUVrUU8xM0oxVF9UVGx3ckIxcThjQVpkRW0yV2JBc0tRMkF1UjBkc2tDVDl6Q2RxVW9iSlJycmpleEJRVmxHWTF5QkRSOTA3Rmx1bXNGMU9wRzE2enMz?oc=5,"Suspect at large after shooting on University of New Mexico campus leaves 1 dead, 1 injured    MSN",True,시장,,약세,Student Housing,낮음,"캠퍼스 내 사건 보도로 학생주택 수요에 부정적 신호를 줄 수 있으나, 실질적인 시장 데이터나 개발 정보가 없어 낮은 관련성입니다.",False,
47598fd1dee8,2026-06-09 08:52:50,2026-05-25 07:00:00,Student Housing — San Jose State University (CA),'Kill all Jews': Suspect arrested after months long graffiti spree at San José State University - The Jerusalem Post,https://news.google.com/rss/articles/CBMiakFVX3lxTE5SSXQzelNrNVlsTE85aWxHWlFxU1hub1J6cHJoOUlneFFtREdFUFYwOUtBM3kzYV83TjVnS2lTTDlfRmpULVlMcWhrNlRzOVNVVHMwMi1jNjlFV2FmbXFwSWxLMVh5UElmbUE?oc=5,'Kill all Jews': Suspect arrested after months long graffiti spree at San José State University    The Jerusalem Post,True,시장,,중립,Student Housing,낮음,반유대주의 낙서 사건으로 부동산 개발이나 시장 데이터와 무관한 범죄 뉴스이므로 주택 시장 관련성이 매우 낮습니다.,False,
0e934d31ec09,2026-06-09 08:53:03,2026-05-25 07:00:00,Student Housing — University of South Florida (FL),Budget conference: House and Senate strike land deal on USF transfer to New College - Florida Politics,https://news.google.com/rss/articles/CBMixgFBVV95cUxNSHRnQmI2UmtraEJteFRPeW4xRmVPYlZ5SEZob3ExVU03MEpIdWVXWHR0dmx1ZTE0aHJILURHUjJDQVA0Z0lzaTJmaThkdlh1WGJfcG5oN1VrTTZsSG9fVXYzdVJ0VUMxQnBuNHlGYjNiRUJvZnZ6Nmh2bWJCY1B1a1NySEpxaW9ackV4WnlVT3EwdG9WR2xFLWF3eEtFVklVdWViRWVYMEVqZ0dodFU3czJ6aWltcm9UWWN2WEdacVBYeTVpLWc?oc=5,Budget conference: House and Senate strike land deal on USF transfer to New College    Florida Politics,True,시장,policy,중립,Student Housing,보통,"USF와 New College 간의 부동산 이전 합의는 정책·규제 영역으로 분류되며, 플로리다 고등교육 재편이 학생주택 공급에 미칠 장기적 영향은 불확실함.",False,
507a6a04edb5,2026-06-09 08:53:24,2026-05-20 07:00:00,Student Housing — Washington State University (WA),"Ares, Scion Launch JV With $910M Deal For Student Housing Portfolio - Bisnow",https://news.google.com/rss/articles/CBMivgFBVV95cUxOaDFsbXFLUE5JdXYyYzQ2LUFmY1hOcWk1R0VuQk9IWEhIa3M2dUFEWkhvMEpMNlJkakpQVVUtTjRzYXFlNm1sdVdJSkFGRlV6bXU4b1FpSmNfbnlsWGs2RV93aXZOWjRxbWtybnNfSmx3LVpRZUcwUDM1M21rVVRpSDlzU0VMTVhEX3plZ1Z6Z2hyQ2VKeTVqT0Q1OEllTDZHV3o1d0xJS1lkclRxdlNSSHB3cmluajlCZkx2VGdR?oc=5,"Ares, Scion Launch JV With $910M Deal For Student Housing Portfolio    Bisnow",True,GP·자본흐름,"JV,transaction,acquisition",강세,Student Housing,높음,"Ares와 Scion의 $910M 규모 학생주택 포트폴리오 JV 거래로, 중견 규모 이상의 Student Housing 플랫폼 M&A 및 JV 구조에 해당하여 높은 관련성을 보임",False,
976d8aa79578,2026-06-09 21:04:16,2026-05-18 08:38:01,Yardi Matrix Blog,U.S. Industrial Market Outlook – April 2026,https://www.yardimatrix.com/blog/u-s-industrial-market-outlook-april-2026/,"The U.S. industrial market continues to normalize, with steady rent gains, a stable new-lease premium and active development pipelines, the latest Yardi Matrix report shows. Report Highlights Leasing conditions stabilize as rent spread holds Industrial rent growth continued at a measured pace in March, with year-over-year gains of 5.4 percent at the national level. Among […] 
 The post  U.S. Indus",True,시장,market_data,중립,Mixed-use,낮음,"미국 산업용 부동산(industrial) 시장의 임차료 및 개발 파이프라인 데이터를 다루고 있으며, 주거 부동산과 무관한 내용이므로 낮은 관련성을 가집니다.",False,
e961335aae10,2026-06-10 11:09:57,2026-05-21 07:00:00,Student Housing — University of Missouri (MO),"Scion, Ares JV Acquires Student Housing Portfolio for $910M - Multifamily Housing News",https://news.google.com/rss/articles/CBMilgFBVV95cUxQZVVJZll4OU9QM2wzcWJIeXozSzR1VWhXWnJBZlgySDZPQjlEaXR6MEhXOUVPYmJWbDlkRFBQR0ViSkU4WmNFY2s3Tkx5SW9MVzM4UFViMWJmVjZTdVVkaFJZOXg4aURFOFJabU02SmJzeXBsSGtwdnZvR3ZXeTAyRWd2Um4zYkNBc1FBaUhPUmc0cFZveEE?oc=5,"Scion, Ares JV Acquires Student Housing Portfolio for $910M    Multifamily Housing News",True,GP·자본흐름,"acquisition,transaction",강세,Student Housing,높음,대형 기관 자본(Ares)의 Student Housing 플랫폼 인수로 $910M 규모의 포트폴리오 거래는 주요 자본흐름 신호이며 Woomi의 경쟁 환경 모니터링 대상입니다.,False,
e2227533c6d5,2026-06-10 11:09:57,2026-05-07 07:00:00,Student Housing — University of Missouri (MO),S&T student elected to Rolla City Council - Missouri ST,https://news.google.com/rss/articles/CBMiekFVX3lxTE9EbzQ1djFDQWRZUHBlQm56ZVBDZkxmcTZ2X3pxZElJN2pZR1JLcmNWLU9hRWJ6c0FidmVyTl9XY08xX2JwMFhIai1GUjNFeVpQcmJIbGFIQnFUZFNobzZfTkpCbmVlMHVLR25odEN6bWZVYjVhZTduZUh3?oc=5,S&T student elected to Rolla City Council    Missouri S&T,True,시장,,중립,Student Housing,낮음,"학생회의원 당선 소식은 학생 주택 시장과 무관한 지역 정치 뉴스로, 개발·거래·시장 데이터 어느 것도 포함하지 않음.",False,
ef313f2d544a,2026-06-10 11:10:18,2026-05-04 07:00:00,Student Housing — Texas A&M University (TX),New 24-story student housing tower planned near Texas A&M campus in College Station - KXXV,https://news.google.com/rss/articles/CBMi2AFBVV95cUxQSE05T3ZncHpCUnItZUFSNzEwODdsdGc4X24xOWw4N3FYUHhTX28ydV9HTUo5RzFnUVA0cl9fS2pYczhYeHhfQXFBQ2R1Q0ZOcThjU01PaEltWndfU0wtSGd6bW9sVXJWcWdVaHU5MlRzNlpEdS1wSTZIT2c1U3N4Nko3WFFRYzlTU3dFRjJNMkJTUWdwcHBUaFFzUHNoY0V2ejBlZFRtelB2LXUxWlNMNzNVcWhJV0N6RjY2S2RzejgyVGdsWnZNQ2xUSnVmWHAxa0tERkNjMlk?oc=5,New 24-story student housing tower planned near Texas A&M campus in College Station    KXXV,True,개발,"construction_start,permit",중립,Student Housing,보통,"24층 학생주택 프로젝트는 규모가 미정이고 주요 운영사 언급이 없으며, 500베드 이상 또는 Core Spaces/Landmark/Greystar 관여 여부가 명확하지 않아 보통 수준으로 평가됨.",False,
58e4704d3f66,2026-06-10 11:10:21,2026-05-01 07:00:00,Student Housing — University of Texas at Austin (TX),Student-led initiatives highlight housing concerns in West Campus - The Daily Texan,https://news.google.com/rss/articles/CBMipgFBVV95cUxNbnA5U1ktMExPeDFJMENVak9XcEI2Z3BONXdMTDhSbjYySkk4WFpBUDB6cWs5a0hVdVVwT0JuUFJSckNIUjBiUnkwX0VUM2JBb3YzREREU0hxamZqeGpubmhIRFZCS3ZrZDU4RnFMX3A1SGZKNHNSU3pvUWtUdHdETzdYdnItWDBsSGtmQWZiQ19FeWRCR2M1LUNVQlNPQnBiTFBUb3JR?oc=5,Student-led initiatives highlight housing concerns in West Campus    The Daily Texan,True,시장,market_data,중립,Student Housing,낮음,"단일 캠퍼스의 학생 주도 주택 관심 이슈로, 국가 수준의 시장 데이터나 대규모 플랫폼 거래가 아닌 지역적 규모의 내용으로 Woomi의 전략적 관련성이 낮음.",False,
f9eda35ad184,2026-06-10 11:10:38,2026-05-04 07:00:00,Student Housing — University of Delaware (DE),2026 UDon’t Need It - University of Delaware,https://news.google.com/rss/articles/CBMilgFBVV95cUxOZXlVUG55RGtNN1NoRUxRRzZRYkFpNXMyVzlYbVV6NW4wdkFGZmZZcVRSeWgtejVfeWpTMml5SmtpNk50dm1Yb19oejlxSlJ4bEpnODE3WFBSa3N2X0VCeU5nQTVNTFQ2cXN6QVJJSl80dnQzVTBtT01UQWx0ajBWclVoOWp3YzNEUDJNZGhmNzRXOXZQSGc?oc=5,2026 UDon’t Need It    University of Delaware,True,시장,,중립,Student Housing,낮음,"개별 캠퍼스의 학생 주택 수요 또는 점유율 관련 단순 뉴스로, 전국적 학생 주택 시장 데이터나 주요 플랫폼 관련 내용이 아니어서 낮은 관련성.",False,
3d66ee39feae,2026-06-10 11:10:51,2026-05-07 07:00:00,Student Housing — University of Massachusetts (MA),UMass Team Will Develop Plan to Modernize Campus Housing - Amherst Indy,https://news.google.com/rss/articles/CBMinAFBVV95cUxOc0F5eHJ3TUdhbDJyRElmNURFTUV0YmtNczVab1k5SEpXVTFtWkJaTkg4U2Q1YUNJekpNZ09YMkI0eFpyUWlaTzdTMmhnbHZzRGQtWExEa3BlanAweFk4cVl1elJMdUV4ZXJOWWpOZ1NGUzFVOWIxUjdqWU5TcUJNMWo0NUhtYThnakVFZkpSWkdjQ0c1Ui1jcFl6S0E?oc=5,UMass Team Will Develop Plan to Modernize Campus Housing    Amherst Indy,True,개발,permit,중립,Student Housing,낮음,"단일 대학 캠퍼스의 주택 현대화 계획 수립 단계로, 구체적인 규모(500+침대), 예산, 또는 주요 플랫폼 개발사 관여 정보가 없는 초기 단계 계획 공지이므로 관심도가 낮습니다.",False,
0e66a417d421,2026-06-10 11:10:59,2026-05-02 07:00:00,Student Housing — Minnesota State University - Mankato (MN),Neighbors skeptical of Campus Cottages development - Mankato Free Press,https://news.google.com/rss/articles/CBMi4wFBVV95cUxQY2dnR3BnZWxaWkZWaWpVMVVLalJoZlpmMEFqenluOHRCMGQ4UzltQXEtek1HbWxoYmZvWXdqT05qUmV5OElaMEZSNFlxd3gwcUJsZVAtSjNqdGZBVEZkN1R2VjFoSEhESm9jN3dLWE9OX2RqN2ZhUjMyQ3ZjR0ctSzdLQ0p5N1V2cDM4Q0IyczU3YjVmT3ZDQllQa2tVR2EtVzBHQmxhWUU5Z2JtZUc5d0dMdnFRM1ZNOXJja2hGNXluRnB3bFVrSjl0eXBBbXlLcGRVa3AtT0FCUlpZdGpFRklObw?oc=5,Neighbors skeptical of Campus Cottages development    Mankato Free Press,True,개발,"permit,land_acquisition",중립,Student Housing,낮음,"단일 캠퍼스 소규모 학생주택 개발로 Core Spaces/Landmark/Greystar 등 주요 플랫폼 운영사 미포함, 500베드 이상 규모 미확인, 지역 이웃 민원 수준의 낮은 거래 규모로 판단됨.",False,
5258fe2f3fa7,2026-06-10 11:11:01,2026-05-01 07:00:00,Student Housing — University of North Carolina - Wilmington (NC),First-Gen Force - WILMA magazine,https://news.google.com/rss/articles/CBMiU0FVX3lxTE1UTHYxYWlPZFc5ckl4NEYxVU9uTWhaaE1PdUhFaXQ5Y3NLUDBVMGd3aklZMUlUeFJWdjF4ZnpuOWUtYXpSRVU3UEc3OHVHblRPQ2Z3?oc=5,First-Gen Force    WILMA magazine,True,시장,market_data,중립,Student Housing,낮음,"이 기사는 노스캐롤라이나 윌밍턴 대학의 학생 잡지 콘텐츠로, 특정 캠퍼스의 개별 학생 이야기이며 대규모 플랫폼이나 시장 데이터를 포함하지 않아 관련성이 낮음.",False,
bcd4c7ff9bb8,2026-06-10 11:11:02,2026-05-01 07:00:00,Student Housing — University of Miami (FL),Development site near University of Miami acquired for $29 million - The Business Journals,https://news.google.com/rss/articles/CBMiogFBVV95cUxPUE1fTWhIWnBOMnE0dkU0SGFMRUpIT2xNZkJPUmJ6LWViMEZKRXlOTjYxUzlxeWFnc2ZQcU9oa1pKbktzUkJFbXpHZWV5eUcxckpRcHBJckZmY21WaldZeHdLSkVGMVNHM2FsMlFaVnNGSE9rRHZ3V05Na1d0N0E3d1o2WlZ3bjczcjZ0QmpDYWVfOTJ4Q1ZGUlBVMXBQQzlSQVE?oc=5,Development site near University of Miami acquired for $29 million    The Business Journals,True,개발,land_acquisition,중립,Student Housing,낮음,"Student Housing land acquisition under $50M without involvement of major platform operators (Core Spaces, Landmark, Greystar) does not meet the high relevance threshold; classified as routine development-stage activity.",False,
05cc75abb52f,2026-06-10 11:11:04,2026-05-05 07:00:00,Student Housing — East Tennessee State University (TN),"MMG Real Estate Advisors, KeyBank partner to close sale of University Edge - Johnson City Press",https://news.google.com/rss/articles/CBMitgFBVV95cUxONG1weHNZNmtYOXpJR2R4bmhCWHljaW0zV2Myd1VqLWNVMVhwdVROb0VEcUdfRmd6Vi1Lci1yOFczZzlFQkJfWHpINlM2SWQtR3Rsa1lNc0pNMm9hSjEzRTFEdzBCS3BvOEtVXzh6eUNTODl6NURQYU9STFNUQ3Ayd2dZNTc4bmFwTUtYbmk4Yi1FcXZZdWJPeDBlSmZmSUhRQmdObG9fa0ZFdGxUa2IxNzBDX2tkZw?oc=5,"MMG Real Estate Advisors, KeyBank partner to close sale of University Edge    Johnson City Press",True,GP·자본흐름,"transaction,financing",중립,Student Housing,낮음,"Student Housing 자산 거래이나 거래규모, 운영사 정보, 투자규모가 명확하지 않아 $50M 이상 대형 플랫폼 딜로 보기 어렵고, Core Spaces/Landmark/Greystar 등 메이저 플랫폼 운영사 미포함으로 우미에 직접적 관련성이 낮음.",False,
5b31920add6b,2026-06-10 11:11:09,2026-05-05 07:00:00,Student Housing — North Carolina State University (NC),NC State student reports sexual assault on campus - Raleigh News & Observer,https://news.google.com/rss/articles/CBMidkFVX3lxTE13SGs2ZkJRUkI3M0xwckFZWFotUTlfRGNDd2VubUcxWklJV1NUMDlHbV9KOG5jSVJEd3N1dlBzVVhnX1BFSXc1TER4VGthY0tvUXNIc3IxVW4tY2FLTjBVbmJnYWMwZUtFRDBVN01KczhuY3VZMEHSAXZBVV95cUxOTW9TaXB5QnJhdXo5czhQckt0YmFkb3FvSGtoY3ctcnVueGhXQjhLcVdsdFVOaUhBMkxpYnIyNXQ3bjI4OVlaQkVhWTlqamVQRzMyb0x2WXJFeEZQUC16ZmpHcWtsTlFrUktzOFlWS3VTSU5CanlB?oc=5,NC State student reports sexual assault on campus    Raleigh News & Observer,True,시장,,중립,Student Housing,낮음,"캠퍼스 범죄 사건 보도로, 학생주택 시장 수급·임차인 수요·개발 동향과 무관한 지역 사건 뉴스입니다.",False,
6d919bbb486b,2026-06-10 11:11:11,2026-05-07 19:27:45,Student Housing — University at Buffalo - State University of New York (NY),Public and Land-Grant Universities Celebrating America’s 250th - APLU,https://news.google.com/rss/articles/CBMiVEFVX3lxTE54VnZ4SEtYTDVDV0otU3NCUnpzOHZWdmNBQkdTd0hRRVZIcW1IQlBuRC11aFRFNS1uVFJzLTRwN3U4T1R1RkloUHRsWDhfUTc4OGxMZw?oc=5,Public and Land-Grant Universities Celebrating America’s 250th    APLU,True,시장,,중립,Student Housing,낮음,"이 기사는 미국 공립대학 협회의 건국 250주년 기념행사로, 학생주택 시장에 대한 구체적 시장데이터, 거래, 개발 정보를 포함하지 않는 일반적 기념행사 보도입니다.",False,
723635cf9dfd,2026-06-10 11:11:18,2026-05-06 07:00:00,Student Housing — Texas State University (TX),Texas State University Project Lands $116M for Construction - Multifamily Housing News,https://news.google.com/rss/articles/CBMilwFBVV95cUxQRHFfSmVqdFQ5SDlqX2xSajlIYjFiUkFVZ3JyUE5hOExkOURIcFJDN0ZjR2ppZFVORm5HeDl4VkFtSjZBNTRzSmRERUJpSFRLNHhvc085UUVVR2EzeUdLZ2xDQUhIT3lmeFpITkZ5dS05blpURjJHUXExWkhRSGllWXQxSVJjQ3dXc1hOS0NLR0RkVjRsY2Vz?oc=5,Texas State University Project Lands $116M for Construction    Multifamily Housing News,True,GP·자본흐름,financing,중립,Student Housing,높음,"Student Housing 프로젝트의 $116M 대규모 자금조달 발표로, Student Housing $50M 이상 거래 기준을 충족하며 개발 자금 조성의 GP·자본흐름 신호를 제공합니다.",False,
f4772011e3cd,2026-06-10 11:11:23,2026-05-06 07:00:00,Student Housing — Illinois State University (IL),Housing Services awards student employee scholarship to Madie McMahill - Illinois State University News,https://news.google.com/rss/articles/CBMirwFBVV95cUxPVkEyVW00WjRPQ2ZTTDV3N1Zmd3pzd0pfRlZDMGhfNkVhVFg0R0J6ajE2OVQ0M2NwWklJY0ZWd0VWWW1maHl2dlJsam1fOTBmNENsZXpUd2YtNHBfd0tfU0FoZU9Vazl5YzRFT0lzb1RDeWNQelpFazFCZXg2YkFHMG9iVF9oWk9TMXhuWWF4UGhnWENVeXdYMmZIQ1dFdGRuUW9SdGJwbkc0SW03X05V?oc=5,Housing Services awards student employee scholarship to Madie McMahill    Illinois State University News,True,시장,rent_occupancy,중립,Student Housing,낮음,"개별 캠퍼스의 학생 직원 장학금 시상 기사로, 주택 시장 데이터나 거래 정보가 아니며 Woomi의 전략적 관심사와 무관한 지엽적 소식입니다.",False,
926c0c4c7918,2026-06-10 11:11:28,2026-05-05 07:00:00,Student Housing — University of Nevada - Las Vegas (NV),"The 30 best college towns across the US, ranked - Business Insider",https://news.google.com/rss/articles/CBMibEFVX3lxTE5sNTVjc2h4eDZmX3Zpdm41T0RUc3ZhRXo3bDVqdzBQNHBvWmN1S2RQWWZjeWhabURwRlhVSW85N0RWcWsxNm1UX1B2Njhkb0htMFBXZ2t3cEw1TjAxMGZxbmxWaVVBUW9jb2JPeA?oc=5,"The 30 best college towns across the US, ranked    Business Insider",True,시장,market_data,중립,Student Housing,낮음,"일반적인 대학 도시 순위 기사로, 구체적인 학생주택 시장 데이터, 점유율, 임대료 동향, 또는 프로젝트 개발 정보가 없는 단순 리스트 기사입니다.",False,
04661c91fa6e,2026-06-10 11:11:30,2026-05-28 07:00:00,Student Housing — University of Texas at San Antonio (TX),UT San Antonio leads national effort to arm law enforcement with ‘smart’ forensic skills - UT San Antonio Today,https://news.google.com/rss/articles/CBMiuAFBVV95cUxQUDcyOFUweTA0a1p5eFI0dHIzYzVsbnNQakFNc2NCa1cwTUMtQ2EwejJkWmJRZXJMM0I4WEdKNFNSTVhjUlQ2ZmhZMmloVW4zaGs0UnZYRGF3dmxKU1JLUk93NUVtYXNBTHBTY1E0OVpBbFRZOWRhdFZWTl9NbS1KSzRwaF83WlhHZ3FfSHRkbmxubXZpOF9iek1ZN25QMFVLZk9JcFlaUThOb3d2dnlMbDNBYU85RktW?oc=5,UT San Antonio leads national effort to arm law enforcement with ‘smart’ forensic skills    UT San Antonio Today,True,시장,,중립,Student Housing,낮음,"기사는 UT San Antonio의 법집행 교육 프로그램에 관한 것으로 학생주택 개발, 시장 데이터, 또는 자본흐름과 무관한 대학 운영 뉴스입니다.",False,
360035a459ce,2026-06-10 11:11:33,2026-05-07 07:00:00,Student Housing — Coastal Carolina University (SC),Conway planning commission defers decision on 199-unit student housing complex - WMBF,https://news.google.com/rss/articles/CBMisgFBVV95cUxQa0VCXzdMblhka3VMTmhUT3hNLThHQ1Vyb3NNWXlyaFliRllsMUN3cnlXM0ZFN19BY0VfYlBZZlE5SGdaLVUyb2xXT1cwSDFtT0lQUFFoanFvSzMzSVMtNTl1MEo4eGt0SG1CcUxRUnh5OU5UdUt5VFhPUkY4X3puRHl5bGtvd1d2R25RVXRMYWdBOXZuNWpCbkRvakpZVlBvczVLbjVWdVZXTTZkVjdsWXJR0gHGAUFVX3lxTFB6SE8wVWI1aTBsWWJaX2xaTGRXVVBzcm1sQ1h0ZlptSmFfUzFRb09JQ0FsV194Y3dQTzg1SHBnMWZpd0I4SFN0WkpFNmhDYlNEZE9HOXFHdWNwek5OR1E4STZuTG9FOGNtckV4YU0weDNJaEIzVl83N2VxbktsdVNhbGY0VHhGWDAtRUt0VG9jalNMQUxRVERKWGEzU3p6MHQ2OWN5TExMcGJJb3piSEpUaTd1M0h0a0xGenNRajdHazhadmV6dw?oc=5,Conway planning commission defers decision on 199-unit student housing complex    WMBF,True,개발,permit,중립,Student Housing,낮음,"199-unit student housing project below 500-bed threshold with only a deferred planning commission decision (no groundbreaking or confirmed approval), and no involvement of major platform operators, making this a local permitting update of limited relevance.",False,
9102836fddac,2026-06-10 11:11:37,2026-05-04 07:00:00,Student Housing — Colorado State University (CO),Staying at CSU for the summer? Here are 8 ways to make the most of it - Colorado State University,https://news.google.com/rss/articles/CBMinwFBVV95cUxPSmtROWMzczRuZnBsdHVDUFEzeDBFZWJ0MDItVFJvRFUzTndRZ1BvTVlUQmlGZ3dTWDZvd29qaERUdE9aaWdGSkRvaWphdnU3YWpvTkEwLXhZY3NweE9hcXFJb01HZlJXTm9yYVpGNUFsdXIwaE56ZUYzNWpvTWFGY0wwNVkzX01QUVRaTFQxaUxoWGozNVhDVjRrbzlVNGM?oc=5,Staying at CSU for the summer? Here are 8 ways to make the most of it    Colorado State University,True,시장,rent_occupancy,중립,Student Housing,낮음,"단일 캠퍼스의 여름 거주 관련 일반 안내 기사로, 전국 규모의 Student Housing 시장 데이터나 주요 개발 프로젝트와 무관한 개별 캠퍼스 정보에 해당합니다.",False,
beeeff3d2bd5,2026-06-10 11:11:42,2026-05-01 07:00:00,Student Housing — Drexel University (PA),Exciting News: Graduate Housing Now Available At Van Rensselaer Hall! - Drexel,https://news.google.com/rss/articles/CBMirwFBVV95cUxNR1I3V2ZVdlotY2lYNEN1WUp5SFhZZVlMM1NOdXpUbG5lOHo2NjMzaExnMFg5TzBoRkVpa0NuVk1zbmtORkpMdGlsdFRhYlZqdEdDaGg4d0pfNGwweUpLSHM1Zkh2NlR3XzAtSVFLZnhDWE1DWUZNMEpUM2FqMWFuM3pxSkg0eThrN09tSVZGNjRSd1ZYNzJsUXhzcjAxd053T0s5SGVvMzZLTFdWc29F?oc=5,Exciting News: Graduate Housing Now Available At Van Rensselaer Hall!    Drexel,True,개발,delivery,중립,Student Housing,낮음,"단일 캠퍼스 대학원 기숙사 완공 소식으로, 규모 및 개발사 정보 부재 시 주요 플랫폼(Core Spaces, Landmark, Greystar)과의 연계가 없어 관련성이 낮음.",False,
14336344da4f,2026-06-10 11:11:44,2026-05-07 07:00:00,Student Housing — University of New Hampshire (NH),"UNH's The Edge to bring 500 housing units, $34M NOAA center, hotel - Seacoastonline.com",https://news.google.com/rss/articles/CBMiyAFBVV95cUxNakxxendLRkJvVEFQa2ZQMTk3cDh5WENQdXUxQms5WW1tbFZIMGNwMHdFOHdIeDNBbHVZMjlfZWRqZzRaeDBMLTBPQ2lreHpUS2Rpc2gwTG5XYWxlSzNhMGlXd2Z5RlNnVFE2bVQyVmF0Zl9XMHBQQnNTNUt5YkZjNlpVSFYtWk9ld18xM0pOUkJMdHo2T0hHd3llMHBNaXpyMHpDWWFVaGpsaFlCb2dnRldyQWJVTFI4M2NnbzFvMHlFSXl5VkJvRQ?oc=5,"UNH's The Edge to bring 500 housing units, $34M NOAA center, hotel    Seacoastonline.com",True,개발,"construction_start,permit",중립,Student Housing,높음,"500+ bed Student Housing project at University of New Hampshire meets the $50M+ development threshold and 500-bed minimum for high relevance in the Student Housing sector, signaling a major campus housing expansion.",False,
dd6e2d8bab88,2026-06-10 11:11:47,2026-05-01 07:00:00,Student Housing — Temple University (PA),Market Volatility and Housing Instability: How Student Housing Demand Is Reshaping North Philadelphia - NCRC,https://news.google.com/rss/articles/CBMiugFBVV95cUxPQVBlVUxoRjdydVc4MTlEMzh3YklpbjNTUlBLejJwcF9CTUtWbWc5S05wS2JVczBaRk5ZaTREWkxTMmpkQmFiT0tRdktTald1NUhMNHBLN2V5b3ZMYmR0UTZWR3VXY1pkMnpzdFBEa0MwU2k2eS1tLUxmNU11bjdkUzNwUTlHQ25ONHRFMjlRaHZvQXZqeFM0bVV6bXJTTXZMWFpwQUJRaEVmT29XWTgzTnNaUXNMVE9yS3c?oc=5,Market Volatility and Housing Instability: How Student Housing Demand Is Reshaping North Philadelphia    NCRC,True,시장,market_data,중립,Student Housing,낮음,"단일 캠퍼스(Temple University) 기반의 지역적 학생주택 수요 및 시장 변화 분석으로, 전국 규모 데이터나 주요 플랫폼 관련 정보가 아니므로 낮은 관련성",False,
d96984f595af,2026-06-10 11:11:48,2026-05-01 07:00:00,Student Housing — University of South Florida (FL),Petition calls for transparency in housing practices after USF students' slayings - WUSF,https://news.google.com/rss/articles/CBMiqwFBVV95cUxOa2Q2V1VJY0xZTjYxNFNnbGw2aU5uU1NIZy1KWFZwNy1DRDJrNUVoWjVsVmpiZ2M2LTVUMGdhQmRmaE1mMzBXQkxUbVJLcHV6a0dlNEE5UFZYTTRqUzZFVjltZTdYUHpCS01TLWlUcjJCOUJWZ1lzMTltSVpPazZSY2xwMXZ0SkRxbml6MGRFbzBMNVdScFJHUUFDU0NFZWc2NFFaSVlCWEVEV00?oc=5,Petition calls for transparency in housing practices after USF students' slayings    WUSF,True,시장,policy,중립,Student Housing,낮음,"단일 캠퍼스의 학생주택 투명성 정책 청원으로, 국가적 시장 신호나 주요 거래 정보가 없어 관련성이 낮음.",False,
b17a5c37d646,2026-06-10 11:12:01,2026-05-08 07:00:00,Student Housing — Tarleton State University (TX),Tarleton State unveils 17-building expansion; first upgrade to deliver 2028 - The Business Journals,https://news.google.com/rss/articles/CBMipAFBVV95cUxQMmtDSzJWeXZ2VVZNeklCQy1LS2lxNU9vR2ktcTdudTZGdFFrclJSSTRKMGdBWHB6WUk2TGFfN0g5dmJvbTdxeC1QcC04d1FRdzFRSFc2VTExSUpjRmUzVEZNaTBKcmZVVmpmenFkT2hkaFotNkxGOUh5ZUxPbHFSVTdOWGxhQnhvbVBYNTBsdHZXTXZBck9BT1VYM1BfdFVYTnB3eQ?oc=5,Tarleton State unveils 17-building expansion; first upgrade to deliver 2028    The Business Journals,True,개발,construction_start,중립,Student Housing,낮음,"단일 캠퍼스의 학생주택 확장 프로젝트이며, 규모나 운영사 정보가 명확하지 않아 대규모 플랫폼 딜로 보기 어려움.",False,
5876f7573886,2026-06-10 11:12:05,2026-05-07 07:00:00,Student Housing — Georgia Institute of Technology (GA),The Big Idea: From the Olympics to the World Cup: Summer Campus Housing - U.S. News & World Report,https://news.google.com/rss/articles/CBMirwFBVV95cUxPam0tczJUcVAtcWdkRmJCVHY5THVVR1J2TjItR3ZnM1Fna3piQmFiS3V1cWU1d2lOSkluTzd3bFNoell1UEh4Z2hVNm1FU3E5a1JfLVlfOGhHSDdLTDNEN2V3OEx6QVdYX3dNNUMyc3dRbW53M2FrX1Y4NWwwYThKRWo3MXpFbGoxM3pLVi1oT1F6MXB4ejlvZnJmSV85VjBBUEFubnM1RWphN0xheVVB?oc=5,The Big Idea: From the Olympics to the World Cup: Summer Campus Housing    U.S. News & World Report,True,시장,rent_occupancy,중립,Student Housing,낮음,"단일 캠퍼스(Georgia Tech)의 하계 기숙사 운영 사례에 관한 기사로, 전국 규모의 학생주택 시장 데이터나 플랫폼 거래가 아닌 개별 캠퍼스 수준의 점유/임차 소식에 해당합니다.",False,
ee00c7df8d88,2026-06-10 11:12:12,2026-05-08 07:00:00,Student Housing — University of Southern Mississippi (MS),What is the best college campus in Mississippi? Here are the Top 5 - The Clarion-Ledger,https://news.google.com/rss/articles/CBMi1gFBVV95cUxOVzU3ZkZWWkQwWGhDdkk4ZGJRMnNFZ0k1bUF6NHZyNk1FTEhvMGNOLTFocWs0Z25XSUlqWk5UQ2dERy0wY2o5ZUlxOGJESkhROTVyOGRTaDF5NjJ4NTNETmFsMURZcmR5Q3NNaW9TS3FYZ3Q1bmwtUFAwVTZqeld1MmVIZFRLSmlocWMwLTdxWDhhZFYxM1BQUjdidGktN3RXdzZTdC01UW1HUUViamd6aXlmcExjVnZTWWpRNGpLa2JyR0M1MmhPZVhieFpKRi0xTm1odWFn?oc=5,What is the best college campus in Mississippi? Here are the Top 5    The Clarion-Ledger,True,시장,,중립,Student Housing,낮음,"대학 캠퍼스 순위를 다루는 일반 기사로 구체적인 학생주택 시장 데이터, 공급 추세, 또는 개발 사업 정보 없음.",False,
cf11202a2b4e,2026-06-10 11:12:14,2026-05-06 07:00:00,Student Housing — Georgia State University (GA),Perimeter College Graduate Driven to Engineer Housing Solutions - Georgia State University News,https://news.google.com/rss/articles/CBMilwFBVV95cUxQRGI3aHVmaVdWTldiTk85Q2I1Q2R2eFhBSkQxMXlmUWlJbGdXZXZYZU5VU3NLV0NTVVBIdDI1OEk2eGRxdEhQLUpYOXF2Q1JVNmtqanRvR1Fjc2REaVBSWURsTDZSZ0h0dVE1TDFnR1ZXVE84OVJDcy1yRXlSb3VhZFpOSGhuZWVyXzRCWkE0MHZtQW01Z2Rj?oc=5,Perimeter College Graduate Driven to Engineer Housing Solutions    Georgia State University News,True,시장,market_data,중립,Student Housing,낮음,"개인 졸업생의 커리어 스토리로, 구체적인 주택 프로젝트, 거래, 또는 시장 데이터를 포함하지 않는 일화적 콘텐츠",False,
a3f86664c089,2026-06-10 11:12:27,2026-05-01 07:00:00,Student Housing — Western Kentucky University (KY),Western Kentucky University Board Approves Gilbane’s $350M Student Campus Housing Development Plan - REBusinessOnline,https://news.google.com/rss/articles/CBMixAFBVV95cUxORjBUN2hNRFFzRU9oSmpvc1Q3SGZPVVNKLWYxeVNhT2dUUU1YZDNDQXNMSU1zWHZTNkg4SXozaDk4ZkoxYW92OTV3a29YMURwTVRIZEo4Sm9zTHZhLWR0aEd2TjRmM3lWVXBQRXFfa3BJSXlsSUZaSDJqTHBuWVVyamNrM1pFOFhYLWVQQWZtaFZUdmRtcm5nYmgzVWs1cUt1TTNMelUtYTAzam9tTGIwc1g1VzV4bnNiQ01mOTlCUGtZTEJN?oc=5,Western Kentucky University Board Approves Gilbane’s $350M Student Campus Housing Development Plan    REBusinessOnline,True,개발,"construction_start,development_plan",강세,Student Housing,높음,"Gilbane의 $350M 규모 학생주택 캠퍼스 개발 계획 승인은 대규모 프로젝트 공식 발표로, Student Housing 부문의 플랫폼 수준 개발이므로 높은 관심도 판단.",False,
02a5c252efdc,2026-06-10 11:12:32,2026-05-05 15:14:42,Multifamily Executive,The Market Data that Matters for the rest of 2026: A Chat with Zillow’s Chief Economist,https://www.multifamilyexecutive.com/premium/webinar/752676,"The Market Data that Matters for the rest of 2026: A Chat with Zillow’s Chief Economist 
 lbarrick 
 Tue, 05/05/2026 - 11:14 
 
 Mon, 06/29/2026 - 13:00 
 
 Resource Type 
 Webinar 
 
 
 Mischa Fisher 
 
 
 Promotion Start 
 Tue, 05/12/2026 - 12:45 
 
 
 
 Promotion End 
 Thu, 11/12/2026 - 12:45 
 
 
 Join Zillow Rentals and Zillow’s Chief Economist, Mischa Fisher, for a look back at the market in",True,시장,market_data,중립,Multifamily,보통,"Zillow 수석 경제학자와의 시장 데이터 논의로 일반적인 다세대 주택 시장 분석 웨비나이며, 구체적인 정책 변화나 거시 금리 움직임 신호 없이 시장 데이터 검토 성격이므로 '보통' 등급.",False,
2b7ffcbfe6a4,2026-06-10 11:12:32,2026-05-01 12:51:30,Multifamily Executive,"Investment, NOI, and Covenants: Managing the risks",https://www.multifamilyexecutive.com/resource/investment-noi-and-covenants-managing-risks,"Investment, NOI, and Covenants: Managing the risks 
 A drop in NOI can put multifamily portfolios at serious debt covenant risk. This Yardi special report reveals how top operators connect asset performance, automation, and proactive monitoring to protect value and lender relationships.  Read the report to stay ahead. 
 dfarris 
 Fri, 05/01/2026 - 08:51 
 
 A drop in NOI can put multifamily portfo",True,시장,market_data,중립,Multifamily,낮음,"일반적인 NOI 관리 및 차입 리스크에 대한 업계 보고서로, 특정 거래, 정책 변화, 또는 Woomi와 관련된 전략적 정보가 없음.",False,
ebaf559098d2,2026-06-10 11:12:36,2026-05-20 19:19:44,Bisnow,"From Small-Town Suburb To Destination: How Woodstock, Illinois, Is Making Major Moves",https://www.bisnow.com/chicago/news/economic-development/small-town-suburb-destination-woodstock-illinois-studiob-134669,"Woodstock, Illinois, one of Chicago’s outermost suburbs, is shedding the typical suburban mold. 
Combining small-town charm and affordable housing with a vibrant, historic downtown, the city has become a distinctive and livable hub, Woodstock Director...",True,시장,market_data,중립,Multifamily,낮음,"지역 소도시 개발 현황 기사로, Woomi의 전략적 파트너나 경쟁사 언급 없고, 대규모 거래나 자본 흐름 신호 없으며, 특정 프로젝트 규모나 기관 자본 정보 부재.",False,
e0a0773eccf3,2026-06-10 11:12:42,2026-05-07 17:19:52,Eye on Housing (NAHB),Private Residential Construction Spending Increases in March,https://eyeonhousing.org/2026/05/private-residential-construction-spending-increases-in-march/,"Private residential construction spending was up 1.7% in March 2026, following two straight months of declines. The increase was broad-based, with gains in single-family, multifamily construction, and home improvement spending. Moreover, total private residential construction spending was 3.6% higher than a year ago. According to the latest construction spending data from the U.S. Census, single-f",True,시장,"construction_cost,market_data",강세,Multifamily,보통,"국가 차원의 주택건설 지출 데이터로 멀티패밀리와 단독주택 모두 증가 추세를 보여주는 시장 신호이나, 거시 지표일 뿐 우미의 구체적 사업에 직접 영향을 주지 않음.",False,
db476ca23b65,2026-06-10 11:12:42,2026-05-07 14:05:00,Eye on Housing (NAHB),Multifamily Developer Confidence Holds Steady in First Quarter,https://eyeonhousing.org/2026/05/multifamily-developer-confidence-holds-steady-in-first-quarter/,"Overall confidence in the market for new multifamily housing held steady year-over-year in the first quarter, according to the Multifamily Market Survey (MMS) by the National Association of Home Builders (NAHB). The MMS produces two separate indices. The Multifamily Production Index (MPI) had a reading of 44, unchanged year-over-year, while the Multifamily Occupancy Index (MOI) […]",True,시장,"market_data,rent_occupancy",중립,Multifamily,보통,"국가 차원의 멀티패밀리 시장 신뢰도 및 점유율 데이터를 제시하는 거시 시장 분석 기사이나, 특정 지역이나 플랫폼에 대한 구체적 영향보다는 일반적인 시장 센티먼트 지표로 보통 수준의 관련성.",False,
6410a165bc11,2026-06-10 11:12:43,2026-05-08 21:00:00,Federal Reserve,"Federal Reserve Board announces approval of related applications by Columbia Bank MHC, and Columbia Financial, Inc.",https://www.federalreserve.gov/newsevents/pressreleases/orders20260508a.htm,"Federal Reserve Board announces approval of related applications by Columbia Bank MHC, and Columbia Financial, Inc.",True,시장,policy,중립,Multifamily,낮음,"연방준비제도의 은행 인수 승인 공지로, 주택금융과 무관한 은행 규제 사항이므로 부동산 개발·시장에 직접적 영향 미치지 않음.",False,
5fa954c11359,2026-06-10 11:12:43,2026-05-01 15:00:00,Federal Reserve,Agencies issue host state loan-to-deposit ratios,https://www.federalreserve.gov/newsevents/pressreleases/bcreg20260501a.htm,Agencies issue host state loan-to-deposit ratios,True,시장,policy,중립,Multifamily,낮음,"연방준비제도의 대출-예금 비율 정책 발표는 금융시스템 규제 사항으로, 부동산 개발이나 자본흐름과 직접 연관성이 낮으며 주택시장 영향도 불명확함.",False,
7042d23051dc,2026-06-10 21:01:07,2026-05-21 07:00:00,Student Housing — University of Wisconsin - Madison (WI),Wisconsin requests proposals for new UW-Madison dorm - The Daily Cardinal,https://news.google.com/rss/articles/CBMinwFBVV95cUxPRWd4MVVfNjY0TVZjSldmeGtxMGlhZ2JLTW1uT2ZwaEYzY1hoeXJ6b2pJNDc1YTc1ckU1ZUdnX1dkX0NsdzhZUG05XzFfY2ZYR1hTeU5IN042RFBJM015ZGFuMGRyb01YV3R1cy15NkE3NzNIbHV3a1RudHBkM1ZERXRDSzJVRlQyTjh1bHpSNC04bXFRaHpONzNjZGhIWE0?oc=5,Wisconsin requests proposals for new UW-Madison dorm    The Daily Cardinal,True,개발,permit,중립,Student Housing,낮음,"단일 캠퍼스 신규 기숙사 제안 요청으로, 규모나 연관 개발사 정보 부재하여 대형 플랫폼 딜이 아닌 지역 수준의 개발 계획으로 판단됨.",False,
7936755bd1d4,2026-06-10 21:01:07,2026-05-12 07:00:00,Student Housing — University of Wisconsin - Madison (WI),"Outgoing UW-Madison chancellor reflects on unfinished agenda, including DEI - Milwaukee Journal Sentinel",https://news.google.com/rss/articles/CBMi0AFBVV95cUxPWmdab011c2s0LUI5R2cwMnRkQ2swVTl6eWk2RnFudE5PYlNhU2NhUEgwZHdabHlrWXUzSjllVTJVZ09Qa1U5WWxEMENROEZabWhxU1pzTi1qLXlnY2xsU0N6WHg5OE1QVzEzRG4wMGRaQ2FxQUdkd3BHcTlORm5ZYkZZbWtrQWtadnc4VnEzMnc4R1QwMU9YUDFiRWt5VEt1OHZCTUg3c3A4eTFOX1FJc0QxQjNsWXA0WmJRYzYzNEd3QzRWbGVKazJoV1I5XzNL?oc=5,"Outgoing UW-Madison chancellor reflects on unfinished agenda, including DEI    Milwaukee Journal Sentinel",True,시장,,중립,Student Housing,낮음,"학생주택 시장과 무관한 대학 행정 인사 기사로, 부동산 개발이나 시장 수급 데이터가 포함되지 않음.",False,
5835c23daeb2,2026-06-10 21:01:18,2026-05-07 07:00:00,Student Housing — University of Pittsburgh (PA),Pitt’s Board of Trustees approved construction of a new first-year residence hall - University of Pittsburgh,https://news.google.com/rss/articles/CBMilwFBVV95cUxQUGpIZ2RaU2JrZF84cVpWM3NoQWxrZVVMUmpYemZ3ampaam1XeTREUlRBNHBTWGhKTlZVMEJtNzhsVC1tb3FDNVFmTmgtN3hKa21JSjN4RnhSY0ZSMi1uN2I4Z2hOOW0wYUdCcE9IMUw0WHlMUjM0aWR0OHdzSko5TVB4d08tTjhOZDQ4Wl9Ma0tlckFDV2ZJ?oc=5,Pitt’s Board of Trustees approved construction of a new first-year residence hall    University of Pittsburgh,True,개발,"construction_start,permit",중립,Student Housing,낮음,단일 캠퍼스 기숙사 건설 승인으로 규모 미상이며 Core Spaces/Landmark 같은 주요 플랫폼 개발사 미언급되어 있어 관심도가 낮음.,False,
0cf87994cb11,2026-06-10 21:01:23,2026-05-01 07:00:00,Student Housing — San Diego State University (CA),San Diego State University does not track amount of unhoused students on campus - East County Magazine,https://news.google.com/rss/articles/CBMisAFBVV95cUxQSkxHb3d6Mm8zX3hwOS00cEhyOWdXNG50Vkg0N0tyUEtYNllFV0ZjNzVDcUFsNGY4X2dteWxEYXhCR2p1QUdXR0xpNzhZOXF4RXhBZm5tbjZnd2NDd2trejUxa2k1ZHhpcGZpNnJUWVdQN0tuRURnbnUwVjd5R0dCaERWTVhGd3FhbjBMWUFOVzRSbWZzUGdlclJJTmJPa2pqbDhNMjBaNW1waWdZaFpxRg?oc=5,San Diego State University does not track amount of unhoused students on campus    East County Magazine,True,시장,rent_occupancy,중립,Student Housing,낮음,"단일 캠퍼스의 주택 부족 현황 리포트로, 광범위한 시장 데이터나 주요 플랫폼 거래 정보가 아니며 지역 내 특정 대학의 개별적 상황 보도",False,
ca986ca57a6a,2026-06-10 21:02:11,2026-05-06 07:00:00,Student Housing — University of Miami (FL),Housing Innovation Studio Brings Pratt Students to Miami - Pratt Institute,https://news.google.com/rss/articles/CBMijAFBVV95cUxQeTYzM2pGejdIbXVqVDNCb1RCalh2Tm5SbmR3VUtNUE9VZkUxZnVXOTNxbVBOdEZpdXhfR3J1cTZ5Tm9HdzQ5SWhDWUhwSmVGSnVWd3hKY1F0dGR6cjVnYlZqbFN0cTY1TFdHb0dBc1VQdU5GS2NCN3pmTnJTYlRzX2N1LUVkQl9mME03RA?oc=5,Housing Innovation Studio Brings Pratt Students to Miami    Pratt Institute,True,시장,market_data,중립,Student Housing,낮음,"단일 캠퍼스의 교육 프로그램 관련 기사로, 전국 규모의 학생주택 수급 데이터나 주요 플랫폼 개발자 관련 정보가 없어 Woomi 전략과의 관련성이 낮습니다.",False,
4c1fe9fde84d,2026-06-10 21:02:35,2026-05-27 21:14:12,Student Housing — Illinois State University (IL),Academic Advising Council names 2026 award recipients - Illinois State University News,https://news.google.com/rss/articles/CBMimAFBVV95cUxQTGZidlJYMUJDcFNkM211N1RmQXk3SUVrY2xidFllcFpPSW9oSnlHVHhMaFg5WnVvVWFEa1JJdXpBM2pZYUZITTZLaEdPS1VnY0p3SEtSVWhxS0tDQy1FZXExUndNU0E3emJ3VGxDTEgyOHRyZy1uQTBYSG1hWFZkd0F2aDBVTXVzREtmRk1zbDR2cjZweUpvOA?oc=5,Academic Advising Council names 2026 award recipients    Illinois State University News,True,시장,,중립,Student Housing,낮음,학생주택과 무관한 학사 자문위원회 상 수상자 발표로 실질적 주택시장 정보나 개발 신호가 없음.,False,
2308d2a1213d,2026-06-10 21:02:42,2026-05-21 07:00:00,Student Housing — University of Texas at San Antonio (TX),UT System investments of over $470 million accelerate UT San Antonio’s rise as a world-class research university - UT San Antonio Today,https://news.google.com/rss/articles/CBMi2AFBVV95cUxNNmN0dUxGUEh2aHN4WFhzZXVZNEFYQVlhaVEyeDVPY01sR3lPYzVKSmZfWXM4WkNwVzU2bm5wLW94NGdnUWd1Y0dyenY3ZkdTd3ZBcDg1Z0R1cjliWTRtX1dKUU1peUxELW9Dak1aLWxubFZGenQzR3gxb1hick5taXVYeThDek5hb1NkRkpjejlOTTNGUkI3WDc4WEQyN0dnWS1famRIWFJnZVpKS3p5dVdLX2ZpVGtzSHh5XzBJOFAwYjMydnZ3dnVWUldkYXRUOGVqdTdHZ00?oc=5,UT System investments of over $470 million accelerate UT San Antonio’s rise as a world-class research university    UT San Antonio Today,True,개발,construction_start,강세,Student Housing,보통,"UT San Antonio의 $470M 규모 시스템 투자 발표는 캠퍼스 인프라 확대를 신호하지만, 구체적인 학생주택 프로젝트 규모, 개발사, 또는 기숙사 침대 수 정보가 부족하여 보통 수준의 관련성으로 판단됨.",False,
e505d68e366c,2026-06-10 21:02:51,2026-05-22 07:00:00,Student Housing — Syracuse University (NY),Syracuse affordable housing developer plans its biggest project (Good Morning CNY for May 22) - Syracuse.com,https://news.google.com/rss/articles/CBMizwFBVV95cUxQOW1ZaEVFNjA2akg4cW03RmFUdUxYcTlDSnA5TVhlaWhsVEdlNkdWU0xob0hlejV5dFU5bEpRdzZCOXp4eGxENWhaSEw5ZDFoLTB1dk1zWjVnZU96SmZPYlJZV01tZzZodHZCOGxmY24tRjZ5eE5XbzZjV2t1b3ZWQzFLNnRVT2ZwYkg0MWVTMkpQbEZ0Smpzd1RKWmVsZEV4Q1ZXdmZPbHRSamlGa0FGTWt0c0s0d1l3MXZrLUZuTHVidExDNVg2VDJVR0VCZ2PSAeMBQVVfeXFMTVNPMWVKSGhfVFFqcnI3eUVueWhMdWNHQ1JHNEt5dnBMXzJhMzZnTVpfMDREMjgxSnVERnMtSExMOXVfSzBEdHJJMFRmZVc1TGk0OFNlNllnNTJjd1ZrTUc1WUpYMFBHZjN3V0pFU3ZKQU1fSG9adFlpZDA3dzZKN1Z3dWZkQ01XWjcySkhFeERVTXU1V1c1TUxlbnZVQXpJNWNuMTNveW43d3BjTEo1ZXF1OGU5WXI4dUdLTGpUbzJ1dU5jSVlHMGhKaEJ4M3dmcldCM0NDamZJZHpyVDJzbkFtRTQ?oc=5,Syracuse affordable housing developer plans its biggest project (Good Morning CNY for May 22)    Syracuse.com,True,개발,development_plan,중립,Student Housing,낮음,"Syracuse 지역의 개별 캠퍼스 학생주택 프로젝트 계획으로, 규모 미상이고 주요 개발업체 미언급되어 Woomi와 전략적 관련성 없음.",False,
bc864c89c0c9,2026-06-10 21:02:57,2026-05-08 07:00:00,Student Housing — University of New Hampshire (NH),College move-out season is here for New Hampshire campuses. See schedule - Seacoastonline.com,https://news.google.com/rss/articles/CBMiiAJBVV95cUxPeUtHODE5V2xzVFVyalJEWUxmX3lxbjlwczUxTXl6TlBYVUg1QURSb3hIN09IYmc2eEFST3B4NHlvMy1PN2cycnJEMnEtUVBPOXNVQUFxZ2lMNXVDVjQwdXdGeXZtQnBnN3BHRG84QWNSZk4xdExwSk5ZbFhwdHFOX1Q0TWoxRm5jdFhIN2pZejJBRGZHMFUxVVZjU01BUzNvQ3VaSEpmZlBjMk04SjNnRWJJWURIcEtBXzI1NFgyT3ZWMEdqdHRGUkc3NnhLTnZfb1JDa1Y1YWt1dzBLNGN1eVdCcmdJVmxoR3pTSExyY183Tmp4c3Vxdy0xS3l0NFdTckN6M19kZE8?oc=5,College move-out season is here for New Hampshire campuses. See schedule    Seacoastonline.com,True,시장,rent_occupancy,중립,Student Housing,낮음,"단일 캠퍼스 지역 수준의 학생주택 이주 일정 기사로, 전국적 시장 데이터나 주요 플랫폼 운영사 정보를 포함하지 않아 관련성이 낮음.",False,
b90bf8ff1956,2026-06-10 21:03:00,2026-05-01 07:00:00,Student Housing — University of North Texas (TX),"Student Housing in Denton, TX: Best Off-Campus Options Near UNT & TW - THISDAYLIVE",https://news.google.com/rss/articles/CBMipwFBVV95cUxPWDBZMWpHd3ozV0JMMEZFSUZfT0kyY3piTjduRllOd1JaRTFmRnJwOTc3MDR4Q1ZSQ0FsazFoX20zRkVpeWlWNDVFbUlmN2pHa2pfQ1BVNkNKVVJEdmk5eS1Ubnh3RWEtX0x2cW5SNXdVdjlaOWlSdVlLM3NOYm1UZmtKUlJhSDJLS0hKdEpPVTZWaGtYTzMwbEkwNUpsV3pET3RTNDZmSQ?oc=5,"Student Housing in Denton, TX: Best Off-Campus Options Near UNT & TW    THISDAYLIVE",True,시장,rent_occupancy,중립,Student Housing,낮음,"This is a general informational article about off-campus student housing options near UNT, lacking specific market data, deal activity, or development news; it appears to be a consumer guide rather than institutional market intelligence.",False,
3ee2c9cef4d2,2026-06-10 22:51:20,2026-05-06 07:00:00,Student Housing — Boston University (MA),Boston-area university sells half of its campus for luxury resi play - The Real Deal,https://news.google.com/rss/articles/CBMiqgFBVV95cUxOVWE2RHZYSUFjYjluMUZ2MWc0LVFQMUx5bVhobjJtTV9mRVZWdUVYU3E3U25Wc3k2VldlMURabUhEM20yN1dfLXBXVE1sZDNJcXBiUkJRYXlQNzJORl85ZTgtQktxYTM0WHA1dkNFeFhEaXc2NWYzXzhUMFRyM00zUXhsMUdZTFdCckVYZmJyUF9kQVEtaUdIMXQ3SjFZWU5VYXRWSkpoQjBJUQ?oc=5,Boston-area university sells half of its campus for luxury resi play    The Real Deal,True,개발,"land_acquisition,transaction",중립,Mixed-use,낮음,"단일 캠퍼스 부동산 거래로 학생 주택과 무관한 럭셔리 주거 개발 사업이며, 보스턴 지역의 개별 대학 자산 거래로 규모나 전략적 중요성이 제한적임.",False,
2222524be2ec,2026-06-10 22:51:57,2026-05-20 07:00:00,Student Housing — University of South Alabama (AL),University of South Alabama expands campus housing with apartment complex acquisition - fox10tv.com,https://news.google.com/rss/articles/CBMiwgFBVV95cUxOdWpVN3lRQmpzRUFIbHJUeVJSYlh3RlNGbXhtVzQ2dU1VVmdhcVk3UXF0VXJQRWQzanlzZlhxWHkxWUhPYU90R0VqLU1jYkN2OGZPazRpOW5KUzlfN3k4VDYtVTFQanR2T3pGZDJQanlWMjZybnBsTExURGhHazZDRTl5em5tWnJ5aFphQkl3REQ4WktsdDE2N2NXX1FKc3dwNXIxSG56M2dqNVdwQkZmbzJrSmtWakUwcVdaNi0wNUNLZw?oc=5,University of South Alabama expands campus housing with apartment complex acquisition    fox10tv.com,True,개발,"land_acquisition,transaction",중립,Student Housing,낮음,"단일 캠퍼스의 학생 주택 부동산 취득으로, 규모 미상이고 주요 플랫폼 운영사 미관여로 우미 관련성 낮음.",False,
a1925cb9ee30,2026-06-11 21:01:33,2026-05-29 07:00:00,Student Housing — San Diego State University (CA),Is SDSU watching? See where the university put its AI-enabled cameras - The Daily Aztec,https://news.google.com/rss/articles/CBMiqwFBVV95cUxNbk50eVI3N21ZQktCSW1HVFQyQlRLVTU2M2p0TmN5dEdaT3FFY0RvRVFWTm4yUjhGWUpYclRPbmhoS0hXTm44ZDI5SlhtVWg0NTVqeXRDTnhPMy0zbVVISHowZWFsYjBpcjJCX0pBUHZ5VmdhaExzV2JSTlFLak1rUkZDNC16MGdIVzgyVVhwRHhOeEM5VlRmMkZlOWE0UGt4UTVac20xSlljN0k?oc=5,Is SDSU watching? See where the university put its AI-enabled cameras    The Daily Aztec,True,시장,policy,중립,Student Housing,낮음,"대학 캠퍼스 AI 카메라 설치 뉴스로, 학생 주택 시장과 무관한 대학 정책 사항이며 거래, 개발, 자본흐름 정보가 없음.",False,
d84f1e76aae0,2026-06-11 21:01:40,2026-05-26 07:00:00,Student Housing — University of Arizona (AZ),Land cleared for 9 story UA dorm - KGUN 9,https://news.google.com/rss/articles/CBMinwFBVV95cUxQR2ZPc3d2SE9HSkhrMlhtVEhpbmVDQ0Qxcm82aWIxMmJWdVd0Tk5ES212TnpfeXBfRTFYNm5FQWZET21oWUZUSzBPVEk0eFRIUFBEYzUySDVmbWRyTlJ2UUVCdWhwbnpBanNSOXRxdWs1S0Jkd094VHVNaUJhcTl1ZktHZzViTU1mQjU5ZkRaLU1LM2RuTjZRc3ZkZVhYaGs?oc=5,Land cleared for 9 story UA dorm    KGUN 9,True,개발,"construction_start,permit",중립,Student Housing,낮음,"단일 캠퍼스 기숙사 프로젝트로 규모 미상이며, 대형 플랫폼 운영사(Core Spaces, Landmark, Greystar) 관여 없음.",False,
7c1adeef224d,2026-06-11 21:01:47,2026-05-29 07:00:00,Student Housing — University of California - Riverside (CA),Massive apartment fire near UC Riverside leaves over 100 displaced - FOX 11 Los Angeles,https://news.google.com/rss/articles/CBMieEFVX3lxTFBtWlJjdENSNUdrRFF6WHVPa2VpNnpIVzFydXlLeDM4a0pfU0E1TmhCU2lDY0cyREpsVjFkc3J1NThwdU51WXpRN2FUZ0U4WW0wYlQ1cGVoYWV4S0RwWnRMclYwZWlEbUltOXVQMHZ5OVZlMUo1QU55TNIBfkFVX3lxTE1YUUhmeEh0Rl80bDR1X0pLbDZPZ0EyWE9FdFZTNHJuM056ZmQwaEp5T1VEcHVIWjBnNXFINURLWXBxUURKc2JzSXFiZVQwYzZCcDZaX2tVaG1Ha3lMZnB5RjJQa2U0VXpuX0xpck1KLWV1Mms0OTgyRHVQX1lwZw?oc=5,Massive apartment fire near UC Riverside leaves over 100 displaced    FOX 11 Los Angeles,True,시장,rent_occupancy,약세,Student Housing,낮음,"화재로 인한 학생주택 공급 감소 신호이나, 단일 캠퍼스 지역 사건으로 시장 전체에 미치는 영향이 제한적이며 Woomi의 전략적 관심사와 무관함.",False,
ccd77e1aaf8f,2026-06-11 21:02:09,2026-05-08 07:00:00,Student Housing — University of South Carolina (SC),University of South Carolina begins demolition of historic McBryde Quadrangle - WIS News 10,https://news.google.com/rss/articles/CBMiqAFBVV95cUxPZjE4WkRUM1Jia25sX2JyZUU1dVE4TF9wZ3Y2T0JkZjdOYndJdnNYejFyV09oYWI4WnE5TDRoVnRfS2ZGeVhFNGFCTWY5QjBnQ1E2Q3dsM0pnSEJwRFRhcjlwVHpWUTBUbk1aQ3ozLWRiYXdfVVlHcFdNYXFFWTJCVzZfT0NnODVOQTlfY0dSNTB6aWljaC1vMFhCMXJuT3BnakZ2VFBFR3jSAbwBQVVfeXFMUFBTQjB4bkN3ZzNxZ2N2V1NEeVU0aHJ3bWlHa1E5anhrLVJXaC1VaHlMODI4MEZnNDJrWTdCeld1Vi1qZGlFYmJZNmFySXM0TEZVbWIzQXVqSVVOQzRxUnFLM00yTTdXWWZSdE5GNHVua0hLOXhBWXNUTWxQcDlVUEhJTWZUazV6WVg5WVFvU3piaGQydU9DVFdrQTJKb3VaQ2M3d3RKRDZqREdHZUFfTUg0VkhOQTJHeHItSzQ?oc=5,University of South Carolina begins demolition of historic McBryde Quadrangle    WIS News 10,True,시장,policy,중립,Student Housing,낮음,"대학 캠퍼스 내 기숙사 철거는 대학 자체 시설 관리 사안으로, Woomi의 민간 학생주택(BTR) 사업과 무관한 지역 뉴스입니다.",False,
a181e4c664da,2026-06-11 21:02:12,2026-05-08 07:00:00,Student Housing — University of Massachusetts (MA),UMass Amherst picks developer for major campus housing overhaul - Daily Hampshire Gazette,https://news.google.com/rss/articles/CBMinwFBVV95cUxPSC15dGxWeDlnem9vRFRETHdQYXFOeUV3S2xaXzNnbjRsME9hWDg5TnkzcTJJLWxrRHFYQ05ucGs3SGdfeGZYNVVMTzJqYzk1WmtZZU5yV0RqMXlBS1ZDa0RjdTctSlBRdmx2Ny0xZGcwWl9FNURzdEFTeFJPaWQtNHJ4YUNXbkdkRUdXa3pkRjVoelJfSjI0LU1sUDc4cjg?oc=5,UMass Amherst picks developer for major campus housing overhaul    Daily Hampshire Gazette,True,개발,"land_acquisition,development_plan",중립,Student Housing,보통,"UMass Amherst의 캠퍼스 주택 개발자 선정은 개발 계획 공지이나, 프로젝트 규모가 명시되지 않았고 Core Spaces/Landmark/Greystar 같은 주요 플랫폼 업체 언급이 없어 '보통' 수준으로 평가됨.",False,
f668bb3e0d2c,2026-06-11 21:02:13,2026-05-13 07:00:00,Student Housing — Western Carolina University (NC),Affordable housing projects move forward across western North Carolina - WLOS,https://news.google.com/rss/articles/CBMi0AJBVV95cUxOczU1eXJ1QVM3dGtDSFF1bzBwUUxZQjJrWHFGbDZGYXhEYjhERFZhV3Z2eTVFODBROHhkR203dzFUUFU5LXZRVlIyTnFBcFp0NnFSZmM3ZUpDNlk3T1dpc3NnNHZNR1pScGlhemZackRrVHMwYnF1WUt3Vk01bjk1VnJ0aTdzYnJhQWlVUWJIdDRlRGFmOTctTjA1b1F4Tno5cDRSeGlKajdfU0JGaUlWUXJ1RExMU20tc2s2T2d6QnB6aU9pMUVjS3d0VFE3ZDNPRHJjWmNRYUJZUTNrT2l1di1HSGhVMlBXMHNoS3RSX0N3aTYwVzRwcS0teDVpZVQtQXdRQ19Hb1VLWGZpczJUVXRlMnlqWlh4WXBrWE9xYUVOcWYySlFycHZTaVpkcFREc1BuXzFkcGdja0h5QWZXOGE5dENWcGlLOENINHhSeGo?oc=5,Affordable housing projects move forward across western North Carolina    WLOS,True,개발,development_plan,중립,Student Housing,낮음,"Western Carolina University 주변의 학생주택 프로젝트로 보이나 규모 정보 없이 모호한 개발 의도 수준의 보도이며, 주요 플랫폼 운영사 언급이나 구체적 규모($50M+, 500+ beds) 정보 부재로 낮음 평가.",False,
52c4d254b7fa,2026-06-11 21:02:18,2026-05-27 14:02:35,Student Housing — New Mexico State University (NM),NMSU to demolish abandoned student housing area - MSN,https://news.google.com/rss/articles/CBMirwJBVV95cUxOWk0zOHBKS29jaHR6V3gzRXlaMEtHSkVnRDB5M3dDUUVxR1BXZVI3UzhPY3hwSlMxeDJ4SjZZWW51QlowYzMzX0c5V1BkT0tiQUxYNDBIR0dQM2txVTZFc2J6MEl5cnk3MzUwcGgxWVpFWGlBMW12dXRsbVE0YVZlVHYzN3hFRXJKcFZ1Wjl1M3U3TkhqNWRJUnVXOWxaeDBXenBmZzdkelJ1c0V3MVN0S28wdFpnTVNUUkRuT2lJN3VkZ3NGWFROWUZUS0pqUUozN0h1RkNUOTdGVVNOVENlRkROeGRxOXQ5SG5vMlhHNDBneFBWNm1mcTUxQnlPMlo0WEF0TTRMYmZ5Z0VuX1FwUzVZRmZranQzYnE4ZUdzMWMzbVlObGtnWnUxUmhjSTA?oc=5,NMSU to demolish abandoned student housing area    MSN,True,개발,permit,중립,Student Housing,낮음,"단일 캠퍼스의 기숙사 철거 계획으로, 소규모 로컬 뉴스이며 새로운 개발 프로젝트나 기관 자본 활동이 없어 Woomi의 전략적 관심도가 낮음.",False,
c123083021aa,2026-06-11 21:02:42,2026-05-25 07:00:00,Student Housing — Texas State University (TX),Texas State grows on-campus housing with new residence towers - Yahoo,https://news.google.com/rss/articles/CBMijwFBVV95cUxNSnU0cl92eHZadXJ3eURfek5hNHhPemVjLUhVTDFYbHltUmdXOFd1YnlBNERZX2JTRnlqcEU4VWk3WDZRNU1oeHdwYlFCTkljeHlLUjJmY29aUFVUODBEVEQtRHRjSm9vczdrYTVFUFFUUVdoU09iajg4VXpWWHUtejloVTAxbEZHUUFMcU1jMA?oc=5,Texas State grows on-campus housing with new residence towers    Yahoo,True,개발,"construction_start,delivery",중립,Student Housing,낮음,"Texas State의 온캠퍼스 기숙사 확장 프로젝트이나 프로젝트 규모, 주요 개발사/운영사 정보 없고 대학 자체 개발으로 기관 투자자나 알려진 GP 관여 신호 없어 낮음 평가.",False,
e434ab3b6b46,2026-06-11 21:02:54,2026-05-27 07:00:00,Student Housing — University of Minnesota (MN),Dinkytown student housing property sells for $27.1M - Finance & Commerce,https://news.google.com/rss/articles/CBMikAFBVV95cUxPd2tJdHViM0pnRDVQRWtRbm5VZUR6VkQ0OEsySEtvNGluWVQyRnNrcGh2cGNka3RuczEzblVkMDhKVEZ5OFR6eUk2ODlwczJONThzeTFBd055ZDNhaWpqemZ5d0J0bG1laUYxQzhZSzY3Y1NqcC1ud0JHM1BjOXg0YV9rR2Z5b3ljSU95c3lXVzM?oc=5,Dinkytown student housing property sells for $27.1M    Finance & Commerce,True,GP·자본흐름,transaction,중립,Student Housing,낮음,Student Housing 자산거래이나 규모가 $27.1M으로 $50M 미만이고 Core Spaces/Landmark/Greystar 등 주요 플랫폼이 언급되지 않아 Woomi의 전략적 관심도가 낮음.,False,
c297fce4152a,2026-06-11 21:03:02,2026-05-04 07:00:00,Student Housing — Colorado State University (CO),Move out offers a chance to give back - Colorado State University,https://news.google.com/rss/articles/CBMidkFVX3lxTE1oTEJ5SHN3cnI3SzVSUWtfRW5BeTJ4amU4UC1rLUM3TVRpYkZ1ME1BRHozbGlKUDdXaHBCanVBdzJHWHprZG9OY2xnMS1fVEVaVmJlbGtzVVBzVUJpUS1HOVZPRXlUVFZRUXNFekJGdjJNY0ZZaVE?oc=5,Move out offers a chance to give back    Colorado State University,True,시장,rent_occupancy,중립,Student Housing,낮음,"단일 캠퍼스 학생주택 이사 관련 소식으로, 개발/거래/자본흐름 신호가 없고 개별 건물 수준의 지역 정보로 분류됨.",False,
38dda475cb48,2026-06-11 21:03:22,2026-05-10 07:00:00,Student Housing — University of California - Santa Cruz (CA),UCSC’s student success lies in the college system. Now the university is gouging it. - Lookout Santa Cruz,https://news.google.com/rss/articles/CBMiqgFBVV95cUxOSEtpQkxjZ3VrRE9wYVlWVUkwd0lXV2Rjbk1YN051eldSTC1TZEJGRngxUEVCTVZESk5UeXhOSFl0TjdwRHdaMDlJcU56NTVPWHNiR1hHcGRqU0U0YWhtd0pZd2JRRnVMMFY3N1lDUTFHb0JLazVURFhvTE0xUkxsQS1PdURVWGFpVXJKNGEtU3hEcVVWcTVYbjM3eUV5cUtraHc2ZDZ0OG9Jdw?oc=5,UCSC’s student success lies in the college system. Now the university is gouging it.    Lookout Santa Cruz,True,시장,policy,약세,Student Housing,낮음,"단일 캠퍼스의 학생주택 정책 논쟁으로 전국적 시장 신호나 기관투자자 거래 규모 기준을 충족하지 않으며, 개발 진전이나 대규모 플랫폼 거래가 없는 지역 단위 뉴스입니다.",False,
6870d2104e77,2026-06-11 21:03:31,2026-05-24 07:00:00,Student Housing — University of Michigan (MI),A guide to Ann Arbor’s neighborhoods - The Michigan Daily,https://news.google.com/rss/articles/CBMiiAFBVV95cUxPUEJybHNtc2tZdXFHUTkwUDMxc2Z2OEN3RzU5d3VMcGpHZ2x1cm8ySTJBcWJyMnpPZ29naW9MN2RwMlRVbVpNQ3lBcHN6dGREZV9ESjd3RUlnSEJIU3B3RTRESi01SEMwQUtsVUEtYV9GUWVFZDdzVzRUT20xOEYyYXRWWXZPU00z?oc=5,A guide to Ann Arbor’s neighborhoods    The Michigan Daily,True,시장,,중립,Student Housing,낮음,"기사는 Ann Arbor 지역 neighborhood 가이드로 학생 주택 시장 데이터, 거래, 또는 개발 뉴스를 포함하지 않으며 단순 지역 정보성 콘텐츠로 Woomi와의 관련성이 낮음.",False,
e665171c10ed,2026-06-11 21:03:31,2026-05-23 07:00:00,Student Housing — University of Michigan (MI),"Eastern Michigan regent receives statewide recognition for leadership, community impact - MLive.com",https://news.google.com/rss/articles/CBMi0gFBVV95cUxNTE1Sd1pTalU3aGJBWEFtbkcwRjdENUl3YlFaQ0UzSWJNbnF0RzhoVFA0WUVsQWlKNnBBSUotazlGUnFSX3h5SWxyNmpvYzg0NmNnaXlTckNtdG0tN29hakhuUHd6cXV0bkp5cTljWlZzNWFQeWYzb1ZhNEVETmJvVFZLZUQ5Si04SHlFTGdPLVNzRnU0TzhxYUtGSDFXZUFsbDZxMzZtMWY1U1ZqaE1weFlvejdvZlp1MHJCN0RydDc5QlRvMUpGX0s0RVJLcFlPZHfSAeYBQVVfeXFMT005aWRfeE5MVTFfMFFwQnFTX3QtQmkyZDl3MnBWNEhOc1pyblNXVUM0Q0JVMGJwdG9pQ3plQTE4a0w5SU53RXg3NnZ4TWVKN1VMSzVSdGhkbGJBZk5aNElKc2pyTWJROWZpTndDMjVRSFpjUjV2U3dNM0tXTjEyTHpndDg4bmx4clJkZHllUFYyN25NYmRqSGVrbGtMUXhsTVltbTR4NEtuSWdyZlhESmdOWjJjZDJXRnJETlpIc0FnUmhfS0xWd2p1UzdwUHhCa3A0ZllOMnJHT0JBY1ZwNE9ZMm5lSkE?oc=5,"Eastern Michigan regent receives statewide recognition for leadership, community impact    MLive.com",True,시장,,중립,Student Housing,낮음,"개인의 지역사회 리더십 인정 기사로 학생주택 개발, 시장 데이터, 자본 흐름과 무관한 내용이며 실질적 부동산 거래나 프로젝트 활동이 없음.",False,
fa604252fa9a,2026-06-11 21:03:37,2026-05-20 07:00:00,Student Housing — Washington State University (WA),"Scion Group, Ares buy Harrison Street’s $910M student housing portfolio - The Real Deal",https://news.google.com/rss/articles/CBMisgFBVV95cUxPb0hFRlloMWNuejdTT1VZMUs4QUFiXzd1SGJ6bTJXWVU3U0NDUzF0VkxnZ1ViQ3Z3RlNiWnQ3NVBHQ0lGZ1BsZi14SDFsTkc0dDJRbHZRbXlQazhsODNzNGdnblRjdTFGalFWMXdJc3pjVkdvY2NYNVZsSnhxWEZXcmFNNFdhbTVxTnBhSkR1ODFqb0JyZm10d0xpdnRtSk1uSjlaakRhUUJzLXlOcWRTRG93?oc=5,"Scion Group, Ares buy Harrison Street’s $910M student housing portfolio    The Real Deal",True,GP·자본흐름,"transaction,acquisition",중립,Student Housing,높음,"Harrison Street는 Known GP이며, $910M 규모의 Student Housing 포트폴리오 매각은 대형 기관 투자자(Ares)의 주거 부동산 자산 거래로 자본흐름 카테고리에서 높은 관련성을 가짐.",False,
21b256a8ad8b,2026-06-11 21:04:33,2026-05-28 12:53:00,Yardi Matrix Blog,Twin Cities Multifamily Market Report – May 2026,https://www.yardimatrix.com/blog/twin-cities-multifamily-market-report/,"Asking Rents Excel, Occupancy Still Stable Twin Cities fundamentals remained healthy, with rent growth outpacing the U.S. and occupancy holding steady, as per the latest Twin Cities multifamily market report. Advertised asking rents rose 2.5% year-over-year, to $1,621 in March, well above the 0.1% U.S. increase to $1,750, according to the national multifamily market report. […] 
 The post  Twin Ci",True,시장,rent_occupancy,강세,Multifamily,보통,"Twin Cities 지역 단일 시장의 임차료 및 점유율 데이터로, 국가 수준의 트렌드는 아니지만 지역 수급 신호를 제공합니다.",False,
10a813e110ed,2026-06-11 21:04:33,2026-05-27 16:25:00,Yardi Matrix Blog,St. Louis Multifamily Market Report – May 2026,https://www.yardimatrix.com/blog/st-louis-multifamily-market-report/,"Stable Fundamentals Meet Economic Tailwinds Through the first quarter of 2026, multifamily fundamentals in St. Louis remained stable with steady rent growth even amid ample supply, according to the latest Yardi Matrix St. Louis multifamily market report. Advertised asking rents in St. Louis increased 0.3%, on a trailing three-month basis through March, to $1,344, exceeding […] 
 The post  St. Loui",True,시장,"rent_occupancy,market_data",중립,Multifamily,낮음,"단일 도시(St. Louis)의 임대료 및 수요 데이터 기사로, Woomi의 전략적 거점이 아닌 지역의 국소적 시장 동향 보도이므로 관련성이 낮음.",False,
71ef35b7ff54,2026-06-11 21:04:33,2026-05-26 16:16:00,Yardi Matrix Blog,San Antonio Multifamily Market Report – May 2026,https://www.yardimatrix.com/blog/san-antonio-multifamily-market-report/,"Starts Slow, Demand Holds San Antonio fundamentals remained soft through the first quarter of 2026, as per the latest Yardi Matrix San Antonio multifamily market report. Average advertised asking rents were flat, on a trailing three-month basis through March, at $1,232, while the national figure inched up 0.1%, to $1,750. Year-over-year, rents fell 2.8% in […] 
 The post  San Antonio Multifamily M",True,시장,"market_data,rent_occupancy",약세,Multifamily,보통,"San Antonio 단일도시의 임차료 및 수급 데이터로, 지역 시장 동향이지만 거시적 또는 전략적 신호는 부족하며 Woomi의 전략적 시장(Sun Belt 주요거점)과의 직접 연결고리가 명확하지 않음.",False,
31fd8fbd0328,2026-06-11 21:04:33,2026-05-26 15:39:00,Yardi Matrix Blog,Philadelphia Multifamily Market Report – May 2026,https://www.yardimatrix.com/blog/philadelphia-multifamily-market-report/,"Rent, Employment Growth, See Boosts Philadelphia’s multifamily fundamentals have remained balanced, as seasonal trends yielded visible rent growth, according to the latest Yardi Matrix Philadelphia multifamily market report. The average advertised asking rent was up 0.3%, on a trailing three-month basis through March, to $1,852, 20 basis points above the national rate, as reported in the […] 
 The",True,시장,"rent_occupancy,market_data",중립,Multifamily,보통,"Philadelphia 단일 도시의 임차료 및 고용 트렌드 데이터로, 국가 차원의 공급·수급 신호나 매크로 정책 변화를 담지 않은 지역 통계에 해당합니다.",False,
6dd33f6fe958,2026-06-11 22:48:40,2026-05-23 20:08:56,Student Housing — University of Washington (WA),University of Washington West Campus Housing Phase I - World-Architects,https://news.google.com/rss/articles/CBMiuAFBVV95cUxOLW9Xc1JDalFxUGNZblhBNXJnS09XYTdvbjRxYzRMU0dpSExHZVlnOFczRm52UGRmYl9Va3UwQnZmSnBWZ2l0UGF5ZXlKZ0FlQXdWcXozR1dld3VnakZYTjBnVC1YYXVqZVIyT1RQU21td2RHRldPMXhPdnpsOFpidjB6UG93TFpDS2R6dXNBMVB2VjlzcW5GaTFiNE12Q2hxZTRsLXRGQkNUeENJaXA4bTlId2w4OXNB?oc=5,University of Washington West Campus Housing Phase I    World-Architects,True,개발,"construction_start,permit",중립,Student Housing,낮음,"대학 기숙사 프로젝트이나 규모(침대 수), 완공 시점, 자금 조달 구조 등 구체적 정보가 부족하여 Woomi의 전략적 관련성을 판단할 수 없으며, 단일 캠퍼스 프로젝트로 500+ 침대 이상 규모나 주요 플랫폼 운영사 관여 여부가 명확하지 않음.",False,
ebf00b1a4b42,2026-06-11 22:49:21,2026-05-07 07:00:00,Student Housing — University of Massachusetts (MA),UMass Amherst picks development team to modernize campus housing - WWLP,https://news.google.com/rss/articles/CBMiuwFBVV95cUxNMDQ3NDFlMXR2T0dCbXpNR3E1dGc2YnlYdFJYc3JyZ1Z6cXFScW5xNzVuUXB1cFRiU1ZCTllqVEZiaTZXZEpDXzgyalFNSzhTS20xd1c4WmFpaXIxb2pNWnpaLTA4R2M2MTZfVkpVbDlNbmFHVDZPd2FTMlVfcUlycUFCMVd3TUtLa0JZVG9lVkNmUGh4WlFXZjNzZkpZQjJ1U29kY1hxRHk1azNmQkMyNXZ4MGJIdFp3Yjc40gHAAUFVX3lxTFAxU2Q5SWVoek9tVnVnUWl6UkhxdlVFSUMwTHFyUlpYMW1KRmdJaVMyN2tEaTRJSVN6N0tDcDJYd0FjUzZGQlFfNno0aWtXeGRnRkNkSTZoQWgxeFl3SjU2WmpSVEduTWtnUUlnQTkzMmpLREVjRGhrLWFYQ1JGdTVPVGUwMWxma0lDNHh3VFZjQkZfTm02U1lxU1dVdloyZ0QxRGtVdVVFYkliY1JZeEZYXzJpT3JYWGJHd1BOZmx3Xw?oc=5,UMass Amherst picks development team to modernize campus housing    WWLP,True,개발,land_acquisition,중립,Student Housing,낮음,"UMass Amherst의 캠퍼스 주택 현대화 개발팀 선정 뉘앙스는 개발 진행 신호이나, 구체적인 프로젝트 규모(500+ 침대) 또는 Core Spaces/Landmark/Greystar 등 주요 플랫폼 관련 언급이 없어 Woomi와의 관련성이 낮음.",False,
a22f3a506fe5,2026-06-11 22:50:32,2026-05-08 07:00:00,Student Housing — Tarleton State University (TX),Tarleton State maps 20-year plan for major Fort Worth campus expansion - MSN,https://news.google.com/rss/articles/CBMi1gFBVV95cUxOX1I4QXpMaHZ6bkVHblk0WjFZbGppcmJib2tiSktScDRRWkM3VHprQ0VqSmhlNFBQN1FkclpTMnlHSWNnZnY4aUxHekl4czBrWWxWUmxmVG9IdnB0UHdNQjBfRC04a2txUURENUE4X0MtbWJjbDZCN0tfaGtRSm0zRnd6R3Nkd3JPb08wWWNqRVl4VnZyRXMxa1p6bGtnbTQ0Q1kwdk5wc3JkRmlYajhOai0tT0NfdDJFSlF5NmVHLUt5Y0pLQ1ZXcWl2Q0ZVS21rcV9DazFR?oc=5,Tarleton State maps 20-year plan for major Fort Worth campus expansion    MSN,True,시장,policy,중립,Student Housing,낮음,"대학 캠퍼스 확장 계획은 학생주택 수요 신호이지만, 구체적인 개발 규모, 민간 개발자 참여, 또는 기숙사 프로젝트 상세 정보가 없어 관련성이 낮습니다.",False,
951323214b0f,2026-06-12 21:00:56,2026-05-27 07:00:00,Student Housing — University of Alabama (AL),Record demand drives Alabama university’s $40M apartment deal - Yahoo,https://news.google.com/rss/articles/CBMimAFBVV95cUxPMkFObTVCQkhuQVViVmlTOUdkVW95NHRUR0xsM0ZWa01wTDdSX1VURncwXzJZYlNtRzZ5bmcwV2tuZllUYjg0TUR1MV84ak9ldWVkTVdnMzcybDFIb0pDR3NmZF9iOWM1d3NLbWRsZ0V2cDJraGxuM1Z3bnAzMkpnWTBYMFdMdzc4U243akJnNnRscnJTV0Z3Tw?oc=5,Record demand drives Alabama university’s $40M apartment deal    Yahoo,True,GP·자본흐름,"transaction,acquisition",강세,Student Housing,낮음,학생 기숙사 단일 자산 $40M 거래로 Student Housing $50M 기준 미달이며 주요 플랫폼 참여 없어 낮음으로 분류.,False,
eca8a62027f3,2026-06-12 21:01:04,2026-05-02 07:00:00,Student Housing — Oregon State University (OR),Eugene opens affordable housing with on-site childcare - The Register-Guard,https://news.google.com/rss/articles/CBMiugFBVV95cUxPWXA0M3kwN3FBRFdNRm0xS2NjT1lfbFdtNjNibmJnOUMxekRyVE1JVnczN1BucjlLWFVsWjZILWZzOTFqcTNTVG1tMU5NTmtPZDMzNWNhWVFtWHRNNHNFZVdTQTR2U3UtTFNzZUxGeWxhZENSRDRUVWpvOHdvUU1KbUVrTkdDN1k1aWJOTm11OWthbldIOHhlMUZaSGFETEE4NWhsbTNNcHhRcTl6OUJoOGxlTGVRWXpUT0E?oc=5,Eugene opens affordable housing with on-site childcare    The Register-Guard,True,개발,delivery,강세,Affordable Housing,낮음,유진(오레곤) 소재 소규모 어포더블 주택 완공 소식으로 Woomi의 핵심 시장 및 전략적 관심 영역과 무관하며 관련성이 낮음,False,
966014b4e0dc,2026-06-12 21:03:40,2026-05-08 16:01:01,Bisnow,"Multifamily Development Waterline Gains Ground In Dumfries, Virginia's Potomac Shores",https://www.bisnow.com/washington-dc/news/construction-development/multifamily-development-gains-ground-in-dumfries-virginias-potomac-shores-134499,"Next year is gearing up to be a pivotal one for Potomac Shores, a 1,920-acre master-planned community in Dumfries, Virginia. 
The community is set to welcome a train station in late 2027, which will provide access to the Virginia Rail Expressway,...",True,개발,"construction_start,permit,land_acquisition",강세,Multifamily,보통,"버지니아 Dumfries의 Potomac Shores 마스터플랜 커뮤니티 내 멀티패밀리 개발 프로젝트로, 선벨트 외 지역의 일반적인 MF 개발 계획 발표에 해당하여 보통 수준의 관련성으로 분류.",False,
0c4294ceff66,2026-06-13 21:01:21,2026-05-21 07:00:00,Student Housing — University of Georgia (GA),Morrison Avenue Capital Partners Secures Construction Financing for University of Georgia at Athens - Yield PRO,https://news.google.com/rss/articles/CBMiV0FVX3lxTFBnaFlsQThVaXdSNGtJMjdldjdBY0tzZHpyVXZyYWxsWE1pUmVmQkk0aU1mRXV2TVhCQ2E5RVlCTnVFWFJid3hfX3RwVkdTTUZhSEl3T1pnTQ?oc=5,Morrison Avenue Capital Partners Secures Construction Financing for University of Georgia at Athens    Yield PRO,True,GP·자본흐름,"financing,construction_start",강세,Student Housing,낮음,"조지아대학교 인근 학생주거 시설에 대한 건설 자금 조달 기사이나, 주요 Known GP나 대형 플랫폼이 관여하지 않고 거래 규모도 $50M 미만으로 추정되어 Woomi 관련성이 낮음",False,
af99c0d3650a,2026-06-13 22:00:38,2026-05-20 07:00:00,Student Housing — University of South Alabama (AL),On-campus housing at University of South Alabama grows: ‘An incredible opportunity’ - WKRG,https://news.google.com/rss/articles/CBMirAFBVV95cUxQOVo2YjFjcEZqZFhtWTR3ZGtsZDU5cnpYRlVUd0hLTDBnRkpxR3V3Zjg5U3V2LTlQa1Z5aEtySVVmS1FYdHZGTE5qajdTX1NVcmhmS2NfUk1QVDZNeTVYV0VsRjBnejV6cmRsWmdOci16bWkzS3p3elkwSndMcVR0bHpzOTNNT1llQ2dWLWhING1seWs0Q1hvZ216TmFrdlFETHFYSi1NRlNHZENa0gGyAUFVX3lxTE1HU3ZGZGRqYkVTWnk5RzBKbTBkWmdSY1BkYkVrb2Z2bm1wQlBCXzVxN045bEoyWmZ0VzZwWC1MTlhwcjNTeG95NnEzTzREMk1wWVRLdElkTTRLN01RX2xkNzNwQXdSMU9FSmFFcE1felRWYno5NnVJUTkzbWlwNWZnS2dzVXZjVlpocXlNV2E1bXZxYW9aQWdTQk5LWlp6bWpRRGEwQVFHUXBReVVLejlmOFE?oc=5,On-campus housing at University of South Alabama grows: ‘An incredible opportunity’    WKRG,True,개발,"delivery,construction_start",강세,Student Housing,낮음,"단일 캠퍼스 소규모 학생 기숙사 확장 기사로, 주요 플랫폼 참여 없고 500베드 미만으로 추정되어 Woomi 관련성 낮음.",False,
bdc4847b3ab4,2026-06-14 21:02:10,2026-05-12 07:00:00,Student Housing — University of Massachusetts (MA),UMass Amherst to modernize campus housing with nation’s largest student housing developer - MassLive,https://news.google.com/rss/articles/CBMi1AFBVV95cUxPQTNaSlNTT0NpXzJzOUJfT05WZVN5YWgxNVV5RmtGLWVkNVhFVXZsS2ZYaXp4Q19KMHF5LWExUHdXNzE3bEZMeVlxV1Z0VHR3cWVFdElQQTNSMFprV1JHVVQ4RExkUmVRZGViR3V5QTN1V29MV3JybVVxRy16cDRES1RUcVFDOS1fSHBlVFFybzVXelVwSk1uN3lZSFViOFpDaXkyd0lZT01BX1VUb1JHZElsQWUxRU5MYmliNWVsd3pjVkFBUm9IMjVDVFI3VHl6MGlWSw?oc=5,UMass Amherst to modernize campus housing with nation’s largest student housing developer    MassLive,True,개발,"construction_start,JV",강세,Student Housing,높음,"UMass Amherst가 미국 최대 학생 기숙사 개발업체와 JV를 구성해 캠퍼스 주거 현대화를 추진하는 대형 플랫폼 딜로, 주요 운영사 참여 기준에 해당하여 높음으로 분류.",False,
2b278231e8c8,2026-06-14 21:02:44,2026-05-06 07:00:00,Student Housing — Illinois State University (IL),Housing Services awards spring 2026 RA Scholarship to Marek Pedziwater - Illinois State University News,https://news.google.com/rss/articles/CBMirwFBVV95cUxNZVpFbkNGZUMxQjE0YnBfVnRQYldUV2lXd1pRVWNzZG0tQUs5c1E2Q2ppZE55SGwzbk92aTNoeGJkSTdSZkRhcnJUeVJqbTRGNi1tSG9PWGlXTUwwVkVpWTNTTEVYTW84aXBZRkFkMUJZUjBQVkh2TXVMN002OU1DRldQMFlueWFNazh1NDREUmhreVhwclZLT21HNWZTWmRTNjE1YkdfakFtZFRvSG84?oc=5,Housing Services awards spring 2026 RA Scholarship to Marek Pedziwater    Illinois State University News,True,시장,,중립,Student Housing,낮음,"일리노이주립대학교 기숙사 장학금 수여 기사로, 부동산 시장이나 개발과 무관한 개인 수상 소식이므로 Woomi 관련성이 없음",False,
21c68a7417d9,2026-06-14 22:04:59,2026-05-06 07:00:00,Student Housing — San Diego State University (CA),Parents of SDSU student say dorm room mold sickened their daughter for months - NBC 7 San Diego,https://news.google.com/rss/articles/CBMiwwFBVV95cUxNbTJCeGYzMlFSU2ZCcEZiSkt5UEM5a21zT0JBdk1pUDJIN2l4TmFfaU80TVpjTVJ5ek1nWXpUMFUxS3lzUVJna254bnY2OXhvNWotZEE4bkhKeHVjOGV4TmhTcTZUOGMxalJEQjUzdlRuTGlPLXhhNXM4ZXFDcHl0UlNDWmctQlV5RkRROHVnSHQxNkVBMzlhQVZaQ1J5WWFOeDRzMk96bm42TXNvQlpXUW41R0Z6eEtmVkk2dHpobEliTmPSAcsBQVVfeXFMTUtkN1ZseXZiYmVrcXppb3MzaWRKRVZ2aFNfOXBpRUtrS3MzbFl5TG0wY2xxcXJpaXE5NUF6V1loWl93MjVwQjJvWXA3Vmc1Y2d5X0RaM0JuNXhZdkdtNGd3VWp3dEZKMVMzV19pYTlaNkFsQkg0RmJhYlN4OUlDbkdlOVJhei0weFJGVmN2Sko2MmlBeEd4TXpOR1h4dUpvRXJjc1lDSnVQNnF1QVJQM2ZQc3BQVERRSmZWY09PSG14MVRZV2EyTkxzMkk?oc=5,Parents of SDSU student say dorm room mold sickened their daughter for months    NBC 7 San Diego,True,시장,rent_occupancy,약세,Student Housing,낮음,"단일 캠퍼스 기숙사 곰팡이 문제 관련 개인 사례 기사로, Woomi의 투자 전략과 무관한 지역적·개별적 사안임.",False,
f2bbf470a07a,2026-06-14 22:05:58,2026-05-01 07:00:00,Student Housing — University of California - Davis (CA),Sacramento Bee Endorses Village Farms Project as Test of Davis Housing Future - Davis Vanguard,https://news.google.com/rss/articles/CBMickFVX3lxTE5OOTJvVkM3eUQtRVlqZ2Z5QTFHajVwU3lJUlE5MXpmZ3h1NGZYX3Z6RW5yTXZ2NGZMQ2FlOGJLaE9mVnc0ZlhPMjIyVlBDRDNjaG5GcW9VMTUxejJRMUhlY1BBUXU5cHlLRk13cnVzZXczZw?oc=5,Sacramento Bee Endorses Village Farms Project as Test of Davis Housing Future    Davis Vanguard,True,시장,"policy,permit",강세,Student Housing,낮음,"UC Davis 인근 단일 캠퍼스 주거 프로젝트에 대한 지역 언론 지지 기사로, 주요 플랫폼이나 $50M 이상 거래와 무관한 소규모 지역 이슈에 해당함",False,
10ac42414cd3,2026-06-15 21:02:54,2026-05-05 07:00:00,Student Housing — University of Nevada - Las Vegas (NV),"The 30 best college towns across the US, ranked - Business Insider Africa",https://news.google.com/rss/articles/CBMimgFBVV95cUxNWkw3cFJvZGxhMTk2X3plZWU0clRITjVyX1Bydkt5UFROclhFNExvRmphR1NRZTNGR0w2TF9fZUNpbjJYYTQ3ZGxNQWp1d01oNHFkZVFNOElXWllFeUpyQWkwVEVzeTBPTTBpRnFWMTFMblYyRWRza0NIZEl5RHYxcTZlM0VuRVMyYlJzQV9nNDVxU09ON0JOOWtn?oc=5,"The 30 best college towns across the US, ranked    Business Insider Africa",True,시장,market_data,중립,Student Housing,낮음,"단순 대학 도시 순위 기사로 학생 주거 시장에 대한 실질적인 거래, 개발, 또는 플랫폼 수준의 정보가 없어 Woomi의 투자 전략과 관련성이 낮음.",False,
790183842586,2026-06-15 21:03:15,2026-05-27 18:49:58,Student Housing — Temple University (PA),The Nest at 1324 | Temple Off-Campus Housing - Realtor.com,https://news.google.com/rss/articles/CBMilAFBVV95cUxPQUpyZmVTSDd3N0JqV2dVY244ZklCNGlIbFZJb05DZFpuOWtRejY2VF9mRzMyM3B3VTVkYTFoMl9rTkNOY09MRk1WOXpMZmo1ZFplY3FuXzlfUU90clBja3hfN3VMdUtuZS13aFNIQ3RVNmNFY3ExNUlTOEdTaHQtaXlpMFdPOS1mSGxoYUNVaTI0anJO?oc=5,The Nest at 1324 | Temple Off-Campus Housing    Realtor.com,True,개발,delivery,중립,Student Housing,낮음,"Temple University 인근 소규모 개별 오프캠퍼스 학생 주거 매물 정보로, 주요 플랫폼 또는 $50M+ 거래와 무관한 단순 리스팅 정보에 해당하여 관련성이 낮음.",False,
ef435560ca85,2026-06-15 23:00:11,2026-05-03 07:00:00,Student Housing — Bowling Green State University (OH),"BGSU Trustees vote to increase tuition by 3%, while holding existing rates for returning students - BG Independent News",https://news.google.com/rss/articles/CBMixgFBVV95cUxPNFVucmNBVjBiLTdObEpLYnZWc2xyRG5RdmFPUVhfSEZ5dEtDdTlyTHJxeHlFX0kyaGZ6ZzJzUE1GVGNkNEwwaU1oazBVa0JpdUV6bU1yV3ZqdkpTeVhhZTZEaFFLS1lLNnV4a2FCUXVkdzlPTDlReGpXVHg0M3Q3emxhb19BMDJNTkJHVU5na2MtTzhLSTdoRnhEMjEySGFkZFYxZmhjNFNTejR4cUh6RUxtaDBjeTA3SWtHWTVmQURySmFKN2c?oc=5,"BGSU Trustees vote to increase tuition by 3%, while holding existing rates for returning students    BG Independent News",True,시장,"policy,market_data",중립,Student Housing,낮음,"단일 대학(BGSU)의 등록금 인상 결정으로 학생주거 섹터와 간접적 연관이 있으나, 주요 플랫폼이나 대규모 자본 이벤트와 무관한 개별 캠퍼스 수준의 정책 기사로 관련성이 낮음.",False,
705b2d38336a,2026-06-15 23:00:58,2026-05-29 21:18:50,Student Housing — University of Notre Dame (IN),$910 Million Student Housing Portfolio Sale Facilitated by Institutional Property Advisors - Business Wire,https://news.google.com/rss/articles/CBMi4wFBVV95cUxPbnJvREdCQ3prUDhwVEdBWkJ2ZWF1emFrZVAxMGtrTEFVVW5Qekxya3lJOWgwUFZGdWs4S1E1UV9ZNVdTVjJkRXgycXhwU3BjbVJlVGUzc3VOZnFyZVNaMkpMTFJUTUJac0RMZ1NTeFF2Y1ZGNzhBeVNkbWo2Z1pjQ0ltVWNGX2RLUXBZRG9UUU1hNVNyeEJVZVJ4SnVOS2RVbHJ3Tks2eUdXR3FxS3EzWnU3VHRhWTE5RUdJcjBnRC1WS1hNZElRWnlkUzdFdEpNT3VSdkJOUjN2cjhVV0dQOGlSbw?oc=5,$910 Million Student Housing Portfolio Sale Facilitated by Institutional Property Advisors    Business Wire,True,GP·자본흐름,"transaction,acquisition",강세,Student Housing,높음,9억 1천만 달러 규모의 대형 학생주거 포트폴리오 거래로 $50M 기준을 크게 상회하여 높음 분류 기준에 해당함,False,
8ed45de17472,2026-06-15 23:40:04,2026-05-05 07:00:00,Student Housing — Texas State University (TX),Elevate Development Lands $116M Loan for Project Near Texas State University - Globest,https://news.google.com/rss/articles/CBMisAFBVV95cUxOdWpyemRXVWk3VWdrZi1QWmR2Mi1YZ1lwbnE4OF9JdDlhQkRKdHVUTjFMQTlEYnhPUXcwRWc4R0YyR3VKdGU1X1lfSWVleGZQalhYUVVaeTRBcHozdVpKQUhwcVRvVHpEQmRGTEREeE1hNndHbVRZYTZmRkZ6dTR5RnMybHRHQlljNl9Dak5PRXBoN2ZBNC0xQXhpQm5yM3ZRMU5UbU9FckFxT0dOWWJ4ZtIBtgFBVV95cUxNNWVuY2FESGtkSm5BVzVVUS1TYm5HN3RrWC1HRlRNNDQ3MWlJMkVjb3BIekFXMFpfeV9XNzhtYmYxUHQ3dWthMUUyVFQ4ZVYzSzEtSzU3UkxkNWlsMTc3aE1zN2luZHR3VWRrWUdqNU8wWHp0eS1qd1I4ZDRYa0ZSbUJDQ2J0SlI4S2VuaDBjYkRJa1VNMkFiV1hwWlBCbzBJRnE2dTJyMXU3V3VtMTRhNmxVbDJxUQ?oc=5,Elevate Development Lands $116M Loan for Project Near Texas State University    Globest,True,GP·자본흐름,"financing,construction_start",강세,Student Housing,높음,"$116M 규모의 대형 학생 주택 프로젝트 융자로, $50M+ 기준을 초과하는 Student Housing 거래로 높음 분류.",False,
d904928c7d88,2026-06-16 21:02:32,2026-05-29 17:28:00,Student Housing — University of Notre Dame (IN),$910M Student Housing Portfolio Sale Facilitated by Institutional Property Joint Venture - Yield PRO,https://news.google.com/rss/articles/CBMiYEFVX3lxTE1RLTVyWTh3SzJWT2wyaE9FMDBJWGV0NjRvV0xjTmVnUHBtc1Eybmx0OFgtODdmdlJCek9kVFpsTFUzd3hWbmRRSm8zaWJYbDJwdXF3Z05vMjRnNWtXT2ZlVw?oc=5,$910M Student Housing Portfolio Sale Facilitated by Institutional Property Joint Venture    Yield PRO,True,GP·자본흐름,"transaction,acquisition,JV",강세,Student Housing,높음,9억 1천만 달러 규모의 학생 주거 포트폴리오 매각은 주요 플랫폼 딜 기준을 충족하여 높음으로 분류됩니다.,False,"기관 투자자 조인트벤처(Institutional Property Joint Venture)가 노트르담 대학교(인디애나주) 인근을 포함한 학생 주거 포트폴리오를 9억 1천만 달러에 매각하는 거래를 주도했습니다. 이 거래는 학생 주거 섹터 내 대규모 포트폴리오 딜로, 기관 자본의 학생 주거 자산에 대한 지속적인 관심을 반영합니다. $910M 규모는 학생 주거 단일 포트폴리오 거래로는 상당한 규모이며, 기관 투자자들이 여전히 이 섹터를 매력적인 자산군으로 인식하고 있음을 보여줍니다. 우미글로벌 입장에서는 학생 주거 섹터의 기관 자본 흐름과 포트폴리오 형성 트렌드를 파악하는 데 중요한 참고 사례이며, 향후 파트너십 또는 투자 구조 설계 시 활용 가능한 시장 신호로 볼 수 있습니다."
440e5da5ee76,2026-06-16 21:03:50,2026-05-28 14:49:27,Bisnow,Multifamily Financing In 2026: How Are Projects Moving Ahead?,https://www.bisnow.com/national/news/finance/multifamily-financing-capitalone-studiob-134756,"After a dramatic few years, pressure seems to be easing on the multifamily market, with construction starts slowing and absorption catching up to inventory growth. That doesn’t mean developers should be scrapping their plans for new developments, however,...",True,시장,"financing,market_data,construction_start",혼재,Multifamily,높음,2026년 멀티패밀리 파이낸싱 환경 및 착공 둔화·흡수율 회복 등 섹터 전반의 공급·수요 트렌드를 다루는 거시적 시장 분석 기사로 우미글로벌의 신규 개발 전략에 직접적 시사점을 제공한다.,False,"2026년 멀티패밀리 시장은 수년간의 급격한 변동 이후 안정화 국면에 접어들고 있으며, 신규 착공 건수 감소와 함께 흡수율이 공급 증가 속도를 따라잡기 시작했다. 금융 환경 측면에서도 압박이 다소 완화되면서 개발사들의 자금 조달 여건이 개선될 가능성이 제기된다. 그러나 시장 정상화가 진행 중이라고 해서 신규 개발 계획을 전면 보류할 필요는 없다는 것이 업계의 중론이다. 공급 파이프라인 축소는 중장기적으로 임대 수요 회복 및 임대료 상승 압력으로 이어질 수 있어, 선제적 개발 포지셔닝이 중요한 시점이다. 우미글로벌 입장에서는 착공 둔화로 인한 공급 공백이 향후 신규 프로젝트의 수익성을 높일 수 있는 기회 요인으로 작용할 수 있으며, 파이낸싱 구조 검토를 병행한 개발 전략 수립이 필요하다."
d20896a39906,2026-06-16 22:51:15,2026-05-22 07:00:00,Student Housing — University of Wisconsin - Madison (WI),A better college life for neurodivergent students in Madison - PBS Wisconsin,https://news.google.com/rss/articles/CBMinAFBVV95cUxNYmNJemJtQXp5eGlod2hNYzVRR0NWTm5wc1BlTUdFdzFYYmY4UmJCQnBfeGNOZ3Awbk50MUlmcnZ3Mmk5a2FScmZUV1o3STQ3QjNITkYxZlZwamNVUWNvUFZBeTY2c0xLRkhLd2RQd1hvaFE5N0hzSTlsSWY3andQTEkwdjRGSUJ6Y0hMelJJSHVWdXhqRndwYVVGNno?oc=5,A better college life for neurodivergent students in Madison    PBS Wisconsin,True,개발,delivery,중립,Student Housing,낮음,"위스콘신 매디슨 대학의 신경다양성 학생 대상 주거 프로그램 관련 기사로, 소규모 단일 캠퍼스 특수 주거 사례에 해당하며 우미글로벌의 투자 전략과 직접적 관련성이 낮음.",False,주거 부동산과 직접적 관련이 없는 기사입니다.
c2f3584f4f17,2026-06-16 22:51:43,2026-05-05 07:00:00,Student Housing — University of Connecticut (CT),News: A year in review - dailycampus.com,https://news.google.com/rss/articles/CBMia0FVX3lxTE5rbktZT1BfNVVBMHV6V0VzU1dfeEZxSFdxMElablZtTjVMdjdVaHZRcW9LdzEyWHJIckNsbXo5X2c4WXp2OWZhOVdmdlFsUlhBX0dJMU5DcDgwa2VsVjlYRGlleVRmU1lialFJ?oc=5,News: A year in review    dailycampus.com,True,시장,market_data,중립,Student Housing,낮음,"단일 대학 캠퍼스(UConn) 관련 연간 뉴스 리뷰로, 주요 플랫폼이나 대규모 거래가 없는 낮은 관련성 기사임.",False,주거 부동산과 직접적 관련이 없는 기사입니다.
4578507c2dd8,2026-06-17 21:01:18,2026-05-20 07:00:00,Student Housing — University of Alabama (AL),University of South Alabama expands on-campus housing with $40M apartment acquisition - mynbc15.com,https://news.google.com/rss/articles/CBMitgFBVV95cUxOem93cUh6a3BRSUJKWnVVMzljeENrSXhTTThCbFJfN2lRUDNBNzdKQ3JmTFpkTjZYd3ZuTEZweGU3ME42WTZYV0FCZ0Y4UFhBVi12bFVaZGtxSS12cjMtc3F5YzdvTXJqa29lN1NmUE1aTzRKUDNEeEpGU0dlVXpNOS16WjRSTWFpRllFUHNXTmtRTWlrd1BXeEFMVVdLOU1oUjluSEk5bnpPNFlIc18yYWdGcHBGQQ?oc=5,University of South Alabama expands on-campus housing with $40M apartment acquisition    mynbc15.com,True,GP·자본흐름,"acquisition,transaction",강세,Student Housing,보통,"사우스 앨라배마 대학의 $40M 학생 기숙사 매입은 주요 플랫폼이 아닌 단일 대학 자체 취득으로, Student Housing $50M 미만·비주요 플랫폼 기준에 따라 '보통'으로 분류됨.",False,"사우스 앨라배마 대학교(University of South Alabama)가 약 4,000만 달러를 투자해 캠퍼스 인근 아파트를 매입, 온캠퍼스 학생 주거 시설을 확충했습니다. 이번 취득은 대학 측이 직접 주체가 된 거래로, 민간 개발사나 기관 투자자가 아닌 대학 운영 주거 공급 확대의 사례입니다. 거래 규모는 $40M으로 Student Housing 기관 거래 기준선인 $50M에 미치지 못하며, Core Spaces·Landmark·Greystar 등 주요 플랫폼도 관여되지 않았습니다. 학생 주거 수요 증가에 대응하는 대학 주도의 자산 확보 전략으로, 민간 디벨로퍼와의 경쟁 심화 가능성을 시사합니다. 우미글로벌 입장에서는 직접적인 전략적 영향은 제한적이나, 대학 인근 학생 주거 시장의 수급 변화를 모니터링할 필요가 있습니다."
54fc71c961da,2026-06-17 22:43:11,2026-05-06 07:00:00,Student Housing — University of Georgia (GA),Ninety-six UGA Student-Athletes Scheduled to Graduate - University of Georgia Athletics - University of Georgia Athletics,https://news.google.com/rss/articles/CBMioAFBVV95cUxOeEdGbmZseUlIbjZyZVNRb2ZpeU5FVUE0a054N3p4VVJIYkllQTc5cEhsMTRIajlJVnlEYURyWURLUUJ2ZHZNd2pvVlNQOVhlU25UMmUwcWFuZFhHUUdOUDRCbk5hNmdOak9UV1k1akc5eWcyd3V1TXZRSm1nSTNGbmswY0dqYkM2WldGRzVncDZVOGpNWW5qRnlIemRvTkcw?oc=5,Ninety-six UGA Student-Athletes Scheduled to Graduate - University of Georgia Athletics    University of Georgia Athletics,True,시장,,중립,Student Housing,낮음,UGA 학생 운동선수 졸업 관련 기사로 주거 부동산과 직접적 관련이 없음.,False,주거 부동산과 직접적 관련이 없는 기사입니다.
7478581b6790,2026-06-17 22:43:29,2026-05-29 07:00:00,Student Housing — University of Kentucky (KY),The Tide at the Triangle: Lexington’s near-campus edge becomes a dorm district - The Lexington Times,https://news.google.com/rss/articles/CBMibkFVX3lxTE9VNzJmZEUyS0RJdXpJbDVFOGVndHZ2b0F2bDJfQU12UkFoYWlpeHlxaVBFSFlDYzk4T0pSQkFpRnB5d1N1Q0NFU0p6elA4dkFuMUVrblVQYXpuX1pwaXdJTnNrUDNFY2tkdHQ3NTVB?oc=5,The Tide at the Triangle: Lexington’s near-campus edge becomes a dorm district    The Lexington Times,True,개발,"construction_start,permit",강세,Student Housing,낮음,"켄터키대학교 인근 소규모 학생 주거 개발 기사로, 주요 플랫폼 참여 없고 500베드 미만으로 추정되어 우미글로벌 관련성이 낮음.",False,"미국 켄터키주 렉싱턴의 켄터키대학교(University of Kentucky) 인근 지역이 학생 기숙사 밀집 지구로 변모하고 있다는 내용의 기사입니다. 'The Tide at the Triangle'이라는 프로젝트를 중심으로 캠퍼스 인근 에지 지역이 학생 주거 개발의 중심지로 부상하고 있습니다. 구체적인 유닛 수나 베드 수 등 세부 수치는 기사 요약에서 확인되지 않으나, 소규모 단일 캠퍼스 개발로 추정됩니다. Core Spaces, Landmark, Greystar 등 주요 학생 주거 플랫폼의 참여 여부가 확인되지 않아 기관 자본 유입 가능성이 제한적입니다. 우미글로벌 입장에서는 학생 주거 단일 캠퍼스 소규모 개발로 전략적 우선순위가 낮은 기사입니다."
1c012cec4700,2026-06-17 22:44:05,2026-05-06 07:00:00,Student Housing — Louisiana State University (LA),What is the best college campus in Louisiana? Here are the top 5 - Shreveport Times,https://news.google.com/rss/articles/CBMizgFBVV95cUxNTkpLc1BVVklaclpDWS1XTGtSaTdncFB5TFM5UDk1TmxKRllZdl9RNHdRZElnajA3ME1ucV9Id0VLdlUtYTEzRHNoQ1dMY0lQS2JaeVRnWjRnc1ktU2c5X3FVakFKQjJZWGs4VnBSRW1qZlZKcElNZUEtcGcyM0RCWF9Sb3BQZi1SVVRwUGRaZGZGMjRTVGhCZWg1MWY0TWlZOFpFMm5JSmhrbktkOVFyX18xcmRLUFBIWWFpYXRPVUZRV1duUVJIZHlJakNWUQ?oc=5,What is the best college campus in Louisiana? Here are the top 5    Shreveport Times,True,시장,market_data,중립,Student Housing,낮음,루이지애나 대학 캠퍼스 순위 기사로 학생 주거 시장과 직접적 연관성이 없으며 투자·개발 시그널이 전혀 없음.,False,주거 부동산과 직접적 관련이 없는 기사입니다.
f9416c2aab21,2026-06-17 22:45:12,2026-05-08 07:00:00,Student Housing — George Washington University (DC),GW accused of defrauding student veterans after some hit with $20K bills days before class - WJLA,https://news.google.com/rss/articles/CBMiwAJBVV95cUxNc0V6NHVPR25mRlJYa0xPaldkeGV4Y3lZcGM0S3pTNzUzaXU0UkdQYmNEai1wUTQwcmNpOEI0VnlFWTdFeEY5V1RZbTlIRE5jdkRmMTdabEZCNld1ZW9Ka3Z0VFctV1JEZXlLcFNwYTg0MXRkSGxTZll1bXBOZEM4RTJaMHdHT2FmZTVsdWRTR3kzeW9ISG4zcl9vMVdLMjZhTkJDY1pwa0lpN1p0WFV0ZGp4ZElOcW1rM0Z3Z2tFampRWklnWFMwVDZjZnplT1R5dUpnTjZaMjlmeHgxMGtOVkhWeU1nTmVzLXR0WTJoaHpXVWYtcm5Fb1NicTFoR0N2WDA2OHFNUzB5Rm96YXF5NXpUM2k3VW1jTk10a2d2N3BjajhrcHRYWVhLb0dtMktxd3FnVEV6c3JDLVBoMFJmMA?oc=5,GW accused of defrauding student veterans after some hit with $20K bills days before class    WJLA,True,시장,policy,약세,Student Housing,낮음,"개별 대학의 재향군인 학생 주거비 청구 분쟁으로, 부동산 시장이나 개발과 무관한 소규모 캠퍼스 이슈입니다.",False,주거 부동산과 직접적 관련이 없는 기사입니다.
0ea15576591b,2026-06-18 21:00:54,2026-05-04 07:00:00,Student Housing — Brigham Young University (UT),"BYU replacing three aging Wymount buildings, students relocating - BYU Daily Universe",https://news.google.com/rss/articles/CBMijwFBVV95cUxPWVpvc3dZOUR4SUZvME1Ld1NtREtkYWZxdFJ2cFpkQzhlelRpUE4yZENUTTVINzRBUDRHSnU0ZjkxdTliaTJ6N2hOQTdxdXBOci1Ba2tyQ3Q4bXNDVVVUQzJWTkhraHp6bV9vZnhFZDJHMnl2RFNwVTl5VWxlMUpLY0gwWEp3OG9PbmlpLVZUYw?oc=5,"BYU replacing three aging Wymount buildings, students relocating    BYU Daily Universe",True,개발,"construction_start,permit,delivery",중립,Student Housing,낮음,"BYU 캠퍼스 내 노후 기숙사 3개동 교체 공사로, 규모·운영주체 모두 주요 플랫폼 기준 미달인 소규모 단일 캠퍼스 개발 사안입니다.",False,주거 부동산과 직접적 관련이 없는 기사입니다.
759f7424734a,2026-06-18 21:03:54,2026-05-13 08:58:29,Bisnow,A New Office Layout By Monday: Cost And Time Savings Of Modular Rooms,https://www.bisnow.com/london/news/office/new-office-layout-cost-time-savings-modular-solutions-134554,"Using modular meeting rooms instead of traditional fit-out construction could save occupiers across Europe, the Middle East and Africa more than €1B over a lease term — and that figure exceeds $1.5B in the U.S.
These are the findings of the Lifecycle...",True,시장,construction_cost,중립,Mixed-use,낮음,"오피스 모듈형 인테리어 비용 절감에 관한 기사로, 주거용 부동산과 직접적 관련이 없음.",False,주거 부동산과 직접적 관련이 없는 기사입니다.
9f2051c07884,2026-06-19 21:01:00,2026-05-23 07:00:00,Student Housing — University of Alabama (AL),I *Covet* This University of Alabama Dorm’s Coffee Bar Setup (It Has an Ice Machine!) - AOL.com,https://news.google.com/rss/articles/CBMihwFBVV95cUxPMjNaOWphZy1JbmhUWVp0WTFIOTVWaE5sN0huOHRMMWlaaXBIWUJscWpCNG9nOFdEVjRPYzU5YlpWNGRCVHczYUc4RzhlR2FvU1VSM2YwOG5md0k3aEpjcnFoMk1GYkxFcGxLWHhDeFpoRXZjR1B4NC1VbXA2RWtDdGIzeTZsd3c?oc=5,I *Covet* This University of Alabama Dorm’s Coffee Bar Setup (It Has an Ice Machine!)    AOL.com,True,시장,rent_occupancy,중립,Student Housing,낮음,"앨라배마 대학 기숙사 내 커피바 인테리어 소개 기사로, 부동산 투자·개발과 무관한 라이프스타일 콘텐츠입니다.",False,주거 부동산과 직접적 관련이 없는 기사입니다.
f9ea2b8c226a,2026-06-19 21:01:47,2026-05-15 05:31:55,Student Housing — University of Nebraska - Lincoln (NE),Husker hospitality: Campus prepares for thousands of summer visitors - Nebraska Today,https://news.google.com/rss/articles/CBMinAFBVV95cUxPNmFCeVJ3N1c5aHhZZmZ4ZDlZZDE4SDlFa0ZHZk8wbHZycDhXLWZaOXZfbTdhOURwcTFiQjJ3Wlo4OWdEYXhXS3dIbmU1YVlWZ1hvVHJjRjgxMllhMDQ5ZDVsNzdoendVN2dLekRRMXZXOXlLMWo5dWJjTDRSVnVlQ1ZIbFdiZ3pOMVdjLWk4UTlGTXRfdUxNQTVGV3E?oc=5,Husker hospitality: Campus prepares for thousands of summer visitors    Nebraska Today,True,시장,rent_occupancy,중립,Student Housing,낮음,"네브래스카대학교 단일 캠퍼스의 여름 방문객 유치 관련 기사로, 학생 주거 시장과 직접적 관련성이 낮고 우미글로벌의 투자 전략과 무관함.",False,주거 부동산과 직접적 관련이 없는 기사입니다.
fa377fd9c519,2026-06-19 21:01:50,2026-05-07 07:00:00,Student Housing — University of Virginia (VA),Fifeville luxury student housing project to move forward despite community opposition - Charlottesville Tomorrow,https://news.google.com/rss/articles/CBMiuAFBVV95cUxNbmdPR0tHSHdMYkw4LWJ0NktkZm94WFhWTTl6b2RsaFZkaXBBR2lmMzlOVlhBd2tRTklkVmdqTXRaRk5fdUM1enAxSUJhcFRaV19YamJ6V3I0TkJreWNGRS1JRzY0YXZQU3VUSWZpWFlRc0tmd1dVWEYta2kzM0JtVy1KNDYwbWcycXJTUmVzbTZPUmdWcHIyZEtEODFfY3lyeHhqZ1pvSHZMYnJVa3VxVlZmQTRYM19P?oc=5,Fifeville luxury student housing project to move forward despite community opposition    Charlottesville Tomorrow,True,개발,"permit,construction_start",혼재,Student Housing,낮음,"버지니아대학교 인근 소규모 럭셔리 학생 주거 프로젝트로, 주요 플랫폼 참여 없이 지역 커뮤니티 반대에도 진행되는 소규모 개발 사례에 해당함.",False,"버지니아주 샬러츠빌의 피파빌(Fifeville) 지역에서 버지니아대학교 인근 럭셔리 학생 주거 프로젝트가 지역 커뮤니티의 반대에도 불구하고 추진되기로 결정되었습니다. 구체적인 세대 수 및 규모(베드 수)는 기사 요약에 명시되지 않았으나, 500베드 미만의 소규모 프로젝트로 추정됩니다. 지역 주민들의 반대 의견이 있었음에도 개발이 승인·진행되는 점은 대학가 인근 주거 개발 수요가 여전히 강함을 시사합니다. Core Spaces, Landmark, Greystar 등 주요 학생 주거 플랫폼의 참여는 확인되지 않으며, 우미글로벌의 전략적 관심 지역 및 규모 기준에는 해당하지 않습니다. 전반적으로 우미글로벌 관점에서 직접적인 전략적 의미는 낮은 것으로 판단됩니다."
70b5cf1661fc,2026-06-19 21:03:17,2026-05-05 07:00:00,Student Housing — Arizona State University (AZ),Beyond shelter: ASU students design community housing to heal - ASU News,https://news.google.com/rss/articles/CBMiuAFBVV95cUxPUTdfbzBqOHRwdkZBaHh4ZXVlcWEyX0pvdGVlcmxpcmlFRG9WNmNsdTJnVy11ZFZhR3d6OUJMSllxZk9zdGlPaVJRMlRDVnRJLWZnWVhqYVRWaEFHSzlKaGd2M0Y3TGw4LTQ5WllGaFE2RUFPZGI5cTRUVjc3djZHSjMyZFl3RmF5SkZEcVVpMWsxb2c1Q1diV0NWanBERkRkaVFadC1tVnlFemtESld3RkFDcUg5Mk1N?oc=5,Beyond shelter: ASU students design community housing to heal    ASU News,True,개발,permit,중립,Student Housing,낮음,"ASU 학생들의 커뮤니티 주거 디자인 프로젝트로, 실제 개발·투자 이벤트가 없는 학술적 성격의 기사이며 우미글로벌과의 전략적 연관성이 낮음.",False,주거 부동산과 직접적 관련이 없는 기사입니다.
1cf267457e72,2026-06-20 21:01:45,2026-05-14 07:00:00,Student Housing — University of Maryland (MD),Grad student apartment building prepares to open - Streetcar Suburbs News,https://news.google.com/rss/articles/CBMihgFBVV95cUxOa1B1UDZLYXhmMm9QRlg4dUZ2Z0hYX3MxLWJQcDM2X0lPY1E2S1VDeTVBMHU4VHd6Mko0LTJFVHVyVk1zNjQ5MHhpTnR2SWV4WTdyLWJBREJKRWt4RlBIbUFzVmZ5dHVsNDJhQXE1a0Y1TEIwSkhHNWVTZHhYVFVGdHNXSnJ1dw?oc=5,Grad student apartment building prepares to open    Streetcar Suburbs News,True,개발,delivery,강세,Student Housing,낮음,"메릴랜드 대학교 대학원생 아파트 단일 건물 오픈 소식으로, 규모·플랫폼 정보 미확인 상태에서 소규모 학생 주거 완공 기사에 해당해 우미글로벌 관련성이 낮음.",False,주거 부동산과 직접적 관련이 없는 기사입니다.
b97ab7e42e23,2026-06-20 21:02:11,2026-05-08 07:00:00,Student Housing — Baylor University (TX),Baylor Students Divert Over 25 Tons of “Bear-ly Used” Goods to Waco Nonprofits - Baylor University,https://news.google.com/rss/articles/CBMitAFBVV95cUxOTnlWN3ZFNkJ0MmJSeE16YVFjWDZfRWJSSjdfZUdaajNBN0I0RlhaZlFkeGxyMGM0ZFJkMno0dkZDQ0dod2VjbHJLQVNVaEJ5bjhOTEVRQ3U4RlVFT0stTnNvdGlWTW0zX3YyVWZVY3FrbFdsQkJIdmExQUpadVk1LVFQWTlOaTRZMjU0dWg4UVgzX0VXc3FaRmotaVBmZ2R3dXFTT3lBbEpGQ3RoVU9pVlZNbGo?oc=5,Baylor Students Divert Over 25 Tons of “Bear-ly Used” Goods to Waco Nonprofits    Baylor University,True,시장,,중립,Student Housing,낮음,베일러대학교 학생들의 기부 캠페인 관련 기사로 부동산 개발·투자·시장 데이터와 무관하며 우미글로벌 관점에서 전략적 의미가 없음.,False,주거 부동산과 직접적 관련이 없는 기사입니다.
46426cb88129,2026-06-20 21:02:34,2026-05-05 07:00:00,Student Housing — University of New Mexico (NM),Letter: It’s Time to Revisit Fieldstone Apartments’ Tax-exempt Status - Amherst Indy,https://news.google.com/rss/articles/CBMiqgFBVV95cUxNVUdnUFd3dFV5WF9rZTRRR3l0UlBaY2hVejN6S19HSTdEOFZqVUxNcklrbVgzVTFReWE5V0w1MWtDX0t4bW0wN1E5RmNyWkxrcWl4b3lkVTBtZnVtRnZPaWdMWFJGUmw3alBhSlU0cVQ3M2ItSzhfZUphWGo4eHYyVVZlM3RFNUk3RVN1WGxOLUxGdUZVd3V1dEZNUXViNlBmQ19BRlpaMlFaZw?oc=5,Letter: It’s Time to Revisit Fieldstone Apartments’ Tax-exempt Status    Amherst Indy,True,시장,policy,혼재,Student Housing,낮음,"단일 캠퍼스 학생 주거 시설의 세금 면제 지위에 관한 지역 정책 논의로, 우미글로벌의 전략적 관심 범위에 해당하지 않는 소규모 지역 이슈임.",False,주거 부동산과 직접적 관련이 없는 기사입니다.
c35315588f2c,2026-06-20 21:02:55,2026-05-21 07:00:00,Student Housing — Ohio University (OH),McDavis Hall set to open in August - thepostathens.com,https://news.google.com/rss/articles/CBMiqAFBVV95cUxNcU01QVE3MjBhcnY4MFdyZm8xSVk0Q2lrZHg5T1QyeVItVkZTWTJybzB3aXFlZ1gtRnhvM0pZM1o4ZU5jTWltSms0OHRWZXpESjhCUXRta2pqelZFTnQ4S1d2d3FrWnFadF9ZTy1KQzRWT1VibmNMbVpFWGlPbjRHOUlwNnlDZkFCUVZXWDBvaHU5eDdTaUF0UkYzWF9oT01VQ3VoX0hGcE0?oc=5,McDavis Hall set to open in August    thepostathens.com,True,개발,delivery,강세,Student Housing,낮음,"오하이오 대학교 단일 캠퍼스의 소규모 학생 기숙사 오픈 소식으로, 주요 플랫폼 관여 없이 500베드 미만으로 추정되는 낮은 관련성 기사입니다.",False,주거 부동산과 직접적 관련이 없는 기사입니다.
c0136b81237c,2026-06-20 21:03:00,2026-05-01 07:00:00,Student Housing — University of North Texas (TX),See which North Texas universities offer free tuition programs for qualifying students - Dallas News,https://news.google.com/rss/articles/CBMi1wFBVV95cUxPN3RNTDFVd3kyajBob0tKWktla3RZdkNyV1laV3dRUGl0WUpCQjY4S05lMmtiZkFhUlVYeDIxY1YwSklRbzgtY1pCX2hwRnBNdkg0SVJTOHFNRURMc0Y3T3h0VFpTZ00wRHhyZTM4SVcyVlEtWTN4RlVmX2NRX2xzUmpXVFZ3ZjRCeGpTN3RkV2xIV1pVNVlfNWd5dm43NkgxU2NncjNYWnVfTEpNVFN6cUQ5Y295QjhFQzdULTQzaUlwREJSaFhpd3FPOUJoQnA2STlrOFB6aw?oc=5,See which North Texas universities offer free tuition programs for qualifying students    Dallas News,True,시장,policy,중립,Student Housing,낮음,"특정 대학의 무상 등록금 프로그램 소개 기사로, 학생 주거 수요나 부동산 시장과 직접적 연관성이 낮음.",False,주거 부동산과 직접적 관련이 없는 기사입니다.
2944cf0be99a,2026-06-20 22:02:37,2026-05-25 07:00:00,Student Housing — Boston College (MA),What if schools could prevent student homelessness? - The Boston Globe,https://news.google.com/rss/articles/CBMijgFBVV95cUxPNmVjSG5xdHgxT3lhWjR6elU3ZDRsUlMzSVo5WmJ6d1NQRzJxZDZTMmJBcC1fUENpZUhxS0FLQm9LREhKTzdxTUd0SXpRM3VJeHZYRU5FTWppdmpRNnhsR3hVcHBwS1M0ODFoSE9jLXVvR3UzTV9EQl9VRng0U3FuSEVTTHVPN3NQaVp5ZXlR?oc=5,What if schools could prevent student homelessness?    The Boston Globe,True,시장,"policy,rent_occupancy",혼재,Student Housing,낮음,"단일 캠퍼스(보스턴 칼리지) 학생 주거 불안정 문제를 다룬 지역 정책 기사로, 규모 기준 미달 및 주요 플랫폼 미포함.",False,주거 부동산과 직접적 관련이 없는 기사입니다.
4195671830dd,2026-06-21 21:01:07,2026-05-11 07:00:00,Student Housing — University of Kansas (KS),Public invited May 15 to open house for KU-designed supportive housing project in Lawrence - KU News,https://news.google.com/rss/articles/CBMi6AFBVV95cUxNM0Y4WEhZVm5TQzgtOXN4RHpkUVJjcm9wTG9jZmpnd3VHeE01eHZSVUVDNVZTZVRHeVlUZEtGNkpxZm9YYXo1dVlrdU9ZMmlCYW5TOWpDd200ZEQ2SEUtRW1kMTJ4d0t2a2pabG9mZzhOcVQwLUV5ZGdSSHBKRmJxRHhNZDQtUm41SThzblRyMk9ZWXRHM2lJc2w2TUlqdWM5Y3AzTnk4YXk1eWh3SzNJU1JRSmMweGZsRXlLNnRFUnVPMVI0V0NtdWROdjlNU1Y1a0hqMTk4Wmw4Y0RQdXZraG1SSkJNa0ts?oc=5,Public invited May 15 to open house for KU-designed supportive housing project in Lawrence    KU News,True,개발,"permit,construction_start",중립,Affordable Housing,낮음,"캔자스대학교가 설계한 소규모 지역 지원 주거 프로젝트로, 우미글로벌의 투자 관심 섹터나 지역과 무관한 낮은 관련성의 기사임.",False,주거 부동산과 직접적 관련이 없는 기사입니다.
d30516eebf96,2026-06-22 21:01:11,2026-05-20 07:00:00,Student Housing — University of Wisconsin - Madison (WI),Madison growth strains housing supply near UW campus - Channel 3000,https://news.google.com/rss/articles/CBMi0AFBVV95cUxOQ3pTV1RtR3JIS2pYS3IyVWp4b0Rvdzl5THVHQ1lZeS1WeHpFaFdhMnQzSl9vOGMtT0kzMXpEX29YRFB6c0NmT3VfWXdFREJIU2lfODFpQ1JKWklTWlRrbXFvY3pZaElZZHhMRGFMbjQ5dXB5Wkd4dm9VT0hReEtPTFB1dXlHX0lYNmhaendvRm9ReXVHV1lib09jbU1OU0JCd1BrRnhpRGNXNEZyWGpkX1NpZzRkYVcxbjJFaXV2ZkRYbWRjNVUydktxZFpNZ1h2?oc=5,Madison growth strains housing supply near UW campus    Channel 3000,True,시장,"rent_occupancy,market_data",약세,Student Housing,낮음,"단일 캠퍼스(UW-Madison) 주변 주거 공급 부족 현황을 다루는 지역 단위 스튜던트 하우징 기사로, 500베드 미만 또는 주요 플랫폼 관련 내용이 없어 우미글로벌 관련성이 낮음.",False,주거 부동산과 직접적 관련이 없는 기사입니다.
32d9446529dc,2026-06-22 22:45:07,2026-05-07 04:05:20,Student Housing — Texas State University (TX),Fungal growth reported in Texas State residence hall - The University Star,https://news.google.com/rss/articles/CBMilgFBVV95cUxPODE4dUFsN1I5RFA5d01tVjE4ZU1qNHZXNlBSekt2Z2VBX2JhWHlyb21Fb3cxRFhqMVBmX1RmN2tnVUEzQ082VWZ1SjhrcFNBazdwTHNWWm1VRm5VVUdaUHBtRGpZZFkyLXR5aUZ4dmZRcXd3T3k1UTFoLU9MU082LUpRMGpUVEFvRFR6OFJVQmF1MnhKYUE?oc=5,Fungal growth reported in Texas State residence hall    The University Star,True,시장,rent_occupancy,약세,Student Housing,낮음,텍사스주립대 기숙사 내 곰팡이 문제는 단일 캠퍼스의 시설 이슈로 규모나 전략적 중요성이 낮아 우미글로벌 관점에서 관련성이 미미하다.,False,주거 부동산과 직접적 관련이 없는 기사입니다.
1c12630e3a5c,2026-06-23 21:03:56,2026-05-28 18:27:04,Bisnow,New Chapter: How Convene Plans To Scale Its Global Experiential Footprint,https://www.bisnow.com/new-york/news/commercial-real-estate/global-experiential-footprint-convene-studiob-134767,"The future of meetings isn't defined by space alone but also by the experiences people remember and the ideas they inspire.
At the forefront of this evolution is New York-based Convene Hospitality Group, or CHG. The multibranded hospitality company,...",True,시장,market_data,중립,Mixed-use,낮음,이 기사는 회의 및 이벤트 공간 운영사인 Convene의 글로벌 확장 전략에 관한 내용으로 주거용 부동산과 직접적인 관련이 없습니다.,False,주거 부동산과 직접적 관련이 없는 기사입니다.
83277dd4a4b6,2026-06-24 21:01:40,2026-05-29 07:00:00,Student Housing — University of California - Riverside (CA),"UPDATE: ACCORDING TO RIVERSIDE FIRE DEPARTMENT THERE WERE 50 UNITS INVOLVED, 112 THREATENED TOTAL, THERE IS AN ESTIMATED 150 PEOPLE DISPLACED IN THIS FIRE, A MIX OF THE GENERAL PUBLIC AND UCR STUDENTS. W - facebook.com",https://news.google.com/rss/articles/CBMi5AFBVV95cUxPRjU3YjNTNTlQc2ZFTWs5bS1zQ2NEdTdkRmVCcXN1aFNGM3hEeEdiVklNZGFNRTN5djcwYTNWWk15SHNvM0d2QjVKSjJldEpoTVVzTGl2Q01HcU9ZaUNkdDdNUWlMWk05MXNfX0c4MFpGWnpNTlVGUFdDdEJpYklDMTVDWGxwdC1QdXRXMjdwbEJGem5SSUc0RFpYUndMRndmTG5xdmlvU2FmMDVCbFQ1dmVlZ0hoQzA4aFZNV1ViN0V2N3VGVFl0Zmt3V1pRQjN6MXMtTHlBclk2dFN0T2hjblVpaHA?oc=5,"UPDATE: ACCORDING TO RIVERSIDE FIRE DEPARTMENT THERE WERE 50 UNITS INVOLVED, 112 THREATENED TOTAL, THERE IS AN ESTIMATED 150 PEOPLE DISPLACED IN THIS FIRE, A MIX OF THE GENERAL PUBLIC AND UCR STUDENTS. W    facebook.com",True,시장,market_data,약세,Student Housing,낮음,"UCR 인근 화재로 50세대가 피해를 입고 150명이 대피한 사건으로, 소규모 지역 단위 사건이며 우미글로벌의 전략적 관심 범위와 무관하다.",False,주거 부동산과 직접적 관련이 없는 기사입니다.
bea11b4d5a55,2026-06-24 21:02:02,2026-05-09 07:00:00,Student Housing — University of South Carolina (SC),USC begins demolition of 70-year-old residence hall where new student dorm is planned - The State,https://news.google.com/rss/articles/CBMidkFVX3lxTE8tM1lPWGFXM203WlpmaEpMbVJHNzJfWlJUZXRYanpUaUpFRDZOQ3VCMTRCZVI0SEJJd0FaWnVObXhxUnBhTzByTml4TW9salc2cm1mY3AtMVpqSFNpQmtZeEJINkFEclNuVkw1RUJuUlZSU0VNcmfSAXZBVV95cUxObzZLWnlUNzlhSlVMRFFsNTJOb1FvT1h3cHBfY3p5dDViVC05a041cldWa2xuZmVYQ09Ud1VTdUw1aUpwVk1NS2hKcXFKSWV1M283M09SclN6VTZsclVuNngtck8xU2UySlBBN0hWWmE2dWR4MHVn?oc=5,USC begins demolition of 70-year-old residence hall where new student dorm is planned    The State,True,개발,"construction_start,permit",중립,Student Housing,낮음,"단일 캠퍼스 소규모 기숙사 철거 및 신축 계획으로, 주요 플랫폼 참여 없고 500베드 이상 여부 불명확하여 우미글로벌 관련성 낮음.",False,"사우스캐롤라이나 대학교(USC)가 약 70년 된 기존 기숙사를 철거하고 신규 학생 기숙사를 건설하는 계획을 추진 중입니다. 현재 철거 작업이 시작된 단계이며, 구체적인 규모(베드 수)나 총 투자액은 기사에서 명시되지 않았습니다. 단일 캠퍼스 내 시설 교체 성격의 프로젝트로, Core Spaces, Landmark, Greystar 등 주요 학생주거 플랫폼의 참여는 확인되지 않습니다. 우미글로벌 입장에서는 직접적인 전략적 연관성이 낮은 사안으로, 모니터링 우선순위는 낮게 설정하는 것이 적합합니다."
c6389c2ec8ae,2026-06-24 21:02:04,2026-05-08 07:00:00,Student Housing — University of Massachusetts (MA),UMass Amherst picks developer for major campus housing overhaul - Amherst Bulletin,https://news.google.com/rss/articles/CBMipgFBVV95cUxOa0JfWTBXcERZeENaUjBwdVo0UmQxY0NEZWo2aVpTOU9oYXhFQ3B1NHltY0puRDh2cEtaTXlvTE5GcW1hMm14RXY5YmtJajRuQWF4X25MaXdiZmZNRnNYRHhxNTEyRlhCTFF2MWxXM1c0WG44ZENkTGdSaEptZVU3WnZoSV9aMFp4Q1hyVVpqOUpzYWtST2ZMVXk5cHYycE1jMnlKMklR?oc=5,UMass Amherst picks developer for major campus housing overhaul    Amherst Bulletin,True,개발,"land_acquisition,construction_start,permit",강세,Student Housing,보통,"UMass Amherst 캠퍼스 주요 주거 재개발 사업이나, 매사추세츠 단일 캠퍼스 프로젝트로 주요 플랫폼(Core Spaces/Landmark/Greystar) 관여 여부 불명확하고 규모 미확인으로 '보통' 판정.",False,"매사추세츠 주립대학교(UMass Amherst)가 캠퍼스 내 대규모 학생 주거 시설 재편을 위한 개발사를 선정했다. 구체적인 침대 수(beds) 및 사업비 규모는 기사에서 확인되지 않으나, '주요 캠퍼스 주거 재편(major campus housing overhaul)'으로 묘사되어 상당한 규모가 예상된다. UMass Amherst는 매사추세츠 주 최대 규모의 공립대학으로, 학생 주거 수요가 지속적으로 높은 시장이다. 현재 전국적으로 학생 주거 섹터에 기관 자본 유입이 활발한 가운데, 대형 공립대학 캠퍼스 내 주거 현대화 수요가 증가하고 있다. 우미글로벌 입장에서는 직접적인 전략 시장(Sun Belt)과는 거리가 있으나, 학생 주거 개발 트렌드와 공립대학 파트너십 구조 측면에서 참고 가치가 있다."
812be197a028,2026-06-24 21:02:50,2026-05-07 07:00:00,Student Housing — San Jose State University (CA),Sakura Marketplace expects to bring dozens of workers to downtown San Jose - SiliconValley.com,https://news.google.com/rss/articles/CBMirwFBVV95cUxOMDllY0MtNHpmUDdIS2F6Nld4OXJETXJoVWRMeE1TNWFLSjVBVlZtNjdHaVBrQUt6Z1R2MGljcFF2OHpqa1IzN2VjYTdhbHREZllHNjR3R21zdUJHUHdSSVlVWTRnNmVsUnE5ZWFGSnA2bE9jRFpTWDJ1bk5BcHpyN0tPeld2NzhuQldiSHMyTTFjQUhlaG9lRjBJZ3pxVFRWSl91TV9MWWtvbmFNRVZn0gG0AUFVX3lxTE9RbFowVXprb0xQUV9YcW1oWHpITVh2UVVrdGZ2dXRIZnV5RmpfNTNKOFFpeHBCRDBsdEpIdVIyZlJQM0tjYXY3LUg4X1plUEg5eWpOMzdNX1ljTDk3aUs3cU5OOHNkbmJlazdvMlhqZGFCb0stWld2MWFGUndOaVYtejRDNlpnWDc1WXdaelVGZGVtVzVVdkpWWklKWlRwZldSTnZrOEpqb2lfUmJ2Tk1rTURYVg?oc=5,Sakura Marketplace expects to bring dozens of workers to downtown San Jose    SiliconValley.com,True,시장,market_data,강세,Mixed-use,낮음,"산호세 다운타운의 소매 마켓플레이스 개장 관련 기사로, 주거 부동산과 직접적 연관성이 없어 우미글로벌 관련성이 낮음.",False,주거 부동산과 직접적 관련이 없는 기사입니다.
4b84fe2430a5,2026-06-24 21:03:20,2026-05-03 07:00:00,Student Housing — Boise State University (ID),"Lab space, dorm rooms, Greenbelt improvements: What Boise St... - The Lewiston Tribune",https://news.google.com/rss/articles/CBMi1wFBVV95cUxOZi1tUHVPeFV1TWRQTWlTckdtU0M0UE51US1YTUl0Mnp6Y3VKNjk5WVRHSVhXazd1WVRqalk1Z3FwMkxza1hCR3NMYjhyR18tSjdXdDRvOFI1MFQtN0xZOVgtNTNPc3hRYmJBSXB6b1V0R0ZNVnR3MlUxbUh3Q2IyODRDaWl0eXFUY09OOWs2LW1FREE4NHRKTTd5T19TdVhjOUxheU9CelBiQlJWbEZfRFkyR2pJSXp1bUpQejlqUjdsY1ZMSVhSRXRISVBpV2ZFaTVzREQwZw?oc=5,"Lab space, dorm rooms, Greenbelt improvements: What Boise St...    The Lewiston Tribune",True,개발,"construction_start,permit",중립,Student Housing,낮음,보이시 주립대 기숙사 개발은 소규모 단일 캠퍼스 프로젝트로 주요 플랫폼 참여 없이 500베드 미만으로 추정되어 우미글로벌 관련성이 낮음.,False,주거 부동산과 직접적 관련이 없는 기사입니다.
14d47162a53e,2026-06-24 21:03:52,2026-05-29 17:13:19,Bisnow,Let's See Some ID: A Walk Through The Security Layers Of A Data Center,https://www.bisnow.com/national/news/data-center-sustainability-operations/security-data-center-ameristar-studiob-134786,"When Dorothy and her friends finally made it to the gates of the Emerald City, all they had to do to meet the wizard was present a pair of ruby slippers. They're lucky those gates weren't operating like a modern data center, however: That would have required...",True,시장,,중립,Multifamily,낮음,데이터센터 보안 인프라에 관한 기사로 주거 부동산과 전혀 관련이 없습니다.,False,주거 부동산과 직접적 관련이 없는 기사입니다.
f2ec89e73fb6,2026-06-25 21:03:45,2026-05-04 07:00:00,Student Housing — University of Akron (OH),Housing initiative creating bonds between Akron residents - Yahoo,https://news.google.com/rss/articles/CBMilwFBVV95cUxORlV3UHBRbFJFOFlNZ1dVZHdBUDhsTl9lWkkxOHRHNUVfa0lQS0ZUbEt2YW5Ea0ptMHRyVEIyWDNzY1dIekswaFRuUWVNaExCS1ZzU3hFcHFQNXhPbXE1R2tuVzlxZTFraDJSeEgwb0tQTjhfQlZtbXFIOUZ2a3NzOGFoSWhwNExxRWZESG1RYTBMME9mcDZr?oc=5,Housing initiative creating bonds between Akron residents    Yahoo,True,시장,market_data,중립,Student Housing,낮음,"오하이오주 애크런 대학 관련 소규모 지역 주거 이니셔티브로, 우미글로벌의 전략적 관심 지역이나 규모 기준에 해당하지 않는 낮은 관련성 기사입니다.",False,주거 부동산과 직접적 관련이 없는 기사입니다.
b940edae870c,2026-06-25 21:03:51,2026-05-21 19:53:09,Bisnow,How Properties And Internet Service Providers Can Ensure Renters Have Day 1 Connectivity,https://www.bisnow.com/national/news/multifamily/quantum-fiber-day-one-connectivity-studiob-134691,"Multifamily renters don’t just want fast, reliable WiFi — they want it yesterday. 
The 2024 National Multifamily Housing Council/Grace Hill Renter Preferences Survey Report found that 87% of renters consider it “very important” or “absolutely...",True,시장,"market_data,rent_occupancy",중립,Multifamily,낮음,"임차인 WiFi 선호도에 관한 기사로, 직접적인 개발·투자·시장 동향과 무관하며 우미글로벌의 전략적 의사결정에 미치는 영향이 낮음.",False,주거 부동산과 직접적 관련이 없는 기사입니다.
dede6eb46e8b,2026-06-25 22:18:28,2026-05-21 07:00:00,Student Housing — Massachusetts Institute of Technology (MA),"Manhunt underway after woman allegedly assaulted inside Harvard dorm, suspect spotted at MIT: officials - 930 WFMD Free Talk",https://news.google.com/rss/articles/CBMizwFBVV95cUxQX1BnRDk3c1RMM3Nrb3VUdkU5di1fbmxoN0FGUTQwdlhKM1E4a1dIWUlmNlQ2U29wTEx5a0FQTlRxWWxDa0VTTmZfTFpPYWRtRkFBQzNvU3BWOWxwVjZPOEtOVkQwbkNSN1NDUzlmemZ5ZTB0TUVGa2VjN28tdEx3ZFFaQ3BrY004ang4YV90Q1N0RDFXbExlbktSNWgwaWM2UHc3OENuVTJFeXFPQnU2eW9pUlJmUXNGRHdDNGVVel9sWUo1NnVZUmYwQzVTSEk?oc=5,"Manhunt underway after woman allegedly assaulted inside Harvard dorm, suspect spotted at MIT: officials    930 WFMD Free Talk",True,시장,,중립,Student Housing,낮음,하버드 기숙사 내 폭행 사건 관련 수배 뉴스로 부동산 개발·투자·시장 데이터와 무관한 기사임.,False,주거 부동산과 직접적 관련이 없는 기사입니다.
1c5654ac4b54,2026-06-25 22:19:48,2026-05-04 07:00:00,Student Housing — Tarleton State University (TX),Tarleton State unveils plan for 80-acre campus expansion in southwest Fort Worth - Fort Worth Star-Telegram,https://news.google.com/rss/articles/CBMifkFVX3lxTE5hQVFISEFzZnNza3lZMk9DSHhCMWt2b1M3WEpyWUxVOThTZ2ppcTdCWU1yTWp1Z3phQ1A5ekhYMWR4OWRJZV9iWmJtaWdjaUFvTzRFUk5wUEJXU0dDWFFBSFRINTNWMDlpS2NCZ1lRanY4Y3BGS2c3bUh2enAyUdIBfkFVX3lxTE9nbUpYVngtX1Y0TU9ObnMwODVSbEctU0wwOENJQUF0X2YwVG82blNlVXRnVEFSMVhWS19jR0IxX19haDVHU1RnYlZaVERYcnFkSjhSSnI4X2x4R3JSNG5pTUY5cTBKZzh5eUZnUXUxbEJEb3FnOEJOalQzYXFfZw?oc=5,Tarleton State unveils plan for 80-acre campus expansion in southwest Fort Worth    Fort Worth Star-Telegram,True,개발,"permit,land_acquisition",강세,Student Housing,낮음,"텍사스 Tarleton State 대학의 80에이커 캠퍼스 확장 계획으로, 학생 주거 관련 내용이나 주요 플랫폼 개발사 참여 없이 단순 캠퍼스 개발 발표에 그쳐 우미글로벌 관련성이 낮음.",False,"텍사스 Tarleton State 대학이 포트워스 남서부에 80에이커 규모의 캠퍼스 확장 계획을 발표했습니다. 해당 계획은 기존 캠퍼스 외부의 신규 부지를 활용한 대규모 물리적 확장을 포함하고 있습니다. 그러나 기사에는 구체적인 학생 주거(beds) 규모, 투자 금액, 또는 Core Spaces·Landmark·Greystar 등 주요 플랫폼 개발사의 참여에 대한 언급이 없습니다. 포트워스는 텍사스 선벨트 시장 내 성장 지역이나, 이번 발표는 학생 주거보다는 캠퍼스 인프라 확장에 초점이 맞춰져 있습니다. 우미글로벌의 주거 개발 전략과의 직접적 연관성은 낮은 것으로 판단됩니다."
61ee4d3ad323,2026-06-25 22:19:51,2026-05-03 07:00:00,Student Housing — Boise State University (ID),"Lab space, dorm rooms, Greenbelt improvements: What Boise State University has in its 10-year plan - Moscow-Pullman Daily News",https://news.google.com/rss/articles/CBMi0gFBVV95cUxObWJpcWRoWmRBbkFEMDRpNDJMX191VThKc25wcnROc0lNRjFrZnFnaE1ZVUd2Wl9PVGZHcDZEcFdkNHE3bVVNc2hrVW92WlBZSUs3VlVpM0RIU0daY0kzN05jMWJjSW9lZG9UUUlyVTl5VllOQTA0VFZzazNUQVRuRXZ6RzRBdS1Hd1piN0V5NngxZGVmR20wVEpmTnRDVGkxbU1rdU1IYjRZVnE4dVpBcWtrSE9KZkJPMWFyTGgydTR2T3FuZFdoVU0zOFl5dk8ycVE?oc=5,"Lab space, dorm rooms, Greenbelt improvements: What Boise State University has in its 10-year plan    Moscow-Pullman Daily News",True,개발,"permit,construction_start",강세,Student Housing,낮음,"보이시 주립대의 10년 장기계획 내 기숙사 확충안으로, 구체적 착공 정보나 주요 플랫폼 참여가 없는 단일 캠퍼스 계획 기사임.",False,주거 부동산과 직접적 관련이 없는 기사입니다.
b51b7c345b17,2026-06-26 21:03:12,2026-05-15 07:00:00,Student Housing — University of Texas - Rio Grande Valley - Brownsville Campus (TX),City of Brownsville and UTRGV task force increase course offerings at Brownsville campus - ValleyCentral.com,https://news.google.com/rss/articles/CBMi0AFBVV95cUxOX0FvVVRNOW9Xb3ZZSGRDX21zTUVETjY1N0JBX1pVQ3luanlxRmoyUzFIdkhEVzUyYk00cXR4ZFhDVS1mS1hJbmZfTlpEUlRHM0NwTzlUYVplUzh4YlFIR2djbkJLcXdMYnlHZkU1d1lXS2E5MVBBR0Fsei01VDZId2I5WDNOcG9TSDBwakhILVQyYURWMkRlWXozc055VTZkcG5WSGtjc01hSUY0RUhONXBJRFFGeGg0Ylc4UUtJbUV1ZTU5dEFhSzBwRERuM2pw0gHWAUFVX3lxTE0zcDNMMjVQcWMxakJ5dG5HZmt2TlNmVjFaQVd3eFRlSTBNMXJfT0RuOFR2Q1Zsb0FKTU1TTU12ODVEeTdVZzl5c092b2x2STRsMTRDaXlQOTQybHJZM1NBZEFYb3QweVgycFczakktZlRmSFNxVmV6VG9WTHlkRVVyaC1KdzlZT2EzLUNjSk9wT2pwZ0dOQVRIb2l2OGpkQlUteDQza2RKWUlGSWczRFQzT0hsZE03V0sxazVGSHBlb3pveGpUOU52bWNNcGRleDJuREtITlE?oc=5,City of Brownsville and UTRGV task force increase course offerings at Brownsville campus    ValleyCentral.com,True,시장,market_data,중립,Student Housing,낮음,"단일 캠퍼스(UTRGV 브라운스빌)의 강좌 확대 관련 기사로, 학생주거 수요에 간접적 영향만 있으며 주요 플랫폼이나 $50M+ 거래와 무관한 소규모 지역 뉴스입니다.",False,주거 부동산과 직접적 관련이 없는 기사입니다.
616f03571abb,2026-06-27 21:03:28,2026-05-20 07:00:00,Student Housing — Missouri State University (MO),Northwest names Skinner as next vice president of student affairs - Northwest Missouri State University,https://news.google.com/rss/articles/CBMiigFBVV95cUxPYTdVY1g1X3RXc29MWnVZRTNMLUJfS05jRXc5RDRENXpoZGgwSDV0RHhnSTVld1hjRGJ4OXZHcTkyZUJGaWhWOTJxbmF0T2VwV2tHaUlWUVFhN3lBOTRmUGotQjY0MXJ1TTV2cXhmRFFRNmpXQW1FVlpXRjB1RUtFc3UtcXpIbEZ6ZWc?oc=5,Northwest names Skinner as next vice president of student affairs    Northwest Missouri State University,True,시장,,중립,Student Housing,낮음,대학 학생처 부처장 임명 기사로 학생 주거 부동산과 직접적 관련이 없는 인사 소식이다.,False,주거 부동산과 직접적 관련이 없는 기사입니다.
2f47aebee2ea,2026-06-28 21:01:29,2026-05-04 07:00:00,Student Housing — San Diego State University (CA),SDSU parents say mold in daughter's Zura Hall dorm room caused months of serious illness and emergency surgery - 10News.com,https://news.google.com/rss/articles/CBMi4gFBVV95cUxPYll0bjYxYTFKcGhxc0R6Z29KT09DMGdsZ0JlcmlzN3VyRGhYU3dlWm95VER2SUFpNWRVV3BNamZMM2F0cWxWM013d182ck0xMExYTldPRnRwV1NpbG55SXp0Ynp2UXlTYWdZTGJnWWdOeFhKT0xqQmQ1WVF1WjhRc3k3RmhUYjhjMWpJenp5RWxhRUVWbHhpaVBzbzI3SkcyMzRBOFZrRUNCUmJlaUtEeDFxeDR2Q3NMaTduUFIyVnRfQ1VUYXJrNEV0TEVrNzhHcDhNMG4wZ2ZxYk5HdzYxa2JR?oc=5,SDSU parents say mold in daughter's Zura Hall dorm room caused months of serious illness and emergency surgery    10News.com,True,시장,rent_occupancy,약세,Student Housing,낮음,"단일 캠퍼스 기숙사 내 곰팡이 피해 사례로, 개별 건물 수준의 이슈이며 우미글로벌의 투자·개발 전략과 관련성이 낮음.",False,주거 부동산과 직접적 관련이 없는 기사입니다.
00c0ce9491e6,2026-07-06 02:36:14,2026-05-05 07:00:00,Student Housing — University of Virginia (VA),"In split vote, Charlottesville councilors allow seven-story development in Fifeville to move forward - WVIR",https://news.google.com/rss/articles/CBMiwwFBVV95cUxQWFhJSkgza0w0dDQtY211WW5KS3d4SHJfMnJWQUc2bEoxRkdQRkVxclFTM0hTQ0JDV2xIZUtRV3pOaTM2T083aWpqQmoyUWpzdFFab2JZT1JZcTdPcVI3emx5alU0TVZzcUlpMm5EbWFRdVdVZ0VWOVNSQVFnLWtTQVdLLXliWmVHOGQxQ3NHaWtxTjU0TlMtUElUclZIQ1pKQTRCZWFRX2dkWGJ1QmZsYkhvUWtRU1VxSlBGSENnYnBwM0XSAdcBQVVfeXFMTTN2ZVpIU25HcjBIaVl0U1AwOFVMeWVBclh6T0FBRkNjdUs0NHZ3dTViMDNtVWVOWkduS2dVLTVrajBZd1JqMXFpVDFHRGZ2c2EzTFJRTktoVHhxSDUtRVljMllfY2RJRERFakVJelVYVGlpdkFIQnVaMTd3b3BUdkZpZGp6cmpLOFBLSGpsZHFrdVpLYmp0dnNBSkdyZXRHV3hlQnpGeGZMYU81YTJVSmRPTHBxeXBHemNsWWdRVERhOWNjc3lGMkJZay10aDdKczZ1MjVKUzg?oc=5,"In split vote, Charlottesville councilors allow seven-story development in Fifeville to move forward    WVIR",True,개발,"permit,land_acquisition",중립,Student Housing,낮음,"버지니아대학교 인근 소규모 학생 주거 개발 프로젝트로, 메이저 플랫폼 참여 없이 500베드 미만으로 추정되어 우미글로벌 관련성이 낮음.",False,주거 부동산과 직접적 관련이 없는 기사입니다.
47ead1229367,2026-07-06 02:37:21,2026-05-22 06:39:46,Student Housing — University of South Alabama (AL),SouthPaw Village - University of South Alabama,https://news.google.com/rss/articles/CBMic0FVX3lxTE5sQkY2d1BVSllXcl9Kb2VUUFVLZGZjRGVhLURCU0RPODhWWm9iSGp1NkxWbEk5TlQ3S2x6TW85RDhGeDJVSzNIUVJDZ1VORFRDSXhGUC1LdnpCZHAxZXpveWZ6UlRSaHJoaXQ3dW1XbDJSRVk?oc=5,SouthPaw Village    University of South Alabama,True,개발,"construction_start,delivery",중립,Student Housing,낮음,"앨라배마 사우스 대학교 인근 학생 주거 시설로, 규모 및 침대 수 정보가 불충분하며 주요 플랫폼 참여도 확인되지 않아 관련성이 낮음.",False,주거 부동산과 직접적 관련이 없는 기사입니다.
19a57d7f957e,2026-07-06 02:38:08,2026-05-28 18:12:19,Bisnow,How Augmented Reality Technology Can Be The 'Golden Thread' Linking Design And Construction,https://www.bisnow.com/national/news/data-center-development/data-center-augmented-reality-xyz-reality-studiob-134768,"Hyperscalers are projected to make up two-thirds of total data center capacity over the next five years. This is a big surge from the near 50% they make up today. 
Data centers are being built at a record pace to accommodate demand driven by artificial...",True,시장,construction_cost,중립,Multifamily,낮음,데이터센터 및 AR 기술 관련 기사로 주거용 부동산과 직접적 관련이 없음.,False,주거 부동산과 직접적 관련이 없는 기사입니다.
ed417de03b7b,2026-07-06 22:11:22,2026-05-14 07:00:00,Student Housing — Colorado State University (CO),Former CSU student arrested on sexual assault charges; Fort Collins police seek additional victims - 9News,https://news.google.com/rss/articles/CBMiwgFBVV95cUxNbmFUcURvLWRDcWdaVnZWRlpnczhmRENfaDFoMGd1S3R2Z0dBd0wzMVZhN0NIck0wUVFjcUVERUNUbTdhWmxOZTZETUJkVEJRbzFVMlJrQTI5cEVLYWxNaXBMd0czbXAwbUUxdFM5aGlUMHdHcUhsRDlNcF91Ukt0emxiTmFSZC1rREhMQkxhdEdpX0xqbno3RHB0aHhaZm9MT2VvUHlWT0V2MEtwVW1TR0M0M3JBSk1pQzQ5a0UwWklaQQ?oc=5,Former CSU student arrested on sexual assault charges; Fort Collins police seek additional victims    9News,True,시장,,중립,Multifamily,낮음,주거 부동산과 무관한 범죄 관련 뉴스로 우미글로벌의 투자 또는 개발 전략과 직접적인 연관성이 없음.,False,주거 부동산과 직접적 관련이 없는 기사입니다.
be887db3ec9d,2026-07-07 22:08:25,2026-05-18 07:00:00,Student Housing — Kent State University (OH),"Starmer should put Burnham in the cabinet to create a 'team of all the talents', says Harman - Salvador Dalí Museum",https://news.google.com/rss/articles/CBMizgJBVV95cUxPd1BQNzhqejZiQmUzYmExSFBZZVQ0S3ZMZ0o2WGxqSkdZT1dXT3JDX3ZxM2VSSEl3T01YQ3ZlbFFUQmN5WjdkT0I4Y0N2aks2S3dfdVQyMDg4OE12VEVCTWQ5aUxBUUxSYkhnYTZKMkZRSF9ieTRBSEJFbWV4MmJzci11MEpIMW5SV3gxcTZyemJrTDZzY1hMdVRtTGZaXzVwR2xaTGRVN3k4UTF5Qk9qbWt1djV1TG1QVE1FbkpwMlBaMVBMZnZKcmhhbHJvTUtBMFFEbTJIWlRxUHBQWElCOEhnVzZzbENKR1R6dy1NN0c2eDBHcy1jRGhLLUd1LTdGYkpBclRjOVZNcVZmbkpuWDR2RGluQjN3LVVFdFhROXY5RnBVVmJfVVl0QW02ZV82MUN6QVZ4RE5ZTDZwSFl4RkdaRlVIemltMW02VlB3?oc=5,"Starmer should put Burnham in the cabinet to create a 'team of all the talents', says Harman    Salvador Dalí Museum",True,시장,policy,중립,Multifamily,낮음,해당 기사는 영국 정치 인사 관련 내용으로 미국 주거 부동산과 전혀 무관하다.,False,주거 부동산과 직접적 관련이 없는 기사입니다.
0a4947108b21,2026-07-10 21:03:13,2026-05-08 07:00:00,Student Housing — California State University - Chico (CA),Beloved Faculty Leader Expanded Student Legal Services and Community Programs at Chico State - Chico State Today,https://news.google.com/rss/articles/CBMiXkFVX3lxTE5hYXNlNEp0NjFNbWhmLWY2T1paWm5HUElwa196Z2pKQm1KcFotSGxfbXJ6R2ZiN3JkWHZZekcwXzBjWjFjRk1FM3cwMGoxZ1JsNW94c2huRHQwbGF1N3c?oc=5,Beloved Faculty Leader Expanded Student Legal Services and Community Programs at Chico State    Chico State Today,True,시장,,중립,Student Housing,낮음,"이 기사는 학생 법률 서비스 및 커뮤니티 프로그램 확장에 관한 내용으로, 부동산 또는 주거 개발과 직접적인 관련이 없습니다.",False,주거 부동산과 직접적 관련이 없는 기사입니다.
8b62d1a79a27,2026-07-12 21:02:36,2026-05-28 07:00:00,Student Housing — Northeastern University (MA),"Northeastern University Fought To Take Over A North Park Block. 10 Years Later, It's Still Vacant - Block Club Chicago",https://news.google.com/rss/articles/CBMi0AFBVV95cUxPRVl2YlVuN0xjSjFvTHpFelhRQUliR2dEelFpUG1QYkRRc3J4a2lTREJYRDJ2Zm8zMFJrNV92TmMxS0lkYWdRQklNbTJWS3dnQ3J6SVh0MlN2MlB1cmNEeWhtaWJZNTc3S1lqcWwzM0djRHE5YmM0dXdid2FQd19GdmloM2hvRzZESnNCMlVsX0J1TXRVWGxITVpHdkY4M2VRcUlvWkxwMWczb05wcDdNRXF5MGp1MkM4MDJVb3Q0TUhnU3pTRF9DRDBKUWlURUJY?oc=5,"Northeastern University Fought To Take Over A North Park Block. 10 Years Later, It's Still Vacant    Block Club Chicago",True,개발,"land_acquisition,permit",약세,Student Housing,낮음,"소규모 단일 캠퍼스 학생 기숙사 관련 토지 분쟁으로 10년째 공실 상태이며, 주요 플랫폼 개입 없는 비핵심 기사임.",False,"시카고 노스파크 지역에서 노스이스턴 대학교가 10년 전 토지 확보를 위해 싸웠으나, 해당 블록은 현재까지도 공실 상태로 남아 있습니다. 구체적인 개발 규모나 투자 금액은 기사에서 명시되지 않았으며, 대형 학생주거 플랫폼(Core Spaces, Landmark, Greystar 등)의 참여도 없는 단일 캠퍼스 사례입니다. 10년간 개발이 이루어지지 않은 점은 해당 지역의 개발 규제 또는 대학 측 전략적 우선순위 변화를 시사합니다. 우미글로벌 관점에서 이 기사는 직접적인 투자 또는 파트너십 기회와 무관하며, 시장 인사이트 측면에서도 참고 가치가 낮습니다."
623b4a16ffea,2026-07-13 04:34:21,2026-05-01 07:00:00,Student Housing — Montana State University (MT),From dorms to firehouse: MSU senior blends business and emergency service - Billings Gazette,https://news.google.com/rss/articles/CBMinwFBVV95cUxOMkdvSm9feFh5MnhSZC1fcTVkTmxXSThCZW51ZGF0eXpmRF96T1k5OGphVDRPT3B5VVo2X1V1UlpFUi1qa1l1dEg4QlQ1WGJRbkxTaURmdzlHMXJfaTl0RFBBTjl6NFJ0ZWdyR2xmY0s5SlBUeUZGeHFSZjN4WVdxOHlVVUtaWFpucWppWlNYRk5zWHRRYWtvX0NXWG5qLUU?oc=5,From dorms to firehouse: MSU senior blends business and emergency service    Billings Gazette,True,시장,,중립,Student Housing,낮음,"MSU 학생의 개인 스토리 기사로, 부동산 시장이나 개발과 관련된 정보가 전혀 없어 우미글로벌 관점에서 투자 참고 가치가 없음.",False,주거 부동산과 직접적 관련이 없는 기사입니다.
438709714608,2026-07-13 23:31:36,2026-05-19 02:53:00,Student Housing — University of California - Berkeley (CA),"Starmer should put Burnham in the cabinet to create a 'team of all the talents', says Harman - Salvador Dalí Museum",https://news.google.com/rss/articles/CBMi2AJBVV95cUxNdlJmeUVENW51emdvZ29zdTAtUkZpSEVKVURFTHFXUHM1MlJBeUFCZmMwTWc2TndLTnBxQ2ZtMUZEaDIzeXdheXd4bWpIYXJ4U0pKbWltWHZrZGVvMzYybjZUckZ5QWd6YlhjTWR5Uko5QjY3TTdpd3RTMmF2SzJ3MEdYak1CaG81ZURjYjcwYW9obGpONE9ROWIweHlSS1BMNEw0d0FzZTVTb2EyQS1IR1hZUUZpNVpkYmZER0JWR3F3MVpaTDB2SXpkbXRjd0MxdEhkRlJDMi1Qc05wVENDM08wRGkxaUlxb2lNcFY1bElvOEU5c09aRUc2bE4tdWd2cDgwUl9JWWRiZkJVeTJLeXlDVUFKQXJhRjV6SGNvajFZcFhqUEJaTTFldHFYU2M5bmdoT29nZ20xRmN5M0pNVkVFVXYxbUJVTGo2STNfRzFGV1ZsUnNkWg?oc=5,"Starmer should put Burnham in the cabinet to create a 'team of all the talents', says Harman    Salvador Dalí Museum",True,시장,,중립,Multifamily,낮음,영국 정치 관련 기사로 미국 주거 부동산과 전혀 무관하며 우미글로벌의 사업 방향과 연관성이 없음.,False,주거 부동산과 직접적 관련이 없는 기사입니다.
771cace7aac8,2026-07-14 21:03:56,2026-05-29 19:52:14,Bisnow,'It's Game On': What Expansion Looks Like For Rose Associates In Northeast Multifamily Market,https://www.bisnow.com/new-york/news/multifamily/its-game-on-what-expansion-looks-like-for-rose-associates-in-northeast-multifamily-market-134793,"Rose Associates, a New York-based multifamily property manager, has more than 40,000 units under management. It’s already one of the largest firms in the region, but it's not stopping there.
The firm is rapidly expanding its presence throughout the...",True,GP·자본흐름,"acquisition,transaction",강세,Multifamily,보통,"Rose Associates의 북동부 멀티패밀리 플랫폼 확장 움직임은 주목할 만하나, 우미글로벌의 핵심 Known GP 목록에 포함되지 않으며 주요 Sun Belt 시장과의 직접 연관성도 낮아 '보통'으로 분류.",False,"뉴욕 기반 멀티패밀리 자산관리사 Rose Associates가 북동부 지역에서의 사업 확장을 본격화하고 있다. 현재 40,000유닛 이상을 관리하는 이 회사는 이미 해당 지역 최대 규모의 운영사 중 하나로, 추가적인 외형 성장을 목표로 하고 있다. 이번 확장은 멀티패밀리 시장 내 대형 운영 플랫폼들이 규모의 경제를 추구하는 업계 전반의 트렌드를 반영한다. 다만 Rose Associates는 우미글로벌의 핵심 파트너사나 경쟁사 목록에 포함되지 않으며, 확장 지역도 우미글로벌의 주요 타깃 시장인 Sun Belt와는 거리가 있다. 우미글로벌 입장에서는 북동부 대형 운영사의 플랫폼 성장 방식을 벤치마킹하는 참고 자료로서의 의미가 있다."
083454216dcb,2026-07-15 21:02:01,2026-05-08 07:00:00,Student Housing — University of Tennessee (TN),Preiss Expands Signature Brand with Dual-Market Developments Near North Carolina State and University Tennessee Knoxville - Yield PRO,https://news.google.com/rss/articles/CBMiX0FVX3lxTE9xckx5T0dxMm1JRDhGTVNZekRnT0pEX3VKWTZhRHQtUktYOG1aQ3p5QXRPTnVQa3pMcHJIU0FJTXRHM21UbWh6VTVIQUViQldzZzF6ckpDNzBCbzlvUlo4?oc=5,Preiss Expands Signature Brand with Dual-Market Developments Near North Carolina State and University Tennessee Knoxville    Yield PRO,True,개발,"construction_start,land_acquisition",강세,Student Housing,보통,Preiss의 학생 기숙사 개발 발표이나 주요 플랫폼(Core Spaces/Landmark/Greystar) 미포함 및 500 beds 초과 여부 불명확으로 '보통' 분류.,False,"미국 학생 주거 전문 디벨로퍼 Preiss가 노스캐롤라이나 주립대학교(NC State)와 테네시대학교 녹스빌(UTK) 인근에 신규 Signature 브랜드 개발 프로젝트 두 건을 동시 발표했습니다. 두 캠퍼스 모두 대형 주립대로 학생 주거 수요가 안정적으로 뒷받침되는 시장입니다. 구체적인 유닛 수 및 beds 수, 투자 규모 등 세부 수치는 기사 요약에 포함되지 않아 규모 확인이 제한적입니다. Preiss는 학생 주거 전문 운영사로, 브랜드 확장 전략 차원에서 듀얼 마켓 동시 개발을 추진하는 점은 학생 주거 섹터 내 공급 확대 흐름을 반영합니다. 우미글로벌 관점에서는 학생 주거 섹터 내 전문 운영사의 브랜드화 및 멀티마켓 확장 전략을 참고할 수 있으나, 핵심 타깃 섹터와의 직접적 연관성은 낮습니다."
651f7103ff24,2026-07-15 21:04:02,2026-05-13 20:05:20,Bisnow,Northern Virginia's First JW Marriott Residences Sets A New Standard For Luxury Ownership,https://www.bisnow.com/washington-dc/news/hotel/jw-mariott-luxury-reston-virginia-comstock-studiob-134563,"JW Marriott Residencies Reston Station is a luxury condominium collection located within the landmark JW Marriott Hotel & Residences tower at Reston Station, one of the largest mixed-use, transit-oriented developments in the mid-Atlantic region....",True,개발,"construction_start,land_acquisition,transaction",강세,Mixed-use,낮음,럭셔리 콘도 개발 기사로 우미글로벌의 BTR/SFR/멀티패밀리 주력 분야와 직접적 연관성이 낮음.,False,주거 부동산과 직접적 관련이 없는 기사입니다.
14f577917d8e,2026-07-17 00:28:36,2026-05-07 14:50:41,Student Housing — Old Dominion University (VA),Student Research Assistant Positions - Old Dominion University,https://news.google.com/rss/articles/CBMimgFBVV95cUxPTGNlM2t4dnVmekVEbnZWeWd3ckVyQzFrd3ptLXE1NXBpbmJVaGJOVnA5ek1xcWlsUmxTbGNVYVVfQVJkaFdtcnFqWjRNTko5LXhKdWZhaEdBaHBwNFlNVDNfWlNiMEZTS0JoMDZ2Q3U2ZjdkU2YtZlRpT053a29sdm1hTEJvVEgxaElwOGJaQTFHQ1BOT0s2ejN3?oc=5,Student Research Assistant Positions    Old Dominion University,True,시장,,중립,Student Housing,낮음,"올드 도미니언 대학교의 학생 연구조교 채용 공고로, 부동산 또는 주거 시장과 직접적 관련이 없는 기사입니다.",False,주거 부동산과 직접적 관련이 없는 기사입니다.
6c00562b978b,2026-07-19 21:03:03,2026-05-22 07:00:00,Student Housing — University of Notre Dame (IN),Scion and Ares Acquire $910M Student Housing Portfolio from Harrison Street U.S. - Yield PRO,https://news.google.com/rss/articles/CBMia0FVX3lxTE5Qc1RvSDFTa3ZZakJkdFZNYzJZSGswQjZqUDJYVkE1VlZDOTRnVk9uWklfbnAwVy1jMU5zLW1XOWo2SXU3MVJ4eVNuTHlGcEU2aE1qbkZ6WU1zWTc3MW9nUXNucUpKUUp1eER3?oc=5,Scion and Ares Acquire $910M Student Housing Portfolio from Harrison Street U.S.    Yield PRO,True,GP·자본흐름,"acquisition,transaction,JV",강세,Student Housing,높음,"Harrison Street(Known GP)가 포함된 $910M 규모의 대형 학생 주거 포트폴리오 거래로, Known GP 기준 및 $50M+ 학생 주거 딜 기준 모두 충족하여 높음으로 분류.",False,"Scion Group과 Ares Management가 Harrison Street Real Estate Capital로부터 약 9억 1,000만 달러 규모의 학생 주거 포트폴리오를 인수했습니다. 이번 거래는 미국 학생 주거 섹터 역대 최대 규모 포트폴리오 거래 중 하나로, 노트르담 대학교 인근 자산이 포함된 것으로 알려졌습니다. Harrison Street는 학생 주거 및 대안 자산 분야에서 선도적인 기관 투자자로, 이번 매각은 포트폴리오 리밸런싱 또는 펀드 회수 전략의 일환으로 분석됩니다. 대형 기관 자본이 학생 주거 섹터에 지속적으로 유입되고 있음을 보여주는 신호로, 섹터 내 투자 심리가 강세임을 나타냅니다. 우미글로벌 입장에서는 기관 GP들의 학생 주거 자산 거래 방식 및 포트폴리오 구조를 벤치마킹할 수 있는 중요한 사례로 주목할 필요가 있습니다."
f30c42d8d0fd,2026-07-20 21:01:49,2026-05-06 07:00:00,Student Housing — Florida International University (FL),Miami’s rising cost of living is changing the student experience - WLRN,https://news.google.com/rss/articles/CBMipwFBVV95cUxQM1FUai1yVmRiTXZRZEFHRGdjdzdrU2poenNlbmR4TGRSRjdSTEp2a3BmVE9CQVZ1cTJpdHZvTnNZSUN5SF9ndWE5QXdhaDA3QV9Dc0F4ZXgxenhkR1UxeVJHSjMtU3FOMGgxbG1Pdnpfb3ByUWhwU3NJY3B6bkFxVFcxaERoWnYyMTNjT0d5elA0US1nUFdGOC0wT0xMTm9uUEUtSTRCcw?oc=5,Miami’s rising cost of living is changing the student experience    WLRN,True,시장,"rent_occupancy,market_data",약세,Student Housing,낮음,"단일 캠퍼스(FIU) 대상의 지역 생활비 상승 관련 기사로, 전국적 데이터나 주요 플랫폼 관련 내용이 없어 우미글로벌 관련성이 낮음.",False,주거 부동산과 직접적 관련이 없는 기사입니다.
858b9fe16103,2026-07-20 21:02:36,2026-05-06 07:00:00,Student Housing — Illinois State University (IL),Housing Services awards spring 2026 RA Scholarship to Ali Elshareif - Illinois State University News,https://news.google.com/rss/articles/CBMiqwFBVV95cUxNNEFfV0RZRjliWHp1eU92QWlYVkRfa0xkTngtS2ViSzRfV0tpSmNFNDk1RnF2VVZiakctalFwbDdLS25TNloxNHBpXzZmbjZ4b2tFVm1tdDVlQlVTOVhMVXFHWmJEOGpDaUJfMmpRT3NuUjVVa3lUUnhYZ29XNmtXX3B1bWUzcjZmNm5hODBGTXhSY3pjMmV4RVhKVDU0YkJLcWlTNzFYNzdBa0k?oc=5,Housing Services awards spring 2026 RA Scholarship to Ali Elshareif    Illinois State University News,True,시장,,중립,Student Housing,낮음,"일리노이 주립대학교 기숙사 보조원 장학금 수여 기사로, 부동산 투자·개발과 무관한 개인 수상 관련 기사임.",False,주거 부동산과 직접적 관련이 없는 기사입니다.
93f73b9cee4d,2026-07-20 21:03:41,2026-05-14 07:00:00,Student Housing — University of Wisconsin - Milwaukee (WI),UW-Milwaukee revises and delays plan to consolidate student centers - WTMJ,https://news.google.com/rss/articles/CBMiowFBVV95cUxPR0tuNkhKSkVPNFM2YWdBTVFJSjNzaGhDWkVsTVBMY1R4SWVxd3p3a2hDMFRDNk4wMjRTRGpQM1YtS0tvUXE4WjByZlZYbjB6Tk5MRGdJVXF1ZTNQZ1dIeG9lRjI3Z2x3bWZnSkVmMlZHenpTLXFPY3ZmS2k0b2twU3hrSkN1WWJ4QmY4RkVkbklpTU8yMWtfTVhscjA3bjduaGVV?oc=5,UW-Milwaukee revises and delays plan to consolidate student centers    WTMJ,True,개발,permit,약세,Student Housing,낮음,"UW-Milwaukee의 학생 센터 통합 계획 수정 및 지연으로 학생주거와 간접 연관이 있으나, 규모 정보 없고 주요 플랫폼 비관련 소규모 지역 대학 이슈로 우미글로벌 관련성 낮음.",False,주거 부동산과 직접적 관련이 없는 기사입니다.
58372f3cf448,2026-07-21 21:01:37,2026-05-17 07:00:00,Student Housing — University of Connecticut (CT),"A look at the reality for Black students attending UConn. It can be ‘really lonely,’ a freshman said - Hartford Courant",https://news.google.com/rss/articles/CBMizAFBVV95cUxPc2dIY2dQaUdILWVzYUdJR3h4b2VTNVdNQUl0aHFQN1Y1bHY3a29tdFMyUjl4Mk9pd0UycUwweWhZeE5obHM4Z1lRTnFRU2t4ek9JdERmZkNUYlFic1pvOVc1YlVSN2ZjQml6RXBkSjdST3djbHRqU2pKaWlwN1M1WGxXZndNMzd4aUFuX0c3RTdDS3pUYWVURnFHRFRDRlY0bGltLTh4TkwwekdTNHVkOTc4ZUJPbDlwM3JiQ0JlN0xjWWdXZUtHZG9NV1U?oc=5,"A look at the reality for Black students attending UConn. It can be ‘really lonely,’ a freshman said    Hartford Courant",True,시장,rent_occupancy,중립,Student Housing,낮음,"이 기사는 UConn 흑인 학생들의 캠퍼스 생활 경험을 다루는 사회적 이슈 기사로, 학생 주거 부동산 시장과 직접적 관련이 없습니다.",False,주거 부동산과 직접적 관련이 없는 기사입니다.
341c7dc0a230,2026-07-23 21:02:35,2026-05-06 07:00:00,Student Housing — Illinois State University (IL),Housing Services awards spring 2026 RA Scholarship to Jadyn Enas - Illinois State University News,https://news.google.com/rss/articles/CBMiqgFBVV95cUxQVkxiYV85Vng3bWN1Y3YyVU4wakppcmdjZDJaTmdUOVNzLWlncHdxUzh4V0dPWlM1SG12UnFLVlhKTXpkNGw2VTBBNFRiZzZZbWVSZjBxVEpIMGM0YzVoRi1STHZQdHRNb1BwUDdsa0R0NDB1dnRJQ3R3M1pQcm1wXy0zcGRIUTh6NTVWZzlraFBmWTlEMlQtWTZDeG83dzJrUFRwX0JsWC1WQQ?oc=5,Housing Services awards spring 2026 RA Scholarship to Jadyn Enas    Illinois State University News,True,시장,,중립,Student Housing,낮음,"일리노이주립대 기숙사 보조금 수상자 발표로, 부동산 투자·개발과 무관한 단순 인사 소식입니다.",False,주거 부동산과 직접적 관련이 없는 기사입니다.
cc25b98d267d,2026-07-25 21:02:50,2026-05-20 07:00:00,Student Housing — University of Notre Dame (IN),"Scion, Ares launch student housing JV with $910m Harrison Street portfolio buy - Alternatives Watch",https://news.google.com/rss/articles/CBMisgFBVV95cUxNbHppZXU4T0x0ZGNsajlYa0NtcHNNM2YtMVZyb2JTNDF2Q1l0VFM3bHVEWFh5Zlc2S3g1VDdIVkptOTNzTFhxYjJiLS1xZFlHSkZDZ28yVU5XNlVCNWEwLURhbTRCSVg2MGNKb0NFanVTeTg1SHZwOUI0Vjk1ZC1oSWs5bDhzRWNkdDhJU2VIVGZNeFU4TTc1NW9iVVdSbnpUS1RLSlNZWmNnZjNCSlBkckRn?oc=5,"Scion, Ares launch student housing JV with $910m Harrison Street portfolio buy    Alternatives Watch",True,GP·자본흐름,"acquisition,JV,transaction,financing",강세,Student Housing,높음,"Known GP인 Harrison Street가 포함된 $910M 규모의 학생주거 포트폴리오 매각 딜로, Scion·Ares와의 JV 구성 및 대규모 기관자본 이동이 확인되어 최우선 관심 대상임.",False,"Scion Student Housing과 Ares Management가 공동으로 Harrison Street의 학생주거 포트폴리오를 약 9억 1,000만 달러에 인수하는 JV를 결성했습니다. 해당 포트폴리오는 Harrison Street가 운용하던 자산으로, 복수의 주요 대학 캠퍼스 인근 학생주거 시설로 구성된 것으로 알려져 있습니다. 이번 거래는 학생주거 섹터에서 기관투자자 간 대규모 플랫폼 자산 이전이 본격화되고 있음을 보여주는 사례로, $910M이라는 거래 규모는 해당 섹터 내 최대급 딜 중 하나입니다. 우미글로벌의 Known GP 목록에 포함된 Harrison Street가 매도 측으로 참여했으며, Ares라는 대형 대체투자 운용사가 신규 진입한 점은 섹터 내 자본 재편 신호로 해석됩니다. 우미글로벌 관점에서는 학생주거 플랫폼 규모화 전략 및 기관 파트너십 구조 설계 시 참고 가능한 레퍼런스 딜로 주목할 필요가 있습니다."
bcba943e1bb4,2026-07-29 21:01:16,2026-05-07 07:00:00,Student Housing — University of Iowa (IA),Vesper Holdings Expands its Student Housing Portfolio into I... - Aspen Daily News,https://news.google.com/rss/articles/CBMimAFBVV95cUxQcEZXYVR0WGUzNV9nYU9ua1FDV0ZwaEtwbFd3eURnbDdBd2p4RzZQaWczLVlsWVl5SW1KYkN6Z3QzbERVYk5aQ0oyOS16QTFtalkyUzIyS01Fay00Zm5oM2dWTFMzb25LVTJneEpiTlB5OWtsa2JDTWdDX2tnTnNzcWZ2NFE2VF9RdXNJU05jNGhwYkRCYUJLLQ?oc=5,Vesper Holdings Expands its Student Housing Portfolio into I...    Aspen Daily News,True,GP·자본흐름,"acquisition,transaction",강세,Student Housing,보통,"Vesper Holdings의 아이오와 학생 기숙사 포트폴리오 확장 건으로, 주요 Known GP가 아니며 규모 및 세부 정보 불명확으로 '보통' 판정.",False,"Vesper Holdings가 아이오와 대학교(University of Iowa)가 위치한 아이오와 주로 학생 주거(Student Housing) 포트폴리오를 확장했습니다. 구체적인 거래 금액 및 규모(beds 수)는 기사 요약에서 확인되지 않습니다. Vesper Holdings는 미국 내 학생 주거 시장에서 활발히 포트폴리오를 늘려가고 있는 운영사 중 하나입니다. 다만 본 거래는 Woomi Global의 핵심 Known GP(Kennedy Wilson, Harrison Street 등)에 해당하지 않으며, $50M 이상의 대형 플랫폼 딜 여부도 불명확해 전략적 중요도는 중간 수준입니다. 우미글로벌 관점에서는 학생 주거 섹터 내 중소 운영사들의 지속적인 확장 추세를 모니터링하는 참고 자료로 활용 가능합니다."
512ad892a192,2026-08-01 21:48:07,2026-05-19 07:00:00,Student Housing — Duke University (NC),"Colleges try to divert end-of-semester waste, but dumpsters are still full - marketplace.org",https://news.google.com/rss/articles/CBMixwFBVV95cUxNeURWWmhiTkxvTFBwQ2JncV9URG1tT2FPVVdNN05kOGVfN1UyOEVXMzhyODJTekdDSGNMQ1V1T1dKb3g2d2JySVBBVi1YTHpqT2hqNm13dVVONjc0M013TXdkN19Gc3UxNEZ5Z0dDcEVvVHlQdGRRNEtTbTN5MmxXM0d5S09jWkZLVWNxdEJhend5RUM1Z1F1dEduOEtaVzIzcFVaVlI1Rl95WlBNR0pCZVRrSW1GeTFnRzhfdkpkY1dIcXl5Y2c0?oc=5,"Colleges try to divert end-of-semester waste, but dumpsters are still full    marketplace.org",True,시장,,중립,Student Housing,낮음,"이 기사는 대학 캠퍼스의 학기말 쓰레기 처리 문제를 다루는 내용으로, 학생 주거 부동산 시장과 직접적인 관련이 없습니다.",False,주거 부동산과 직접적 관련이 없는 기사입니다.
c04e04650625,2026-08-01 21:49:45,2026-05-13 07:00:00,Student Housing — University of California - Santa Barbara (CA),Horrific rape rocks America’s top party college as school sends out warning - New York Post,https://news.google.com/rss/articles/CBMikwFBVV95cUxNZzAxLW45TjdRLVBLR2tLWFV3YnlwQmNiSFlVRE9BV3h0bU54cmwyS09DQ1BpV0ZlY3l3eUpQWl9UaGNTTmx6UVFYcXdyQ3V4dVV5VlgyTURiUjFTU1g5aVFNNjRnc20tN25nR3ExbkFqT1R0LXVSLXJJOE5SV2s0RjhFRzJkaGtfNUtyekJ4VGRIbTQ?oc=5,Horrific rape rocks America’s top party college as school sends out warning    New York Post,True,시장,,중립,Multifamily,낮음,주거 부동산과 무관한 대학 캠퍼스 범죄 관련 기사로 투자·개발 분석 대상이 아님.,False,주거 부동산과 직접적 관련이 없는 기사입니다.
f2b3b3970c66,2026-08-02 21:01:54,2026-05-25 07:00:00,Student Housing — University of Virginia (VA),Debate over new student housing projects in Charlottesville devolve into name-calling - The Daily Progress,https://news.google.com/rss/articles/CBMiqgFBVV95cUxOUWpoakZVaGZ5S0hycU4wTzNsS1czTU1hWUk0aWdRMWstN1NvQ3QycjBHb3VfVzJLeUNGMlBVNTJKWm9nWEtBYkxadmo3dTNBWGdFZjlIZmdDc1hzTVluQjVFSld0eGtDdWFNQ3NjSzdXcTR2Mm4wbVZmOFJPLTM1dDVKSll1ZmNHVWhJUXhMSU40SHpuc21teFA2V0J3QWpYVWRGaWRUVTR6Zw?oc=5,Debate over new student housing projects in Charlottesville devolve into name-calling    The Daily Progress,True,개발,permit,혼재,Student Housing,낮음,"버지니아대학교 인근 샬러츠빌의 학생 주거 개발 논쟁으로, 소규모 단일 캠퍼스 이슈이며 주요 플랫폼 참여 없이 지역 갈등 수준에 그쳐 우미글로벌 관련성이 낮음.",False,주거 부동산과 직접적 관련이 없는 기사입니다.
bdb944ca4855,2026-08-03 21:01:13,2026-05-20 07:00:00,Student Housing — Columbia University (NY),PGIM JV Closes $74M Purchase of Columbia University Housing Community - Globest,https://news.google.com/rss/articles/CBMipwFBVV95cUxQZGZ1WDZXMWo4S29xM2o0RGNIdFM0al9IVWl4TTZJZDR0OWZidUV2WlhZeEk3Q2dMSjdnSGNFZUFvQ0J3T1cwemJJUVN2YkJoUU5ESzM1VHNKZU5FRjdnaEZ3UFcyYnFpaDBaX09GU0V2VU1salZZNFZnUlk2UVBmZnZmUGllRzFCY1JybEtOTi1FZlZvLXdRZnRkOTI4anlxeUNGMUpJWQ?oc=5,PGIM JV Closes $74M Purchase of Columbia University Housing Community    Globest,True,GP·자본흐름,"acquisition,transaction,JV",강세,Student Housing,높음,"PGIM JV가 컬럼비아대 학생 주거시설을 $74M에 인수한 거래로, $50M 이상 학생주거 딜 기준을 충족하여 높음으로 분류됨.",False,"PGIM Real Estate가 조인트벤처(JV)를 통해 뉴욕 컬럼비아대학교 인근 학생 주거 커뮤니티를 약 7,400만 달러에 인수하는 거래를 완료했습니다. 이번 딜은 학생주거 섹터에서 단일 자산 기준으로도 상당한 규모에 해당하며, 기관투자자들의 학생주거 자산에 대한 지속적인 관심을 보여줍니다. 뉴욕 아이비리그 캠퍼스 인근 주거 수요는 공급이 제한적이고 임차인 안정성이 높아 방어적 투자처로 주목받고 있습니다. 우미글로벌 관점에서 PGIM과 같은 대형 기관투자자가 학생주거 섹터에 적극적으로 참여하는 트렌드는 해당 섹터의 자본 유입 강세를 시사합니다. 우미글로벌이 학생주거 또는 도심 인근 주거 개발을 검토할 경우, 기관 파트너십 구조와 프리미엄 입지 전략이 유효한 접근법임을 확인할 수 있는 사례입니다."
d5add83c21ac,2026-08-04 21:02:08,2026-05-13 07:00:00,Student Housing — University of Arkansas (AR),A Warm Welcome Starts at Move-In: Volunteers Needed in August - University of Arkansas News,https://news.google.com/rss/articles/CBMingFBVV95cUxPYS1YM01rUE9IaXpReGpWNEpVb3hKR1hGTzB3X0hEczh6ejM3Y3oySVl6RWFGYlR1dGxsYWUzbE8zY2U0RkJpcmM3Y3pkdnMxaFJ2V0tOTXFZQ0FTWk1XTkZIUFRGWUtlVVlnLUZ3MS05UkVGOHhyeThXODR6VTAxNVlxTEhmeFNyMDl1LUh6cXo5eXJBR19wclM3MG13UQ?oc=5,A Warm Welcome Starts at Move-In: Volunteers Needed in August    University of Arkansas News,True,시장,rent_occupancy,중립,Student Housing,낮음,"아칸소 대학교의 입주 자원봉사 모집 공고로, 주거 부동산 시장과 직접적 관련이 없는 대학 운영 관련 기사임.",False,주거 부동산과 직접적 관련이 없는 기사입니다.
51016ce87dff,2026-08-04 21:03:01,2026-05-20 07:00:00,Student Housing — University of New Hampshire (NH),"These 14 New England colleges now cost more than $100,000 a year - bostonglobe.com",https://news.google.com/rss/articles/CBMilgFBVV95cUxObHFxdEJ5MWFBQWliWTd0T3VaZ2diNGxheXhULVNMWmo3bVlPWjFXYjBIOU10QnRmWWhfVy1Qa3RTN3hpWVRTRDZNa19WcEFxMFI4MEVhRTlLWUpQeTVwSXFydFNZRkg3dGlGNWpHZUJKaWN5QW8tcVJ1RkhIdm1PbmhrMkM2elJPT0VQbFBZR183bGYwdHc?oc=5,"These 14 New England colleges now cost more than $100,000 a year    bostonglobe.com",True,시장,market_data,중립,Student Housing,낮음,"대학 등록금 관련 기사로 학생 주거 부동산과 직접적 관련이 없으며, 단일 캠퍼스 수준의 비주거 정보에 해당함.",False,주거 부동산과 직접적 관련이 없는 기사입니다.
188b2c9efe29,2026-09-04 13:02:33,2026-05-11 07:00:00,Player — PeakMade Real Estate,Spotlight on 3 Rising Stars in Multifamily Marketing - Multifamily Housing News,https://news.google.com/rss/articles/CBMijwFBVV95cUxNMHlLWVlPdDlxNFZPTjJmZlA1RWpvVmNiRWxZajZQZWhrRVhYdHViWnpwRC1XdXlCZURkWDA4NEFSTURTb0ZYYUNoLTd1N2gzVy1tN0NGX09uMDVnRThwRkZ1X25CR3FPZ3lwQlpMcUZ2S3Q2N1BPV25LRXU1MFAtTDRmb2pUbkRyTmtxb2NhSQ?oc=5,Spotlight on 3 Rising Stars in Multifamily Marketing    Multifamily Housing News,False,,,,Student Housing,,,False,
e6cf31586eab,2026-09-04 13:02:36,2026-05-20 07:00:00,Player — The Scion Group,"Scion Group, Ares Management Buy U.S. Student Housing Portfolio for $910M - Commercial Observer",https://news.google.com/rss/articles/CBMiogFBVV95cUxOdWRyeFl4S0JFdlZNOGh2RU9UVFZSVjZacXU1dzZ6cG1PczVFZjN3WGRFZUZ0RlZJc3ZyNXIwQmxXemNmSFdILURxZkxCd3EtZWttVkcwWGdXUVEyczE2VjJzMGlIZzBwdjd5Q19KbW4zSHVncjk2YnN0V1oxVGFoYzdwWGxwMTJGM2pKSUN6Z0oxNnpYcWVxLUFhTWpfcGpaOGc?oc=5,"Scion Group, Ares Management Buy U.S. Student Housing Portfolio for $910M    Commercial Observer",False,,,,Student Housing,,,False,
539f7a63beeb,2026-09-04 13:02:39,2026-05-13 07:00:00,Player — Core Spaces,Core Spaces Closes $1.6B Student Housing Fund - Connect CRE,https://news.google.com/rss/articles/CBMihwFBVV95cUxOMXg3bTg0eDRISWlocV9WU3ptUXdzM21IZk9aam00aC10Umd0REJXRWNxWUROdkREMENVX1k1VmVURm9oVGF1V05adFZ0UEdzVnlPalRGQjRGUnZDMmNkR1RVQy1lSTBwT0hzS2w0M2FVdVFmd0lrTTBVcXp0d1EzZ3oxSVZyLW8?oc=5,Core Spaces Closes $1.6B Student Housing Fund    Connect CRE,False,,,,Student Housing,,,False,
09a40e74a593,2026-09-04 13:02:39,2026-05-15 07:00:00,Player — Core Spaces,"Core Spaces Secures $1.64B Fundraise for Student Housing Development, Investment - Commercial Observer",https://news.google.com/rss/articles/CBMiugFBVV95cUxQaUFIWFJ6OWE0U2VnbEJzb2hoaTdFMDljYUFVWlVBN1dSQ1B5bEh2ZFBXbnIzaXlfclRadmNONXpsWnJvc1d3MTJaRzFzd3dyWTNHcVBhbFJ1YnhNcllSYVh3TTVmbnRpZ0d1cm1WeEtmT1JJbDNvTWlDNnk1eURiSk9jOERwdklQXzR5MXlvMGF0eFVxNkVDLU9wbEFZbEtOS3hoay10Ql9VcHpScnRyV2pJdGdYZ3Mtenc?oc=5,"Core Spaces Secures $1.64B Fundraise for Student Housing Development, Investment    Commercial Observer",False,,,,Student Housing,,,False,
4011460cf243,2026-09-04 13:02:43,2026-05-26 07:00:00,Player — Coastal Ridge Real Estate,TSB Realty Arranges Sale of 398-Bed Student Housing Community Near University of Kentucky - REBusinessOnline,https://news.google.com/rss/articles/CBMiuwFBVV95cUxOeURkREZiakk2RmN5aGEyTjBTbTgzcFE4Q0hmQVNPU241ZHRtZzJZWXNhdXJWZnNzWmNKV1FveFctdnNoR01ER0FNSDVwOTgtUE9LNVJNYjlqcG9zSzNiMFA3T3FEcnFyVEQ3U1dBaXczVncxR1JBQ01lYjE0ZzRWRXVtMGpOM05wajVaalR3OUFHYTZqV0tSbFV4S0R0a3BiV2YxMzUtckE1a0VjdjcyMkstT2dGMUVtRkdB?oc=5,TSB Realty Arranges Sale of 398-Bed Student Housing Community Near University of Kentucky    REBusinessOnline,False,,,,Student Housing,,,False,
5d4084857d4c,2026-09-04 13:02:43,2026-05-21 07:00:00,Player — Coastal Ridge Real Estate,TSB Realty Completes Sale of 398-Bed Campus Court Student Housing Near UK - Global Student Living,https://news.google.com/rss/articles/CBMiqwFBVV95cUxNSndoV1pSMVNhZDZfVGJ2UHMxeUw3S2k4azNBdkpQSXlHV2I5RnVHY3BOeENDQVR1OUV1QjRUbHlrbi1IdjMweW0wWmo4QjRjZEpwMXlMNjI4Ukl5dm0tdF9RWnpCeHloenRRM285bWtyZU50OHlILVR3ZE9YRTRqajV3S1d0Nnp4SWI5Q3JBenBpeS04WnZRWEhSeHF4cXFvR1JxWGtrSm42VW8?oc=5,TSB Realty Completes Sale of 398-Bed Campus Court Student Housing Near UK    Global Student Living,False,,,,Student Housing,,,False,
d3617990ab74,2026-09-04 13:02:47,2026-05-13 07:00:00,Player — Campus Apartments,"Rooftop pool, Esports lounge, fitness center: 679-bed project planned near NC State - newsobserver.com",https://news.google.com/rss/articles/CBMiiAFBVV95cUxPMk1XbWdHRnhsMmNOX29SNk5JN2p6OFNDdG5jZVg0aGRlTUZNNUtFcmY2N01jUlFSVGRpRGxudFZZYkJVbENwREJ6NnFlSHhyTjI2aUtDYkhGeEs2bHRDTlpKdl9BLXpWRHpXUi1MRUo4aS1hU242Z1MwZ01SWGZSRXUzREFhaXJs?oc=5,"Rooftop pool, Esports lounge, fitness center: 679-bed project planned near NC State    newsobserver.com",False,,,,Student Housing,,,False,
3aea668220a3,2026-09-04 13:02:47,2026-05-04 07:00:00,Player — Campus Apartments,Upperclassmen Search for housing options as the school year ends - thehilltoponline.com,https://news.google.com/rss/articles/CBMiqAFBVV95cUxPQTdlbEdLZXVTY2JXXzdjQU5BbU1mdHU1OVJiWHU4aFFZaGZPb1RFNVBVYjhkNWpWd21iTXlFbUQ3eUhkelM4ZGw3UUxqbGpzSTZLYUtaQ3ZILUpxd3dZRFJ4VEdGRzhyT0RvMTB1c1FrcXlSU0huS20xY3Q5TnI0WkxXdGRLTC1NSy1nLUMwUXBCd2c4OTJqaG5TZHlyNkdIc3M1QXVhX1M?oc=5,Upperclassmen Search for housing options as the school year ends    thehilltoponline.com,False,,,,Student Housing,,,False,
60540f89b636,2026-09-04 13:02:52,2026-05-05 05:04:05,Player — LV Collective,Planning and Zoning Commission to decide on new student apartment complex near LSU - WBRZ,https://news.google.com/rss/articles/CBMirgFBVV95cUxOMnJDQk1NYWZPaXVpQTBwdkdzREV0a1ZrajVoZHo1cTNNbGtUa3dUUVh1TU1HdE1KRW9aa25hdG1zS0JMVU1NSm5ELS15UzNqalhSczRfdjJRTGRsd1JCNnZBbVRlRHZINUdjcXlUT2RNeFJpbW1aZHlxemhHcGhXWVZSeEpFdDJGaDV4dF9BTzJoM2UzeTQzQjZUeVNWVG80SDNvYmxBaE9zdHZQWEE?oc=5,Planning and Zoning Commission to decide on new student apartment complex near LSU    WBRZ,False,,,,Student Housing,,,False,
8e568b800506,2026-09-04 13:02:52,2026-05-01 07:00:00,Player — LV Collective,Texas developer is proposing a student housing project along Burbank corridor - Baton Rouge Business Report,https://news.google.com/rss/articles/CBMiuwFBVV95cUxNSG9sZnh1bmd4TGJ0ODh2eTFFelhpbUU4d3dZVC1HRkYxaEJuclhXTk5IOUZWUm85Z2VXLVVaaGp2VWhDNFVKLTBnR0Q5VUl5Q3pBWHdwb3B0X1FibEhBNUw3aVkwSThVTUtoeGF3aFVIM3hjYjVacHk4UFBSdDd3X3BGenJ1R2F2OWVDM0UyWDgtaHdYVnJTZ2tCeDlXYUw0TncwLUZCRlNUZWlrQkl0dlNiODFSeVJoRVJZ0gHDAUFVX3lxTFBHOWQ3RnYwMjNON1owSnVEMnFDVktKVkhtZnZWRi1JQmtremhPa04ySnJXSk5GWVZyV3pBdnFhMFhqNTNoSnQ5OGhfZGVPVDZKd080UXRDUmp0VXNDUHl4VS1MVF9RLVRCZWVYLW9RM25nQzR0NFNnOTZhcTBCbGJ3LWRnN3ZRaDFZX1FSWVVMZHJWdUpwQXFWdVE4SUJHTUNvVm9UcktDM204cjNVWnUtOGlDVnlUOHFrZUMxMHhob3RZbw?oc=5,Texas developer is proposing a student housing project along Burbank corridor    Baton Rouge Business Report,False,,,,Student Housing,,,False,
cd3227c08fd8,2026-09-04 13:02:53,2026-05-06 07:00:00,Player — Up Campus,Florida Poly reaches student housing capacity as growth continues - Florida Politics,https://news.google.com/rss/articles/CBMirwFBVV95cUxQNlo4NnJVYloxR2ZTcmg2R21aSGJ4c19TeDhzaFhuMVY2dVg0Sk83M1Z3eVVETjBxSVJGMWdlS3NzbmlpOFFKLXRoUjFkR0JUY2RKY3o0MXdMVmJkUjFuYkJLcTJrMktSWTFKZmV4ZXNWQ1hPeVpiNUtOakJRdUJJbFZ0bl8tNU1YdUZDMUowenJYdm55aUt0eUNOMktUWU1EWTFocGdQSlYzSUdvWk5n?oc=5,Florida Poly reaches student housing capacity as growth continues    Florida Politics,False,,,,Student Housing,,,False,
ab827da5fcf7,2026-09-04 13:02:57,2026-05-12 07:00:00,Player — Greystar,"In the day following the fatal stabbing of a UW student, here’s what we know - dailyuw.com",https://news.google.com/rss/articles/CBMitwFBVV95cUxPaDNNTjhzdGJGdldKNlVFMmZTUHczZ2hnOTV5M2xIOE9idFlQbDJ0TTNnN3V4SnlBSERtX0RfNVEyT2sxMm9KSzdmRlhtUmo0RUY4dHBWVUlvUWh1NmZpWlRDT19saEhUS3dpQVJwWTJPRFFuUzdFVTRPSUJnX3VGelVDZV9wdkE2cnBZX1lPYkNaUi1INVFIN1NDMEltWnBlM1FHeGxPRmJacmJCTHl3ZzJFV2lNd1U?oc=5,"In the day following the fatal stabbing of a UW student, here’s what we know    dailyuw.com",False,,,,Student Housing,,,False,
cdeb12f9c8bf,2026-09-04 13:02:58,2026-05-20 07:00:00,Player — Harrison Street,Harrison Street Closes $910M Sale of Student Housing Portfolio Near 12 Universities - Globest,https://news.google.com/rss/articles/CBMiugFBVV95cUxOTGdVNFZaQjhKcDA0cXVvYjJBeUZRMXNMZVFMcnctUmNyQy1uZElQVHp4WjVHYVhZaTdjUmVnRHVLeVctV1VkQy1WSm1KZW5OQlYyRXRZVmRpLV9ycDZyTDQ4SmFtclJ4ZmJ4YmtidWI2ampwTWh4MUpCVF8tTzhnX0hXSUpBamVKTDNPTjhrTmtrRGZkQjFuZndmN1poSmdDTWJDVU4xZzhIbFFQX0tJZDFGWS0zd0xMVmc?oc=5,Harrison Street Closes $910M Sale of Student Housing Portfolio Near 12 Universities    Globest,False,,,,Student Housing,,,False,
6bf632b75d63,2026-09-04 13:02:58,2026-05-21 07:00:00,Player — Harrison Street,Scion and Ares Acquire $910M Student Housing Portfolio from Harrison Street - Connect CRE,https://news.google.com/rss/articles/CBMi3gFBVV95cUxPRWhrdGxfbkVJNktmR3hYU0ttc21CVjRJVXByU1pidUNOOE9xc1VXYTBuenRMcFJoZ3UtV0pkdEw2UFF4eEhWTDViRlc4R0pXcElsSmtoZ1lkTEtrNk9tZUFrV0hoU2ZJeHNkaVg4WmJYb1AzalFueW4wOXhnOGRoR0lhdkZiM1lQYjJnNlJha184VEFRTENpVU9xdDkyWGFIek92UVVrUzVmejRNWGl4U3pvVUZVX0o2dlJwS1B3UVlRMzRScUhjM1dpQ3hxS2k2d1hBbnNBRDJhOUdCU0E?oc=5,Scion and Ares Acquire $910M Student Housing Portfolio from Harrison Street    Connect CRE,False,,,,Student Housing,,,False,
96919f4956e8,2026-09-04 13:02:58,2026-05-14 07:00:00,Player — Harrison Street,Core Spaces lands $1.64bn for student housing strategy - Alternatives Watch,https://news.google.com/rss/articles/CBMioAFBVV95cUxPaEZkVHdsN0REd3NYYWlmZTV0b2xaT3RQMVlWajlwdi1JeXc1UGhSQm55c0JMSXUxWUx1M01aQzJubm5DdDVxS0pmT2VJNlZ4WVVrVHd5ZTAxY3cwc183aF9JUVlxbUZIZFlhQ1pDU2J6aF95bjlWOWxGaUtTZTI4QmMyX0d3bjVMU0IzM3Y2ckNzb3c5VWNZcjdoZmFOaTd0?oc=5,Core Spaces lands $1.64bn for student housing strategy    Alternatives Watch,False,,,,Student Housing,,,False,
6fe44308f1aa,2026-09-04 13:02:58,2026-05-22 07:00:00,Player — Harrison Street,Home & Co has acquired a new-build student housing project with 303 apartments in Berlin-Spandau - Global Student Living,https://news.google.com/rss/articles/CBMixwFBVV95cUxNcGtlSUI1dmZvWUFqWTNrZjA1NnpoLWlXb0JBRmI4SWd1RjI1SXVfRnhIcTc1Y1JTNVlqX1JYaEY0ZXFsanVxU29XM0tvb2JGVFVJb0x3RzMtdkxrSHVvdkllRE9DNmI5ZWt1dUU0cTdvcVVpVlo1T2RYTEM2b04yUXdwMXVEU3hxYmJ1Qkc3ZmVTemQ5Y0o1Q1lQNTUwbUs2VDV3dlZZZTlfcHhOOEVLcmIwd1lCSFg5MDNNSmp6LWdnVHVUSmhB?oc=5,Home & Co has acquired a new-build student housing project with 303 apartments in Berlin-Spandau    Global Student Living,False,,,,Student Housing,,,False,
913cc9a27367,2026-09-04 13:03:01,2026-05-28 07:00:00,Player — Affinius Capital,Affinius Capital Completes $3.5B Acquisition of Veris Residential - Multifamily & Affordable Housing Business,https://news.google.com/rss/articles/CBMiqgFBVV95cUxQOC1rdHVXV0daUDF4ZHBLWURBNU9wU2hrTkFvNWpQbG14eUw0YktIRHZqTTItRmowd254TW1kbFZRSjBjTTUtcHhHdXBibUZ2MjR6cHRtTllJSkI1RVFkNEZDSXlJNGtLMHN2ekZTQjlXand5TVV5YkJvZl83SUZmYzh2LWF6c0hvZmlXbXdHMkRBTlVCTlRqM0oxYTl0SDAtY2drY1JqNW1XQQ?oc=5,Affinius Capital Completes $3.5B Acquisition of Veris Residential    Multifamily & Affordable Housing Business,False,,,,Student Housing,,,False,
36d325dd0512,2026-09-04 13:03:01,2026-05-27 07:00:00,Player — Affinius Capital,Affinius Capital JV Closes $3.5B Acquisition of Veris Residential - Multifamily Housing News,https://news.google.com/rss/articles/CBMinwFBVV95cUxOXzhiVjNfZDIxV3FqbDFNZGhtNUxReE9HTnhhYmQ5MHFSRlpNWExyLU11TFlkc1h4TDhBcXpDX2JvLUwxWmFoZ1hQTGdXRDRRbkl3dmZJSlpVSS04YktrRU9iVnZROU9RWDdxbk9rTmcyM2VqZmdQYzlyaENremNNd3M0MUt1Z3NoYk9PN1BldndWUFhjbjdHS285ZjRjbFE?oc=5,Affinius Capital JV Closes $3.5B Acquisition of Veris Residential    Multifamily Housing News,False,,,,Student Housing,,,False,
65bc69554646,2026-09-04 13:03:04,2026-05-06 07:00:00,Player — Nuveen,Nuveen launches €180m sale of Madrid resi portfolio - Green Street News,https://news.google.com/rss/articles/CBMikgFBVV95cUxNQjVPclNQMGZ4QjFjNXV3QXBMRE1KbnVEVmVoVldQQ3M3QVJnSExrRG0yVm1kTGNCcG9PMXhHYW0tR3RfQXVQbTFTVDBFZ2huSXB5X0ZhZHp5RFZ5dXh1NENPMTNmek1QNTFOSVN2dEplNzJvWXVzRzZOUzd2WWlCQTVEMHA4TXd3eGVpRVFqMzg2UQ?oc=5,Nuveen launches €180m sale of Madrid resi portfolio    Green Street News,False,,,,Student Housing,,,False,
ad826475a04f,2026-09-04 13:03:04,2026-05-05 07:00:00,Player — Nuveen,Weave Living partners Nuveen to acquire en bloc property for KRW22.5 bil - Yahoo Finance Singapore,https://news.google.com/rss/articles/CBMijgFBVV95cUxPVGxqSVp3M3MyNTBwck15cW1jZk5Tc1cxOGJFS1BlR0V5cTJBaTVFeGxBVzNXNllOWUh4MmdBN0FUT3U5a0l5TFc3QjlEVGFvUENkN0wzbUc1aFJSRTA1MmFtOVZOSlR2dmc2TWxya0tmZkZRajJheW0wTDQyc0c1LUtnQ18zMDA1bGZicDl3?oc=5,Weave Living partners Nuveen to acquire en bloc property for KRW22.5 bil    Yahoo Finance Singapore,False,,,,Student Housing,,,False,
d4d7fd8023cf,2026-09-04 13:03:06,2026-05-27 01:12:51,Player — Ares Management,ARES - Ares Management Corp Stock Price and Quote - Finviz,https://news.google.com/rss/articles/CBMiRkFVX3lxTFA1a2xIMHhjMXlSckZMR0RNZWs2Z2J1bmNXOUlfSjV4NEZ1anFPUmF1OGFvMllLUXdPdEVWazg2MTd5OERhV1E?oc=5,ARES - Ares Management Corp Stock Price and Quote    Finviz,False,,,,Student Housing,,,False,
66d8fd164848,2026-09-04 13:03:07,2026-05-26 07:00:00,Player — Kayne Anderson Real Estate,Kayne Anderson Real Estate: $5.12 Billion Raised For Oversubscribed Opportunistic Equity Fund - Pulse 2.0,https://news.google.com/rss/articles/CBMisAFBVV95cUxOemZfZlU3MEVidFU3a29SQzlpeC1sZTNXVWVEdXVzb2htdkNNUWJkTUt1b2hDNVA0YVd5bEhTR2RmUjZmWkRnSnhCSS13SEg2bjBoU1lJSlZvRnBJYi1oMGk2N05MU3BVN2lHMXVSRTBDZUNhMFExSm55WjhsUmdPTHh1a0F0bDVVYW5SM3d5bWxjVVBtUUNySlpwUUQxWldfNUFuUlZPdzdHUXJISERletIBtgFBVV95cUxOdjcyNGM1YjZwMG1oNndIanRLNW9jWUJTQmo5UDRSYWt1LTAtOVlMNG9Kd1g5bGt4M0RtaVhsMXZVN2NMU2t4eTdQWGxPWkQwVXc5WVBsbFlDUUFiSy1SYmRoMkFIdUdWUUlqSkdTU1I4dWlwRDE3V2ljblJfY0hwR3RmZ01BOUZHYUxHb3lmc2VodFpLZl9YR3BiM2FBUm5sRXN0d2J2Rmw2eERSTGRBX20tc1hxQQ?oc=5,Kayne Anderson Real Estate: $5.12 Billion Raised For Oversubscribed Opportunistic Equity Fund    Pulse 2.0,False,,,,Student Housing,,,False,
bca6a522ca78,2026-09-04 13:03:07,2026-05-28 03:04:11,Player — Kayne Anderson Real Estate,"Kayne Anderson Real Estate closes oversubscribed $5.12B equity fund, largest in firm’s history - McKnight's Senior Living",https://news.google.com/rss/articles/CBMi8gFBVV95cUxPeks2M0dxNi00eGhVNUJtYWZSUVVDdmp5SjRUYTBRV2ZwZTViOGo4VE44bFFHdzFrcFUzVFdfZ0p2VnJUbWx0dk5ndDhMOEY5Yk1YM1owSVFvSE9Nc0RlaXVyNlFEcWdxdVBPYXJBeG5Tam13RjRSdHJqb3lkYzJVZWZURk1pUkdJcGlJelFzQ1NMaG9IXzl2ejY4QnU2UDcyQ0lWTzJlN1FtX1phS3hxVnMtdzhfT1RvVno1NE9tOWZnX3paUlVqSmpaLTVLdEJyZXhyTmItUHlGMk5ZY3ludlpueG5RTmhwbko4Yk0tZXBxQQ?oc=5,"Kayne Anderson Real Estate closes oversubscribed $5.12B equity fund, largest in firm’s history    McKnight's Senior Living",False,,,,Student Housing,,,False,
524b41689a38,2026-09-04 13:03:07,2026-05-26 07:00:00,Player — Kayne Anderson Real Estate,Kayne Anderson Closes $5.1B Alternatives Real Estate Fund - credaily.com,https://news.google.com/rss/articles/CBMikwFBVV95cUxOMUpVcm9lbEk4NmlHdWpLZVpKSmR0NGhOWkdMUzhZNkZ2ZExoTktNV1g0NkY5QW1HODRGaUIzWVFCQ3AwSkZEbWdLb3RxOW4zSFJ1SHdIQ18yRlQxdTBlamVwOW5vTEI5VklRSlkzc0RSUHBoX0g1R1hrZDhXQzVyRTdyaU5NVjFyTWo3MjF3bFJXZlk?oc=5,Kayne Anderson Closes $5.1B Alternatives Real Estate Fund    credaily.com,False,,,,Student Housing,,,False,
06484f848024,2026-09-04 13:03:09,2026-05-12 19:27:54,Player — Brookfield,Better together: Unlocking stronger results across the housing sector - Brookfield,https://news.google.com/rss/articles/CBMisAFBVV95cUxOWmhWTG1UV0RqaDBsMm5WYUlYY3ZJZldJMUlfUDRvSGw2RHBOMnA3QTc5UnJuX1dQS2dFOElDSDNWa2gzeno0UHJPVGROVWVJOGFWbEg3TXk2elBwbTBHZjlDRkQ0WTRBVnltUkFaT3dVdjNTTnhoMUQ5YWREd21OYjhBeF9RX18xY3hUcjI2aTFzTjlQMWtHX2hrM2NXNmE5bDNQekIxVXFLSl9KRDh5bQ?oc=5,Better together: Unlocking stronger results across the housing sector    Brookfield,False,,,,Student Housing,,,False,
9215ed9f23a5,2026-09-04 13:03:09,2026-05-11 07:00:00,Player — Brookfield,GIC Said to Seek Minority Investor for $2.2B Aussie Student Housing Platform Iglu - Mingtiandi,https://news.google.com/rss/articles/CBMitAFBVV95cUxPYzB6NEY4TXl1cW03RHBfbHp2UzNMT0NUUktZeDFwVUh5cWdRYnAwdUNSVENBNEtIem03Y2JVLWNMUWIzX0VIU1g3TzdxWDl6amZHQlFheVpJOEVJZGlIaXFaQ2tCS19YT0RXQUZRTGxZelhqV1JmSW01QWdmb2hDbGlzam0yTXRCTnZmVTFnSExfUE40a195XzFYM1VQZndmRVBOZHhmekh2UGQ4U0tDdzQ5Z0o?oc=5,GIC Said to Seek Minority Investor for $2.2B Aussie Student Housing Platform Iglu    Mingtiandi,False,,,,Student Housing,,,False,
a9443f782ba6,2026-09-04 13:03:11,2026-05-11 07:00:00,Player — TSB Capital Advisors,Walker & Dunlop Arranges $53.7M Refinance Loan for Daytona Florida Class-A Student Housing Community OnShore - Yield PRO,https://news.google.com/rss/articles/CBMiTkFVX3lxTE1rdWxEWkJWWHVZNlNHT0I2a0NadF9ieUJQUHFLSlpUcGZyS3RPcFVxR2h4ZmFVZVNwZFFrX0pPcl83T05VZExlOS1PbzgwQQ?oc=5,Walker & Dunlop Arranges $53.7M Refinance Loan for Daytona Florida Class-A Student Housing Community OnShore    Yield PRO,False,,,,Student Housing,,,False,
71f49c490ddb,2026-09-04 13:03:12,2026-05-15 07:00:00,Player — Walker & Dunlop,Walker & Dunlop Arranges $130 Million in Financing for Mixed-Use Redevelopment of Former VA Hospital in Denver - shoppingcenterbusiness.com,https://news.google.com/rss/articles/CBMi2wFBVV95cUxPODhXVTVZQTRrWVNYcWhBbWxFaDFUdER2dG8yV2tIVFRXSElpMFg0LXg4OU5MbktiVmROdTY1MkFXY0dpbXlBaXZJdEhTOXZzdGFVbDJhaFlNeTdzSXlQd2gwTXBlT2lVZzFvR3FpMWxLakVWYnR3NXI4eWRpRUI3cVFsNlZJVHJ0X2VoRjVmb2VYMGhwZ0doTDd5clhIUlhhVVAxbUYwWVdONGFYdk5WUXFwZmJOd3FCVzIxWk51Z2pfWjFseW1rdC0yNFN3aVF6RmNvLUxVUzNtX1U?oc=5,Walker & Dunlop Arranges $130 Million in Financing for Mixed-Use Redevelopment of Former VA Hospital in Denver    shoppingcenterbusiness.com,False,,,,Student Housing,,,False,
2d3468bc27d0,2026-09-04 13:03:12,2026-05-05 07:00:00,Player — Walker & Dunlop,S3 Capital Lends $116M for Texas State Student Housing - Commercial Observer,https://news.google.com/rss/articles/CBMihAFBVV95cUxOTHhCX1J3TnROS21adzdyNWJBdXJjSTBRY0ZGVGNuR0d0VmNXQW8xd1FHaFNKN3hpTzVDZ0Q1MFFSMVZxQVN2WmlNTWJYcVZLQV9BeEtVSTFKd1IyNmd3UldwVm9NVWRyYmhwUVZDcXI0NUl0Sm8tdHd4WGdCUGVDSl81ZEw?oc=5,S3 Capital Lends $116M for Texas State Student Housing    Commercial Observer,False,,,,Student Housing,,,False,
535f3e9c795a,2026-09-04 13:03:12,2026-05-11 07:00:00,Player — Walker & Dunlop,Walker & Dunlop Affordable Investment Sales Just Listed High-Profile Ground-Up Mixed-Use Development Opportunity Adjacent to USC Campus - Yield PRO,https://news.google.com/rss/articles/CBMiXEFVX3lxTE5uZGcyQnJ2dE9HRVNjRW8wOEFvX3F2ZEwtZkJjMVFwdjVWbnUzNERqenVtai1NVUYtY3EtRFlwd0E0bUJYY1A3eWNMVW5KN0ZNak5qbVRiQXNDQUhT?oc=5,Walker & Dunlop Affordable Investment Sales Just Listed High-Profile Ground-Up Mixed-Use Development Opportunity Adjacent to USC Campus    Yield PRO,False,,,,Student Housing,,,False,
cd896d642c57,2026-09-04 13:03:13,2026-05-13 07:00:00,Player — Berkadia,"Berkadia Arranges $37M Construction Loan for Apartment Development in Palm Bay, Florida - REBusinessOnline",https://news.google.com/rss/articles/CBMitgFBVV95cUxPMmhaSGoyVWdTZ2pucHVyZy1xdmJ0SXVNZXphQjkySWVybnZ5YWRYc2RmQVJDZGFZQ0lVM3dkclZKRGQ2Qk9Ya2R0cmlsakFRRk9FTzRBNWEzazF3T0VzUncyc0NPZ25kX2VmYVlvdWxVQ2Rta0xfdWcwRzNZY0NzLV9qR2RNX1lFdHVfX0I1cGRxbU9YOF9zM2dROWV5MGhPR0hyNi1zRUFlMGMxYnlXS0g0MmxNUQ?oc=5,"Berkadia Arranges $37M Construction Loan for Apartment Development in Palm Bay, Florida    REBusinessOnline",False,,,,Student Housing,,,False,
2629a9aa7b30,2026-09-04 13:03:13,2026-05-11 07:00:00,Player — Berkadia,Berkadia Arranges Sale of 280-Unit Apartment Community in Virginia’s Hampton Roads Region - REBusinessOnline,https://news.google.com/rss/articles/CBMiugFBVV95cUxQX1gtemZMOVNWRUxfc3BwekJtVnhIRWlFcmVUTEo4V2sxQzFfZy1XbGxSU0pBNTlteFNUS1I2b2ZTaVpsZUEzU3VCWGRKbUhRb0I2Y09sT0dFU0ZTaElGVDJJZVNkWC1EYWtiQ3RfYWo1Q3QwUVZ5ZGZOb0lXNUJ2czBnQnZCUGE2UlJoSnJmdFFYYW5talBVd1lveG9wN1pXUGhWSmxEMGtYV1plMnNRYm1sdHRsWkFUQmc?oc=5,Berkadia Arranges Sale of 280-Unit Apartment Community in Virginia’s Hampton Roads Region    REBusinessOnline,False,,,,Student Housing,,,False,
62be01a7ce0e,2026-09-04 13:03:14,2026-05-04 07:00:00,Player — JLL,Five solutions to revolutionize your campus - JLL,https://news.google.com/rss/articles/CBMiggFBVV95cUxPdjBpWVZEdGg2THBvU0dtY3BZdVFCZldMaXRQaGZIc0ZlaHZ6QlRiS2JKb0xLdlR6RWNwNENzZktHN3p5N3dNa2g4RnFTVFdHc0laRVlCZlVFRF9XYWRBTkVNa0c3eTVPLUtYRTFOazZ3RTBGbG9ZdUhmalNIOC1WTFR3?oc=5,Five solutions to revolutionize your campus    JLL,False,,,,Student Housing,,,False,
c0cde8d07798,2026-09-04 13:35:07,2026-05-20 07:00:00,Player — Harrison Street,Harrison Street sells $910M student housing por... - Pluang,https://news.google.com/rss/articles/CBMimAFBVV95cUxNbDVRLTRyWFFIM3drc1FBaEV6eUF2eENYUVRqSFFnRE42US1CSGFwb0RzOUVac0Z5Z3ZhYlczR2ZjdXZ0b2tBM0huWVhCVFdMaUJoOXIwYkw4YTNVZ3QzNDVsUVZYZkh6MW54elFCUFpiZEZ3YUtNNXhPSE5qaGt1ZFltdTNGbnFyanBRLUNodk1BaGRJUHJQeA?oc=5,Harrison Street sells $910M student housing por...    Pluang,False,,,,Student Housing,,,False,
