article_id,collected_at,published_at,source,title,url,summary,classified,category,event_tags,signal_type,sector,woomi_relevance,claude_rationale,access_limited,korean_summary
d66c5003dc84,2026-10-02 00:24:41,2026-10-01 08:23:20,Student Housing — University of Central Florida (FL),"Subtext Launches VERVE Orlando, Premium Student Housing Near University of Central Florida - Global Student Living",https://news.google.com/rss/articles/CBMiwAFBVV95cUxObU5xSlRET3plUWJZYUNoWFNyM0RqcV9OWEFrenlobTRFeWRHRFBYRXZZRUh6UE1aY0tMaHRVckhpQTB0V3k1RzlrWGVXSkdPWVRQNlhBNGRsbFFzMjMzUHhyMjlhUWZ5QW9IclR4QXFuOXVWVFhuNmhBSnZmSWctWU9DV2VxMjBJTGFTZThXLVNhbDZPSk1odkphRFVkQlhVWk1yOFpCZjl6Z01OakJNRlB0UDRhWTZhcVhJVEpaZnA?oc=5,"Subtext Launches VERVE Orlando, Premium Student Housing Near University of Central Florida    Global Student Living",False,,,,Student Housing,,,False,
537030159d7c,2026-10-02 00:24:42,2026-10-01 20:33:00,Student Housing — Michigan State University (MI),Could Cedar Village be remade? MSU students have big ideas for East Village - Belleville News-Democrat,https://news.google.com/rss/articles/CBMid0FVX3lxTFByTU5fZ0ZHby0xY0pzbUVxVTRTOHA4eXhYaUZBbHFxTFlrWFZ4S1pFMHFyWnplZVh1WlQySlZod3RoRG84WW9vNUgycGd4UUl0VFEzU2FxTWNHOGM0X0ZnVjVCNURGNjR2S1dsT2ZEaWVqMHl0WTZz?oc=5,Could Cedar Village be remade? MSU students have big ideas for East Village    Belleville News-Democrat,False,,,,Student Housing,,,False,
56a2e6c65f4e,2026-10-02 00:24:45,2026-10-01 13:18:06,Student Housing — Florida State University (FL),"FSU expands Stamps partnership, offering five full-ride scholarships - Bradenton Herald",https://news.google.com/rss/articles/CBMiYkFVX3lxTE1UZzhYbk1RWk1xaUdoajZrbl9JMmVrUE5QX3Z2OE05d0prS0hRbGN1TUxPR1k4OXotdHA4dGRiR041S0R4QUZzZVZSZWYzRUg5Y0s0VlVOeFRsbnN5d29ydTJB?oc=5,"FSU expands Stamps partnership, offering five full-ride scholarships    Bradenton Herald",False,,,,Student Housing,,,False,
3ea594f3be7b,2026-10-02 00:24:49,2026-10-01 12:00:00,Student Housing — University of Arizona (AZ),New Arizona Board of Regents report details how Arizona’s public universities are connecting essential needs support to student success | Arizona Board of Regents - | Arizona Board of Regents,https://news.google.com/rss/articles/CBMiuAFBVV95cUxOVUVfU01YQzNLdmREbEZ1a0VrZXRvQW9xN0NfeDFpd1VhLUgxTVlQeEZ4NXhCcmY5X3N2bDJxQV9mVm14Ylh6QTJMMEZKT3ZRMGF3T2lsMVkzUzBsRjBKRFlud2xvOFZYWmFXOXd5U3cyYkhzYmwxUDFLdXg1VXhacm9OdFNBYl9oYmhUR3hWYmlVZ3pYSDIyUXA2azBpbHJjX28wcEFBUmkzSGM0OFhnZVBFYnRrekRu?oc=5,New Arizona Board of Regents report details how Arizona’s public universities are connecting essential needs support to student success | Arizona Board of Regents    | Arizona Board of Regents,False,,,,Student Housing,,,False,
15c08b5cb7a2,2026-10-02 00:24:49,2026-10-01 15:13:00,Student Housing — University of Arizona (AZ),University of Arizona students win housing innovation competition - Havasu News,https://news.google.com/rss/articles/CBMi5wFBVV95cUxPQnZ5WjBra1REYnlqSHl0cmhrRnhVVnZkX2cxWmZncm1yNml3VFIzYTd6dU9sM0hoREtORFlRNi00alE0dGpnUllRZnVyWEROeUJKX0ViMGtuV3ZOWk45Y0h0OWpZQmxMNVN5eWxkMjh5ZE5aNmZRS2g3T1d0blJXWnlaQTJBWmtJYXpuZUlRMzQyWVFyX0lXWktHR2hYUEpmaWg2QTBpelQ2VFBHYkc1XzJqTDZHVWc5S1hpaDhCWHRURjM5NmpwVnp0WnRHbERKREMzd3h6U2gwMkhpLUsyTHoySVNmblU?oc=5,University of Arizona students win housing innovation competition    Havasu News,False,,,,Student Housing,,,False,
8ec9d81ecd3c,2026-10-02 00:24:54,2026-10-01 03:18:40,Student Housing — University of Kentucky (KY),Lexington's Aylesford neighborhood pushes back on a proposed 10-story student housing complex near UK - LEX 18 News,https://news.google.com/rss/articles/CBMi3gFBVV95cUxPV2NRNF9aWW9HWmIyLXVMUkVlRWstWWtXcFBnclBLMi1jTkpYNUJjR0xMbXFVZzI0Q2VuZThKTGRkVjdFdzNNWjBXcGszQjJSWkp1Unh5aFZQaFlsUVN2ZFplYjVwREpWUVRDcDZpS3dVNTNoeFZZMGU2VnFRaDEycUlGRXRsd3JmR1VFc2F1Q3NiMzl2RE9LMkdDa2VmUk80YjdWbWNGdDI4OGlCbDFrQ2lRUnZlZFVPZEQ4MWhkYUtETmhYczJtSENBeXQ0T3pwY045YzYzQjNXZnZobXc?oc=5,Lexington's Aylesford neighborhood pushes back on a proposed 10-story student housing complex near UK    LEX 18 News,False,,,,Student Housing,,,False,
0f7afe262d9b,2026-10-02 00:25:08,2026-10-01 01:26:09,Student Housing — Appalachian State University (NC),APPALACHIAN STATE UNIVERSITY PROS AND CONS Soccer (tHKw00ZNlh) - Unisba Media,https://news.google.com/rss/articles/CBMihwFBVV95cUxObHFQNGhMMzJlZXZiTXZHbTlPcFU4c1dJX2J5M19ZNEc2UHdjYnV5MUVtMzZjZS1XTjhHdm5PcFUxcUU1dFRqSWdqQUhoUmIxUU5MMmg0TjVDYUZuNEZtNXFvdFMwSFFOaW1lTHpWSG52SWNTWldpUnV3YzdFb2JfazY3X1VpYUE?oc=5,APPALACHIAN STATE UNIVERSITY PROS AND CONS Soccer (tHKw00ZNlh)    Unisba Media,False,,,,Student Housing,,,False,
97f6136479ee,2026-10-02 00:25:18,2026-10-01 18:51:00,Student Housing — Kennesaw State University (GA),Real estate firm snags off-campus housing near Kennesaw State for $42.5M - The Business Journals,https://news.google.com/rss/articles/CBMiqgFBVV95cUxNS3czWDFmY3RjMXhzTEtjcEFIdmhXelF3UldyckRZUmNPRGYwN09kQWFjdEJGNUFMQ1drczg3TUIwc2VWWFVJS0ZmQ2tqbnU2eEY1cG5jNGRyeWdsWFBCZ3pTTDN4Y1E2bW9vUzExRDdqWmpkaVY1VWVwWC1WaVc5RGpBeGp0eTZwb0R6TFN0V3hjN1pxd3puYXNLY0p4Wldwb1RicVZWVmVIdw?oc=5,Real estate firm snags off-campus housing near Kennesaw State for $42.5M    The Business Journals,False,,,,Student Housing,,,False,
9d6fea6b2deb,2026-10-02 00:25:36,2026-10-01 14:19:11,Student Housing — East Tennessee State University (TN),Promoting Lifelong Wellness at East Tennessee State University - campusrecmag.com,https://news.google.com/rss/articles/CBMikgFBVV95cUxPcC1UWU1pZ0lFcWI5Ul9talkwNlZ1bjk2YWthSlVrcjI5LXI4cnRGVzZsRkMyVDlweGlnbm5IWExCSW5JX2tERTNUcVNqblNHek1DcmVPYWpHYjUxV1lIYkVPNldtdXFveE5rdDNvYXJlLVlUZDlBbjRnU3dsVllXTXF4RFpKQm03RGRjcEZOWE11QQ?oc=5,Promoting Lifelong Wellness at East Tennessee State University    campusrecmag.com,False,,,,Student Housing,,,False,
4bdbed79c4f8,2026-10-02 00:25:55,2026-10-01 14:31:06,Student Housing — University of New Mexico (NM),UNM Law School students help create statewide Affordable Housing Plan - UNM Newsroom,https://news.google.com/rss/articles/CBMimwFBVV95cUxQcm1Pell0NnNhMVEyZHVRR0x5NEFCUlc5UW01aWJNUnV6S2I3VzFGZGV6Wlo1dG02NTBvTkhuM1Z6b3pFdGtPYURXMGQ0R1V5dk9FcUtNcXBXRDJkYlF0eDd4QVAzV3Z0cFhHSGtheTVjd3BNS1RCZXhPRkJSX1RURjg4aVJUb29TVWRBMlNSMUxnMnRHdGo2ZEQ3Zw?oc=5,UNM Law School students help create statewide Affordable Housing Plan    UNM Newsroom,False,,,,Student Housing,,,False,
9010642ff275,2026-10-02 00:27:33,2026-10-01 01:12:11,Player — Harrison Street,Harrison Street Asset Management on where conviction meets selection in student housing - pei-privaterealestate.com,https://news.google.com/rss/articles/CBMizgFBVV95cUxNem5KNkJmdWs2NmlLQUsxTGUyZEUycE9MclVFYzZvWlR1VkROQkFHMGl1NE1oWkFzVWxZb0pRN1FpRXpmQTJKVnY3SVI1Sm52X2MzTzRRMHFTbVJ5RE1UMVd6Wi1WWEpYNUJycF9Qak5hNF9wTUNvSGI3NndvZVlxYzhLRnNBWVAxLTE1TC12SXB1eV8tQWxMRlBpRWpaRnBzMkZUbWt6bDdrLUlfRVhmYXJIX0h6eXU3OWJLZWFjdHh0MXc0c3F0S0RyQk91QQ?oc=5,Harrison Street Asset Management on where conviction meets selection in student housing    pei-privaterealestate.com,False,,,,Student Housing,,,False,
ea62bec74c2d,2026-10-02 00:27:44,2026-10-01 14:10:09,Player — JLL,JLL Arranges $41.1M Construction Loan for Long Island Seniors Housing Project - REBusinessOnline,https://news.google.com/rss/articles/CBMiqgFBVV95cUxQMU0wZHV4NnBvemN1aW9fdVRoZGh2cFp5RVFaYVdkNnJnQmp2dkM3WVNhVDI4Nkw2bWlfWXRDM0x1OVBrb1hNYVdSWTN4ZmFQekpjdnp3RlFqbUlVS1BMT1VPMEgwR3RuN0lWVmpMZEEtTUdSbUVzNmFNbWo5VzUxZ3NrMnVYVEl6cXJKOFFrYS1kZFNtVUxLQUR6cU43SW5WNHVLOXJUQmhNZw?oc=5,JLL Arranges $41.1M Construction Loan for Long Island Seniors Housing Project    REBusinessOnline,False,,,,Student Housing,,,False,
e82f479779d3,2026-10-02 00:27:59,2026-10-01 19:55:00,Player — Active Adult — housing,Gallery Residential hires director to lead active adult division - The Business Journals,https://news.google.com/rss/articles/CBMipgFBVV95cUxOZmNabnpxVGpvblpYVV9DZlVqVDRMN0RfY2xobkxjcVF0NTN3Q1FzRTR5ODMwRUxmeHVxaXRfQlJXUmNINU50WkNxUnJUZEZ3V2lwdWdRZUp3Z2JDSEpjVnd0cnZhVEpHd0JWREVxY1RfMVBrMXdSd01TUkQtcDA3NVoyMDF4cUV6WUM2ZmR5UzVhdUVQN3hjS2NsVEl5QlFtOEd5SlB3?oc=5,Gallery Residential hires director to lead active adult division    The Business Journals,False,,,,Active Adult,,,False,
4ef61d0cda14,2026-10-02 00:27:59,2026-10-01 18:49:46,Player — Active Adult — housing,13th Floor Homes Sells Active-Adult Community Solera at Avalon Trails in Delray Beach Florida - Yield PRO,https://news.google.com/rss/articles/CBMiY0FVX3lxTFByZk5MRkpoTzE4Q19TTHpSMURONzFBZHRhelRiOXpQcVdVUGhTYXZfanFTRUdoT3RRcFpCekpjU3k1Uk5rOGk5VU54VjNST2lPTkhvZlY4OXVhd3dHUlJ1TGJiVQ?oc=5,13th Floor Homes Sells Active-Adult Community Solera at Avalon Trails in Delray Beach Florida    Yield PRO,False,,,,Active Adult,,,False,
ce0b0d7f443a,2026-10-02 00:28:03,2026-10-01 19:31:35,Multifamily Dive,Eastham Capital sues Audubon over troubled Alabama property,https://www.multifamilydive.com/news/apartment-lawsuit-multifamily-destress-eastham-audubon/831957/,"Cadence at Bluff Park “was a disaster and was clearly not being professionally managed,” according to the lawsuit.",False,,,,Multifamily,,,False,
62c5a0335f13,2026-10-02 00:28:04,2026-10-01 17:31:00,Multifamily Dive,"Hilton opens Apartment Collection properties in Pennsylvania, Alabama",https://www.multifamilydive.com/news/hilton-opens-apartment-collection-pennsylvania-alabama/831874/,The Pittsburgh and Huntsville openings expand Hilton’s apartment-style collection brand that launched in partnership with Placemakr earlier this year.,False,,,,Multifamily,,,False,
ab9c7b4a71fe,2026-10-02 00:28:05,2026-10-01 17:30:00,Multifamily Dive,L&G invests in its inaugural US housing construction project,https://www.multifamilydive.com/news/lg-taurus-apartment-project-concord/831917/,"The two-building, 201-unit multifamily property with an all-electric design, developed by Taurus Investment Holdings, just broke ground in the undersupplied Boston metro area.",False,,,,Multifamily,,,False,
b424dca37107,2026-10-02 00:28:11,2026-10-01 23:19:45,YieldPro,Arrow Real Estate Advisors expands team with appointments of Ethan Macanian and Jonathan Buchen as Directors,https://yieldpro.com/2026/10/arrow-real-estate-advisors-expands-team-with-appointments-of-ethan-macanian-and-jonathan-buchen-as-directors/,"Arrow Real Estate Advisors, a commercial real estate advisory firm specializing in debt and equity placement, announced that Ethan Macanian and Jonathan Buchen have joined the firm as Directors, further expanding Arrow’s origination capabilities across the Mid-Atlantic. Macanian will be based in Philadelphia, where he will support Arrow’s expansion in the market and focus on […] 
 The post  Arrow ",False,,,,Multifamily,,,False,
0789431b0ef8,2026-10-02 00:28:11,2026-10-01 19:14:52,YieldPro,The Annex Group Announces Union at Bluffs Run Grand Opening in Council Bluffs Iowa,https://yieldpro.com/2026/10/union-at-bluffs-run-2/,"The Annex Group®, a leading impact housing developer that creates affordable, workforce and purpose-built student housing communities, announces the opening of for Union at Bluffs Run, an affordable housing community in Council Bluffs, Iowa. The community brings 192 one, two and three-bedroom units to households whose income level is at or below 60 percent of […] 
 The post  The Annex Group Announ",False,,,,Multifamily,,,False,
08fd1b072bc3,2026-10-02 00:28:11,2026-10-01 19:02:06,YieldPro,Equity Secured for Luxury Multifamily Development in Salt Lake City Suburb,https://yieldpro.com/2026/10/independence-at-the-point/,"JLL Capital Markets announced that it has secured an equity placement for a 217-unit, Class A multifamily development in Bluffdale, Utah. JLL represented the developer, Six Ridge Partners, in securing the joint venture equity for the project, which broke ground in September. Located at 15580 Plentiful Way, the development sits within the Independence at the Point […] 
 The post  Equity Secured for",False,,,,Multifamily,,,False,
2bd3098aad8f,2026-10-02 00:28:11,2026-10-01 18:49:46,YieldPro,13th Floor Homes Sells Active-Adult Community Solera at Avalon Trails in Delray Beach Florida,https://yieldpro.com/2026/10/solera-at-avalon-trails/,"13th Floor Homes, the homebuilding division of 13th Floor Investments, has sold Solera at Avalon Trails, a 74-home active-adult rental community in West Delray Beach, to Robbins Property Associates (RPA) for a real property value of $29.3 million. The Tampa-based multifamily owner and operator acquired the community following successful development, completion and lease-up by 13th […] 
 The post  ",False,,,,Multifamily,,,False,
97b6c7308149,2026-10-02 00:28:11,2026-10-01 18:48:02,YieldPro,Luxury Amenities Completed at 505 Summit Avenue in Jersey City,https://yieldpro.com/2026/10/505-summit-avenue/,"Panepinto Properties has released a first look at the completed indoor and outdoor amenity collection at 505 Summit, its new 53-story luxury rental tower in Jersey City’s Journal Square. Designed by New York–based HLW International, 505 Summit features a diverse collection of social, recreational, wellness and work-from-home spaces designed to complement the lifestyles of its […] 
 The post  Luxur",False,,,,Multifamily,,,False,
280d5b38acef,2026-10-02 00:28:11,2026-10-01 18:37:06,YieldPro,"Tamara Darling rejoins Capital Square as Managing Director, Northwest Sales",https://yieldpro.com/2026/10/tamara-darling-rejoins-capital-square-as-managing-director-northwest-sales/,"Capital Square, a leading sponsor of tax-advantaged real estate investments and an active developer and manager of housing communities nationwide, announced that Tamara Darling has rejoined the firm as managing director, Northwest sales. Darling will lead relationship development with broker-dealers and registered investment advisers across the Northwest, including Washington, Oregon, Montana, Ida",False,,,,Multifamily,,,False,
903e5d6b0f55,2026-10-02 00:28:11,2026-10-01 18:24:13,YieldPro,Walker & Dunlop Arranges 75M Freddie Mac Refinance Loan for Saint Petersburg Florida Multifamily High-Rise Apartments,https://yieldpro.com/2026/10/evo-saint-petersburg/,"Walker & Dunlop has arranged a $75M loan to refinance EVO St. Petersburg, a high-rise apartment complex in downtown St. Petersburg, Florida. Walker & Dunlop Capital Markets Institutional Advisory led by Jonathan Schwartz, Aaron Appel, Keith Kurland, Adam Schwartz, Sean Reimer, Dustin Stolly, Michael Stepniewski, Michael Ianno, and Cody Ela arranged the fixed-rate financing provided […] 
 The post ",False,,,,Multifamily,,,False,
bb19f0669c64,2026-10-02 00:28:11,2026-10-01 17:26:43,YieldPro,Multifamily construction spending slightly higher in August,https://yieldpro.com/2026/10/multifamily-construction-spending-slightly-higher-in-august/,"The Census Bureau’s report on construction spending stated that the value of multifamily residential construction put in place in rose 0.19 percent in August from the revised level of the month before. Spending on single-family residential construction was also higher, rising 0.16 percent, while spending on improvements was down 1.13 percent. The value of total […] 
 The post  Multifamily construc",False,,,,Multifamily,,,False,
2c008a8c146e,2026-10-02 00:28:11,2026-10-01 15:31:37,YieldPro,$47.8M Multifamily Asset Sale in Midtown Phoenix Brokered by Institutional Property Advisors,https://yieldpro.com/2026/10/the-astor-at-osborn/,"Institutional Property Advisors (IPA), a division of Marcus & Millichap (NYSE: MMI) dedicated to serving the company’s institutional clients, announced the sale of The Astor at Osborn, a 191-unit, mid-rise multifamily asset in Phoenix, Arizona. The property sold for $47.8 million, or $250,262 per unit. “One of only two multifamily properties delivered along 7th Avenue […] 
 The post  $47.8M Multif",False,,,,Multifamily,,,False,
363df295f2af,2026-10-02 00:28:11,2026-10-01 15:05:53,YieldPro,$15.9M All-Electric Affordable Mountain Town Housing  Project Opens in Crested Butte Colorado,https://yieldpro.com/2026/10/mineral-point/,"Mineral Point, a new 34-unit affordable rental community located at the north end of Crested Butte at 603 Butte Ave., celebrated its grand opening, expanding much-needed housing options for local residents and workers. Developed by TWG Development and designed by STUDIO Architecture, the community pairs affordable rents with energy-efficient homes built for life in a […] 
 The post  $15.9M All-Ele",False,,,,Multifamily,,,False,
719abf5a92be,2026-10-02 00:28:11,2026-10-01 22:27:54,Bisnow,Law Firm Occupies Shorenstein's 14th & Spring Tower: The Atlanta Deal Sheet,https://www.bisnow.com/news/atlanta/deal-sheet/law-firm-occupies-shorenstein-s-14th-spring-tower-the-atlanta-deal-sheet,Kabat Chapman & Ozmer LLP takes 13K SF in Midtown Atlanta office.,False,,,,CRE,,,False,
94c8fc5cf7ab,2026-10-02 00:28:11,2026-10-01 21:23:11,Bisnow,Greystar Secures 100K SF Tenant At Somerville Lab Building,https://www.bisnow.com/news/boston/life-sciences/greystar-lands-100k-sf-lease-at-somerville-lab-building,"It is the first tenant announced at Greystar's 74M lab building, which began construction in 2022 and delivered two years later.",False,,,,CRE,,,False,
1490a9dfe009,2026-10-02 00:28:12,2026-10-01 20:39:42,Bisnow,IQHQ Lands $245M Loan From Cannabis REIT For Cambridge Lab Campus,https://www.bisnow.com/news/boston/life-sciences/iqhq-lands-245m-loan-for-alewife-park-from-cannabis-reit,Cannabis REIT Innovative Industrial Properties provided $245M to IQHQ for its 27-acre Alewife Park development.,False,,,,CRE,,,False,
9219d0f07a75,2026-10-02 00:28:12,2026-10-01 20:15:36,Bisnow,"Mamdani Officials, RGB Members Had Frequent Contact Before Rent Freeze, Communications Reveal",https://www.bisnow.com/news/new-york/multifamily/mamdani-officials-rgb-members-had-frequent-contact-communications-reveal,Landlords claim that the mayor illegally influenced the rent freeze vote.,False,,,,CRE,,,False,
dc54a6aa20ff,2026-10-02 00:28:12,2026-10-01 20:06:47,Bisnow,Lenders Warn Commercial Real Estate's 'Day Of Reckoning' Is Close At Hand,https://www.bisnow.com/news/national/capital-markets/real-estate-dealmaking-slowing-10-year-treasury,Lenders and investors say the dealmaking recovery is over after the 10-year Treasury yield hit 5.3% this week.,False,,,,CRE,,,False,
32a9793d5665,2026-10-02 00:28:12,2026-10-01 19:06:15,Bisnow,Student Sector Hopes That The Bottom Is in Sight,https://www.bisnow.com/news/london/student-housing/student-sector-hopes-that-the-bottom-is-in-sight,"UK student housing may face revaluation, but resilience hints at potential growth.",False,,,,CRE,,,False,
d5c00bcd3b36,2026-10-02 00:28:12,2026-10-01 18:55:43,Bisnow,"'Think Brookfield, Think Blackstone': Ackman's Vision For Howard Hughes",https://www.bisnow.com/news/national/capital-markets/-think-brookfield-think-blackstone-ackman-s-vision-for-howard-hughes,Bill Ackman's vision for Howard Hughes involves reducing the firm's equity commitment to its real estate by as much as 80%.,False,,,,CRE,,,False,
a13c5b0c965c,2026-10-02 00:28:12,2026-10-01 18:06:10,Bisnow,Morgan Stanley Fund Buys 189K SF Milpitas Industrial Building,https://www.bisnow.com/news/san-francisco/industrial/morgan-stanley-real-estate-investments-scoops-up-189k-sf-industrial-building-in-milpitas,Industrial investments in the area have picked up in recent weeks as vacancy remains below 2%.,False,,,,CRE,,,False,
ae8b8009eb99,2026-10-02 00:28:12,2026-10-01 17:58:52,Bisnow,"Pool Supplier Leslie's Files For Bankruptcy, To Close 76 Stores",https://www.bisnow.com/news/national/retail/pool-supplier-leslies-to-close-76-stores-bankruptcy-restructuring,The pool supplier filed for Chapter 11 protection after a major drop in revenue over the summer.,False,,,,CRE,,,False,
3d7fff733cdd,2026-10-02 00:28:13,2026-10-01 22:00:39,Commercial Observer,Stockbridge Buys Maryland Industrial Property for $57M,https://commercialobserver.com/2026/10/stockbridge-maryland-industrial-ta-realty/,"Stockbridge has acquired a 203,000-square-foot industrial property in Maryland for $56.6 million, almost four years after seller TA Realty bought the facility for about the same price. The San Francisco-based investment management firm purchased the Class A building at 8511 Pepco Place in Upper Marlboro, Md., according to Cushman & Wakefield, which represented the seller. […]",False,,,,CRE,,,False,
2991fa53540d,2026-10-02 00:28:13,2026-10-01 21:25:14,Commercial Observer,Inside Ken Griffin’s $3B Bet on Miami’s Wynwood,https://commercialobserver.com/2026/10/ken-griffin-miami-wynwood-moishe-mana-carnegie-mellon/,"Three years ago, staffers working for billionaire financier Ken Griffin met with Moishe Mana to present him the deal of lifetime: They offered about $800 million for his 35-acre portfolio in Miami’s Wynwood neighborhood.  Surprised, Mana initially rejected the offer. His properties were not for sale, and he envisioned developing his own business and entertainment […]",False,,,,CRE,,,False,
bf60ffa738fc,2026-10-02 00:28:13,2026-10-01 20:31:11,Commercial Observer,"Malaysian Bank, Medical Practice Sign Leases at 575 Madison Avenue",https://commercialobserver.com/2026/10/malayan-banking-berhad-lease-575-madison-avenue/,"A Malaysian bank and a concierge medical service together took more than 14,100 square feet of office space in Midtown. Malayan Banking Berhad, also known as Maybank, signed the largest of the two deals with 8,629 square feet across the entire 24th floor of Steinberg & Pokoik Management’s 575 Madison Avenue, according to landlord broker […]",False,,,,CRE,,,False,
7b4f0c68b6b3,2026-10-02 00:28:13,2026-10-01 19:52:52,Commercial Observer,Helaba Provides $105M Construction Takeout Loan on Nashville Apartments,https://commercialobserver.com/2026/10/helaba-mill-creek-residential-nashville-apartments/,"A joint venture between CrossHarbor Capital Partners and Mill Creek Residential has secured $105 million of construction takeout financing for a newly built mixed-use project in Nashville, Commercial Observer has learned. German commercial bank Helaba supplied the bridge loan for the sponsorship’s Modera Riverview development that debuted in 2024 in Nashville’s Germantown neighborhood. PNC previou",False,,,,CRE,,,False,
3c6195d39ff1,2026-10-02 00:28:13,2026-10-01 19:42:05,Commercial Observer,Joyland Sells Staten Island Shopping Center for $57M,https://commercialobserver.com/2026/10/joyland-sells-staten-island-shopping-center/,"South Shore Commons, a popular shopping and dining plaza on Staten Island, has sold for the second time in four years.  Joyland Management sold the 157,347-square-foot outdoor shopping center at 2965 Veterans Road West for $57 million, or $362 per square foot, to real estate investment trust Phillips Edison & Company, which owns and manages […]",False,,,,CRE,,,False,
1a4bdb31e632,2026-10-02 00:28:13,2026-10-01 18:35:12,Commercial Observer,"Cityview, PCCP Joint Venture Buys L.A. Apartments for $76M",https://commercialobserver.com/2026/10/cityview-pccp-la-multifamily/,"A joint venture between Cityview and PCCP is recapitalizing a 243-unit apartment complex in Los Angeles’ Historic Filipinotown for $76 million. Cityview is also the seller, bringing PCCP into the ownership of the Belle on Bev project at 1800 Beverly Boulevard. The transaction is equal to about $312,757 per unit. Traded first reported the move. […]",False,,,,CRE,,,False,
67aff7b8af84,2026-10-02 00:28:13,2026-10-01 18:05:52,Commercial Observer,Apollo Provides $131M Construction Loan for Brookfield’s California Logistics Center,https://commercialobserver.com/2026/10/apollo-provides-131m-construction-loan-for-brookfields-california-logistics-center/,"Brookfield has secured $130.5 million in construction financing to build Locust Gateway Logistics Center, a Class A industrial facility that will span 664,859 square feet in Rialto, Calif., Commercial Observer can first report.  Apollo provided the debt, structured as a five-year financing package, while CBRE’s Tom Rugg, Tom Traynor, Val Achtemeier, Mark Finan and Henry […]",False,,,,CRE,,,False,
1bf469f4dc59,2026-10-02 00:28:13,2026-10-01 18:00:29,Commercial Observer,Publix Pays $83M for Another Miami Plaza,https://commercialobserver.com/2026/10/publix-miami-airpark-plaza/,"Reflecting a voracious appetite for real estate, Publix Super Markets paid $83.25 million for a retail center it anchors in Miami, according to a deed filed this week. A subsidiary of Lakeland, Fla.-based Publix acquired Airpark Plaza at 5705 Northwest Seventh Street from First Washington Realty of Bethesda, Md. Airpark Plaza was built in the […]",False,,,,CRE,,,False,
7fb4ad813e2e,2026-10-02 00:28:13,2026-10-01 17:36:43,Commercial Observer,Dwight Capital Lends $47M to Develop Houston-Area Apartments,https://commercialobserver.com/2026/10/dwight-capital-houston-texas-apartments/,"Hunington Properties has landed $47 million of construction financing to develop  a multifamily project in suburban Houston,Commercial Observer has learned. Dwight Capital closed the U.S. Department of Housing and Urban Development (HUD) 221(d)(4) construction loan for Hunington’s 279-unit The Vic at Sunterra development in Katy, Texas, to be located within the 1,300-acre Sunterra master-planned c",False,,,,CRE,,,False,
2990719ed5f2,2026-10-02 00:28:13,2026-10-01 16:59:55,Commercial Observer,Scale Lending Provides $68M Loan for N.J. Multifamily Building’s Second Phase,https://commercialobserver.com/2026/10/scale-lending-68m-loan-meridia-rahway-brownstones/,"Capodagli Property Company has secured $67.5 million in construction financing to build the 200-unit second phase of Meridia Rahway Brownstones, a five-story multifamily complex in Rahway, N.J., according to a release. Slate Development’s Scale Lending provided the debt, which is structured as a 30-month term with two six-month extension options and will retire an existing […]",False,,,,CRE,,,False,
af2f5ba89322,2026-10-02 00:28:13,2026-10-01 16:26:58,Commercial Observer,"Bank of India, Global Investor IQ-EQ Sign Leases at 1212 Avenue of the Americas",https://commercialobserver.com/2026/10/bank-of-india-iq-eq-leases-1212-avenue-of-the-americas/,"Stawski Partners has two new tenants heading to its Midtown office building at 1212 Avenue of the Americas, Commercial Observer has learned. In the largest deal, Bank of India signed a 20-year, 14,630-square-foot lease for the entire 12th floor of the 24-story office tower in a relocation from 277 Park Avenue, according to landlord broker […]",False,,,,CRE,,,False,
2d3f0539c30e,2026-10-02 00:28:13,2026-10-01 16:01:03,Commercial Observer,"Law Firm Morgan, Lewis & Bockius Inks 205K SF at 1251 Avenue of the Americas",https://commercialobserver.com/2026/10/morgan-lewis-bockius-lease-1251-avenue-of-the-americas/,"Global law firm Morgan, Lewis & Bockius has signed a massive lease to relocate its New York City offices. The law firm, which handles corporate mergers and offers specialized consulting, inked a deal for 205,000 square feet at Mitsui Fudosan America’s 1251 Avenue of the Americas, according to a third-quarter Manhattan office report from Colliers. […]",False,,,,CRE,,,False,
8d9d99ce8240,2026-10-02 00:28:13,2026-10-01 15:14:03,Commercial Observer,Manhattan’s Available Office Supply Falls to Lowest Level Since 2020: Colliers,https://commercialobserver.com/2026/10/manhattan-available-office-supply-lowest-level-2020-colliers/,"Despite a slight quarter-over-quarter decline in new deals, Manhattan’s office market saw a robust third quarter of 2026, with leasing volume exceeding both the five-year and 10-year quarterly averages, according to the latest research from Colliers.  Manhattan office leasing totaled 10.06 million square feet in July, August and September, driven by large new leases and […]",False,,,,CRE,,,False,
7d419584b587,2026-10-02 00:28:13,2026-10-01 14:43:27,Commercial Observer,"Podcast: Why Industrial Leasing Is Broken & How to Fix It, Warehub CEO James Holbrook",https://commercialobserver.com/2026/10/podcast-why-industrial-leasing-is-broken-how-to-fix-it-warehub-ceo-james-holbrook/,"James Holbrook is an industrial real estate entrepreneur and technology innovator, and the founder of Payson Smith Holbrook and Warehub, where he serves as Executive Chairman. Over the past 5+ years, he and his team have led more than $500 million in industrial leasing transactions, representing landlords and tenants across millions of square feet of short-term […]",False,,,,CRE,,,False,
e6628b2909ef,2026-10-02 00:28:13,2026-10-01 14:22:06,Commercial Observer,"Investment Firms Silvercrest, i80 Group Lease Offices at 1345 Avenue of the Americas",https://commercialobserver.com/2026/10/silvercrest-i80-group-leases-1345-avenue-of-the-americas/,"Two investment firms have leased new offices at the same Midtown building. In the largest deal, Silvercrest Asset Management, an independent wealth management firm, signed a 15-year, 41,000-square-foot lease on the entire 12th floor of Fisher Brothers’ 1345 Avenue of the Americas, while i80 Group signed a 10-year lease for roughly 17,000 square feet on […]",False,,,,CRE,,,False,
c6215211c95f,2026-10-02 00:28:13,2026-10-01 13:42:12,Commercial Observer,BankUnited Lands Fifth Avenue Retail Flagship and Expands Offices at 450 Park Avenue,https://commercialobserver.com/2026/10/bankunited-leases-10-bryant-park-retail-office-450-park-avenue/,"BankUnited is not only landing on Fifth Avenue with a new flagship branch, but it’s also expanding its office space along Park Avenue, Commercial Observer has learned. The Florida-based bank signed a retail lease for 10,068 square feet on the south corner of Amazon’s tower at 452 Fifth Avenue, also known as 10 Bryant Park. […]",False,,,,CRE,,,False,
912c5d01b0d8,2026-10-02 00:28:13,2026-10-01 11:15:50,Commercial Observer,Get to Know the Broker: Kayla Lee of Serhant,https://commercialobserver.com/2026/10/get-to-know-the-broker-kayla-lee-serhant/,"You could call her the Queen of Long Island City, and, oh boy, is that title well earned.  Serhant’s Kayla Lee has a passion for Long Island City, where she lives and works on massive residential projects. One such project is the Paragon, an old paint factory from 1931 that has been converted into a […]",False,,,,CRE,,,False,
f6bed8904837,2026-10-02 00:28:13,2026-10-01 22:08:58,Connect CRE,Investment and Advisory Platform Leases Full Floor at 545 Madison,https://www.connectcre.com/stories/investment-and-advisory-platform-leases-full-floor-at-545-madison/,"Marx Realty announced that Patricof Co, a specialized investment and advisory platform serving professional athletes, has signed a 10-year lease at 545 Madison. At the Plaza District office building, the firm will occupy 7,500 square feet comprising the entire 16th floor. “Patricof’s move to 545 Madison speaks to the high quality of tenants that are attracted  ... 
 The post  Investment and Adviso",False,,,,CRE,,,False,
3d71f64f1a9c,2026-10-02 00:28:13,2026-10-01 22:02:50,Connect CRE,Faris Lee Arranges $39M Deal for Big-Box Duo within Lakewood Center,https://www.connectcre.com/stories/faris-lee-arranges-39m-deal-for-big-box-duo-within-lakewood-center/,"Faris Lee Investments completed the $38.7-million acquisition of a 155,000-square-foot, two-tenant retail investment featuring The Home Depot and Albertsons at Lakewood Center in Lakewood. Managing principals Don MacLellan and Jeff Conover, senior managing director Scott DeYoung and director Greg Lukosky represented the seller, a consortium of multiple owners, as well as the buyer, a high-net-wort",False,,,,CRE,,,False,
d4581415d4ea,2026-10-02 00:28:13,2026-10-01 22:00:00,Connect CRE,Net Lease: From Niche to Institutional Strategy,https://www.connectcre.com/stories/net-lease-from-niche-to-institutional-strategy/,"Net lease investment was once the purview of private investors and buyers completing 1031 exchanges. Not anymore. According to a recent Northmarq article, net lease sales have evolved from a small part of commercial real estate into a bona fide institutional investment strategy. In the News Two September announcements highlight the interest shown by the  ... 
 The post  Net Lease: From Niche to In",False,,,,CRE,,,False,
f88e072b878c,2026-10-02 00:28:13,2026-10-01 21:45:57,Connect CRE,"New York People and Company News, Week of Oct. 2, 2026",https://www.connectcre.com/stories/new-york-people-and-company-news-week-of-oct-2-2026/,"The post  New York People and Company News, Week of Oct. 2, 2026  appeared first on  Connect CRE .",False,,,,CRE,,,True,
25e1ad5c449e,2026-10-02 00:28:13,2026-10-01 21:31:07,Connect CRE,"California People and Company News, Week of Oct. 2, 2026",https://www.connectcre.com/stories/california-people-and-company-news-week-of-oct-2-2026/,"The post  California People and Company News, Week of Oct. 2, 2026  appeared first on  Connect CRE .",False,,,,CRE,,,False,
a155e9ac2d64,2026-10-02 00:28:13,2026-10-01 21:18:52,Connect CRE,JLL Closes Sale of Grocery-Anchored Somerset County Center,https://www.connectcre.com/stories/jll-closes-sale-of-grocery-anchored-somerset-county-center/,"JLL Capital Markets closed the sale of The Hills Village Center, a 110,000-square-foot grocery-anchored retail property located at 550 Hills Dr. in Bedminster, NJ. Senior managing directors Jose Cruz and Kevin O’Hearn, senior director J.B. Bruno and senior associate Cole Doyon. represented the seller, Lena Centers, a Longpoint Partners subsidiary. Asana Partners acquired the asset.  ... 
 The post",False,,,,CRE,,,False,
9b08c8f96516,2026-10-02 00:28:13,2026-10-01 21:09:55,Connect CRE,Davis Names Managing Director for Mixed-Use Development,https://www.connectcre.com/stories/davis-names-managing-director-for-mixed-use-development/,"The Davis Companies has appointed Melissa Schrock to the newly created position of managing director of mixed-use development. Schrock will oversee Davis’ growing portfolio of mixed-use properties nationwide, supporting all project aspects including acquisition, entitlement and ground-up development. “Davis has deep experience navigating complex development opportunities and working collaborativel",False,,,,CRE,,,False,
660cf7cadc20,2026-10-02 00:28:13,2026-10-01 21:00:22,Connect CRE,Transamerica Pyramid Center Continues 2026 Leasing Momentum,https://www.connectcre.com/stories/transamerica-pyramid-center-continues-2026-leasing-momentum/,"JLL and YODA Group have completed more than 13,000 square feet of new leasing activity across Transamerica Pyramid Center in San Francisco. The transactions include a new lease with a leading New York-based multi-stage VC firm, as well as the renewal by a San Francisco-based law firm, which has renewed and expanded its 7,000 square  ... 
 The post  Transamerica Pyramid Center Continues 2026 Leasin",False,,,,CRE,,,False,
053cbed15842,2026-10-02 00:28:13,2026-10-01 20:26:20,Connect CRE,KeyBank Provides $93M Financing for South LA Affordable,https://www.connectcre.com/stories/keybank-provides-93m-financing-for-south-la-affordable/,"KeyBank Community Development Lending and Investment (CDLI) provided $92.9 million in financing for Broadway & Imperial, a new 166-unit affordable housing development in South Los Angeles. The financing package includes a $43.8-million construction loan and a $18.1 million federal Low-Income Housing Tax Credit equity investment from KeyBank CDLI. Key Commercial Mortgage Group arranged a $31-millio",False,,,,CRE,,,False,
22a750d4cea9,2026-10-02 00:28:13,2026-10-01 19:39:54,Connect CRE,Mass General Brigham Leases 100K SF as New Lab Building’s First Tenant,https://www.connectcre.com/stories/mass-general-brigham-leases-100k-sf-as-new-lab-buildings-first-tenant/,"Mass General Brigham (MGB) has leased approximately 100,000 square feet of lab space on the lower floors of Greystar’s 74M at 74 Middlesex Ave. in Somerville, MA, becoming the property’s first tenant. The building will house MGB’s central pathology laboratory services, consolidating existing pathology functions from across the system. Formerly an industrial brownfield site, 74M  ... 
 The post  Ma",False,,,,CRE,,,False,
be028a3aea83,2026-10-02 00:28:13,2026-10-01 18:22:44,Eye on Housing (NAHB),Private Residential Construction Spending Posts Broad-Based Gains in August,https://eyeonhousing.org/2026/10/private-residential-construction-spending-posts-broad-based-gains-in-august/,"Private residential construction spending rose in August 2026 following a series of declines during the second quarter of the year. According to the latest construction spending data from the U.S. Census Bureau, private residential construction spending came in at a seasonally adjusted annual rate (SAAR) of $882.3 billion in August, up 1.1% from July but […]",False,,,,Multifamily,,,False,
fbe3d0433975,2026-10-02 00:28:15,2026-10-01 18:43:28,Connect CRE Texas,San Antonio Coca-Cola Bottler Adds 170K SF,https://www.connectcre.com/stories/san-antonio-coca-cola-bottler-adds-170k-sf/,"Arca Continental Coca-Cola Southwest Beverages has completed a $42 million expansion of its bottling facility on the city’s East Side, adding 170,000 square feet of warehouse space and a second production line. The project is located at 1 Coca-Cola Place near the Frost Bank Center and represents one of the company’s major recent investments in its San Antonio  ... 
 The post  San Antonio Coca-Cola",False,,,,Multifamily,,,False,
c6cb67b5686f,2026-10-02 00:28:16,2026-10-01 18:32:54,Connect CRE Texas,Alamo Heights Apartment Owners Eyeing Major Addition,https://www.connectcre.com/stories/alamo-heights-apartment-owners-eyeing-major-addition/,"Morningside Group plans to renovate and add hundreds of units to the Sunset Ridge at Alamo Heights apartment complex. The company recently filed a zoning change request with the city to allow for more infill development, hoping to increase the total units from 324 to 1,425. The firm acquired the property in 2022. The San Antonio Business  ... 
 The post  Alamo Heights Apartment Owners Eyeing Major",False,,,,Multifamily,,,False,
c0eabcf2575b,2026-10-02 00:28:17,2026-10-01 16:46:50,Connect CRE Texas,Lewisville Working with Developers on Town Mall Revamp,https://www.connectcre.com/stories/lewisville-working-with-developers-to-revamp-town-mall/,"Hankook Property Management, a partial owner of The Vista, a struggling mall in Lewisville, is working on a redevelopment plan. The company acquired the interior portion, including the theater and former JCPenney, in 2022. The City of Lewisville has been actively facilitating discussions between current property owners and potential developers interested in redeveloping the Vista Mall  ... 
 The p",False,,,,Multifamily,,,False,
cba50febfc06,2026-10-02 00:28:18,2026-10-01 15:58:47,Connect CRE Texas,"Texas People & Companies, October 2, 2026",https://www.connectcre.com/stories/texas-people-companies-october-2-2026/,"The post  Texas People & Companies, October 2, 2026  appeared first on  Connect CRE .",False,,,,Multifamily,,,False,
0061023f3469,2026-10-02 00:28:27,2026-10-01 14:00:13,Connect CRE South FL,Related Ross Reaches Agreement on Second Palm Beach Convention Center Hotel,https://www.connectcre.com/stories/related-ross-reaches-agreement-on-second-palm-beach-convention-center-hotel/,"The Palm Beach County Commission and Related Ross have agreed on a deal that will allow a second hotel at the Palm Beach Convention Center. Under the sale-leaseback deal, the developer will sell a parking lot near the convention center to the county, which would then lease it back to the developer as it builds the project.  ... 
 The post  Related Ross Reaches Agreement on Second Palm Beach Conven",False,,,,Multifamily,,,False,
23101e116f7a,2026-10-02 00:28:29,2026-10-01 16:09:38,Connect CRE Phoenix,Logistics Property Inks $68.3M Refi on Mesa Industrial Park,https://www.connectcre.com/stories/logistics-property-inks-68-3m-refi-for-mesa-industrial-park/,"Logistics Property Co. has obtained a $68.3 million refinancing loan for Palm Gateway Logistics Center, a 614,544-square-foot industrial park in Mesa. Commercial Search reports that Pacific Coast Capital Partners provided the debt. LogiPropCo broke ground one month later, marking its first project in Phoenix. The park came online in 2024. Palm Gateway Logistics Center was a  ... 
 The post  Logist",False,,,,Multifamily,,,False,
6d56c2087eb6,2026-10-02 00:28:29,2026-10-01 15:54:55,Connect CRE Phoenix,Empire Group Starts Work on $288M Tempe Apartment Community,https://www.connectcre.com/stories/empire-group-starts-work-on-288m-tempe-apartment-community/,"One of the Empire group of companies broke ground Monday on a two-tower, $288 million luxury project in Tempe. Aspirant Development, the luxury infill division of Empire Group, is building a 15-story tower and a 17-story tower on the site. Financing for the 533-unit Class A high-rise community called Revelry amounted to $229 million. Gensler is  ... 
 The post  Empire Group Starts Work on $288M Te",False,,,,Multifamily,,,False,
6a945c9bab78,2026-10-02 00:28:31,2026-10-01 16:24:45,Connect CRE Seattle,Maverick Gaming to Close Eight Casinos in Washington,https://www.connectcre.com/stories/maverick-gaming-to-close-eight-casinos-in-washington/,"Maverick Washington LLC is set to close eight casinos across Washington, putting 850 people out of work. The affected casinos are Great American Casino in Everett, Chip’s Casino, Macau Casino and Palace Casino in Lakewood, All Star Casino in Silverdale, Casino Caribbean in Yakima, Crazy Moose Casino in Pasco and Coyote Bobs Casino in Kennewick.  ... 
 The post  Maverick Gaming to Close Eight Casin",False,,,,Multifamily,,,False,
dd4f7ec70039,2026-10-02 00:28:35,2026-10-01 13:15:00,LA Urbanize,"Long-dormant Hotel Clark ""soft opens"" in Downtown Los Angeles",https://la.urbanize.city/post/long-dormant-hotel-clark-soft-opens-downtown-los-angeles,"Long-dormant Hotel Clark ""soft opens"" in Downtown Los Angeles 
 Steven Sharp 
 Thu, 10/01/2026 - 06:15 
 
 Seemingly out of nowhere, the  Hotel Clark  has opened for business in  Downtown Los Angeles. Located just up the street from freshly-renamed Biddy Mason Park at 426 S. Hill Street,  the interior makeover of the 11-story building has been finished since 2014 , but closed off to the public. Ov",False,,,,Residential,,,False,
212c37c7463c,2026-10-02 00:28:35,2026-10-01 13:05:00,LA Urbanize,Parklet proposed at 8th and Western in Koreatown,https://la.urbanize.city/post/parklet-proposed-8th-and-western-koreatown,"Parklet proposed at 8th and Western in Koreatown 
 Steven Sharp 
 Thu, 10/01/2026 - 06:05 
 
 In her ongoing quest to find unconventional opportunities for new park space in Koreatown, 10th District Councilmember Heather Hutt has set her sites on a street segment on the western side of the neighborhood. In a motion introduced this week, Hutt suggests that the spur of 8th Street which branches off ",False,,,,Residential,,,False,
6c535d313561,2026-10-02 00:28:36,2026-10-01 13:05:00,LA Urbanize,New details for affordable housing at 1150 Sunset Blvd. in Echo Park,https://la.urbanize.city/post/new-details-affordable-housing-1150-sunset-blvd-echo-park,"New details for affordable housing at 1150 Sunset Blvd. in Echo Park 
 Steven Sharp 
 Thu, 10/01/2026 - 06:05 
 
 An application to the Los Angeles Department of City Planning  sheds more light on a proposal to build  affordable housing along Sunset Boulevard in Echo Park. The Flats on Sunset, proposed by  Samuelian Group  at 1150 Sunset Boulevard, will consist of a six-story building featuring 23",False,,,,Residential,,,False,
b45602acc098,2026-10-02 00:28:38,2026-10-01 12:30:20,SF YIMBY,"Formal Application and Renderings for 1956 Great Highway, San Francisco",https://sfyimby.com/2026/10/formal-application-and-renderings-for-1956-great-highway-san-francisco.html,"Formal permits have been filed for new housing at  1956 Great Highway , overlooking Sunset Dunes and Ocean Beach in  San Francisco's   Sunset District . The proposal will replace the existing 90-year-old house with two four-story duplexes. Hexagon Permit Services is responsible for the application through 1956 Great Highway LLC.",False,,,,Policy,,,False,
4608424722cd,2026-10-02 00:28:38,2026-10-01 12:00:07,SF YIMBY,New Affordable Tower Proposed at 439-451 South 4th Street in San Jose,https://sfyimby.com/2026/10/new-affordable-tower-proposed-at-439-451-south-fourth-street-in-san-jose.html,"A new proposal has emerged for the 0.5-acre site at 439-451 South 4th Street in San Jose. The plans are being proposed under the new property ownership of American Housing Co., a subsidiary of the Oakland-based development and design firm oWow. Their plans would revive a similarly scaled building to plans approved for the site in 2024 under the previous property owner, Nelly Amas.",False,,,,Policy,,,False,
ad75a94a6b43,2026-10-02 00:28:38,2026-10-01 11:30:36,SF YIMBY,New Rendering Available for Approved Project at 6518 San Pablo Avenue,https://sfyimby.com/2026/10/new-rendering-available-for-approved-project-at-6518-san-pablo-avenue.html,"The previously approved project at 6518 San Pablo Avenue was issued some of its building permits earlier this week. Along with the exciting news, the development team also released a more up-to-date visual of what the project is expected to look like. The changes to the building appear to be primarily visual, with the building plans still calling for the same approximate height and number of units",False,,,,Policy,,,False,
858c39218e76,2026-10-02 00:28:39,2026-10-01 20:59:43,Senior Housing News,"In the Pipeline: Touchmark Starts Work in Alaska; Cedarhurst Hits Milestones in Illinois, Kansas",https://seniorhousingnews.com/2026/10/01/in-the-pipeline-touchmark-starts-work-in-alaska-cedarhurst-hits-milestones-in-illinois-kansas/,"In the Pipeline is part of your SHN+ subscription In the Pipeline is brought to you by the Senior Housing News Architecture & Design Awards, an annual competition that recognizes cutting-edge design, excellence, and innovation in senior living. Construction: Planned Kauhale Health plans memory care redevelopment Kauhale Health recently announced the acquisition and planned redevelopment […] 
 The ",False,,,,Senior Housing,,,False,
a311d61ed80a,2026-10-02 00:28:39,2026-10-01 20:31:00,Senior Housing News,More Than Half of Primary Markets Have 90% Average Senior Living Occupancy Or Higher,https://seniorhousingnews.com/2026/10/01/more-than-half-of-primary-markets-have-90-average-senior-living-occupancy-or-higher/,"Senior living occupancy is on track to reach record levels with more than half of primary markets reporting over 90% average occupancy. The national senior living average occupancy rate in the 31 primary markets NIC MAP tracks reached 90.4% in the third quarter of 2026, representing a gain of 60 basis points versus 2Q26, when […] 
 The post  More Than Half of Primary Markets Have 90% Average Senio",False,,,,Senior Housing,,,False,
1fe0de431ecd,2026-10-02 00:28:39,2026-10-01 18:02:53,Senior Housing News,"How Soft Skills, Hospitality Focus Can Make Executive Directors More Effective",https://seniorhousingnews.com/2026/10/01/how-soft-skills-hospitality-focus-can-make-executive-directors-more-effective/,"This story is part of your SHN+ subscription Executive directors are vitally important for senior living operators. The industry asks a lot of them, but I think there’s more support that operators can offer. From overseeing care coordination and delivering on lifestyle engagement that is increasingly focused on hospitality to keeping the number of incoming […] 
 The post  How Soft Skills, Hospital",False,,,,Senior Housing,,,False,
25cc11d8d22b,2026-10-03 00:06:08,2026-10-02 22:50:27,Student Housing — San Diego State University (CA),A Guide to Giving to Students - San Diego State University,https://news.google.com/rss/articles/CBMidEFVX3lxTE8ybEZjbDhCaTFuOFlVck9uSlRvSG9zZjRMN1YwbXpYWWdOTEhTRjgyWS1qYXJvUHZjU2dYMUJQbVBaeFd4QldNZnNoamJ0ZUxqU1NnMWdtV0EzcG1JeGQ1cXp1bVZvSzlXRklyV2F0NUtkRV93?oc=5,A Guide to Giving to Students    San Diego State University,False,,,,Student Housing,,,False,
94f16f46edf3,2026-10-03 00:06:40,2026-10-02 01:15:48,Student Housing — Appalachian State University (NC),APPALACHIAN STATE UNIVERSITY PROS AND CONS Coppa Italia (nPYMrvQcSq) - Unisba Media,https://news.google.com/rss/articles/CBMia0FVX3lxTFBUZEdCalVud3NkbXo3LTVKOXlLbkpsbXVDRGdNZFFJNG5HWG1yYTdJMFZzZnhmWXFSbk5XQ1pFcF8xWkhhTEpnZk5qZFZiOXMzSHdrLVl5TFZ1emRjTzhmMEFLc0cySWtOb01v?oc=5,APPALACHIAN STATE UNIVERSITY PROS AND CONS Coppa Italia (nPYMrvQcSq)    Unisba Media,False,,,,Student Housing,,,False,
ae2f0163946a,2026-10-03 00:07:01,2026-10-02 14:00:00,Student Housing — Clemson University (SC),Clemson University sees slowing rent growth. It’s part of a national trend. - Post and Courier,https://news.google.com/rss/articles/CBMi2wFBVV95cUxQb1BKQnFXUldXLWhFYTFocEJXdjJHaGg4SVJLM2dlbjV3azZGSXpqb19Lc3ZGeFFqLXFUMmo1cTEwYjlqU1VuN0l4QUlUczBBU2ttN1J4RzNsYU13QmtvYkZoalBObVZJci1Nakc2VkdWaU5XUVZoTl9aMXkybXoyUkRHcGl1bU83U0YwVjhWT0hlcmx1eVdiazhib21HMzJKRGlqMk1SQmlSTkxWb3FGb3kwWHZ1eXZsREFGVU1HZEZSNU1MWWgwYU8yQjZNaGtsdXV2WjRUN3YteUU?oc=5,Clemson University sees slowing rent growth. It’s part of a national trend.    Post and Courier,False,,,,Student Housing,,,False,
72eb9f58c7b4,2026-10-03 00:07:09,2026-10-02 07:42:42,Student Housing — Georgetown University (DC),Proposed changes to Georgetown’s enrollment bring parking crackdown and senior housing incentives - The Georgetown Voice,https://news.google.com/rss/articles/CBMi0gFBVV95cUxPTG9IWnhSeG1HbEZpVDN5cjJwV19IaGVWRHJJaThaQmJXN3VjcXlncGN1dlpadUxCWFluaDRrRm5DT0QwUG44X29DWXBEamp1THlSdEliOFNEMXlKTjZnNE9DX0M1NHpxdG1NNmNLQS10eXB0LTM0Vm1MMU51b1Nhd09YZWpMQ2FURDNzQjdiLVI1ZUJESWRzaDdDdktZMHZfcW5yWHh4amtNMWhKbUpXdWdYSVZ5TlpRNERGZkJxZndDRjlCb1hObEFPVXVYUTRwR0E?oc=5,Proposed changes to Georgetown’s enrollment bring parking crackdown and senior housing incentives    The Georgetown Voice,False,,,,Student Housing,,,False,
a939b7a80cd3,2026-10-03 00:08:06,2026-10-02 19:09:00,Student Housing — University of California - Santa Cruz (CA),Student housing drives nearly $1B in higher-ed construction - The Business Journals,https://news.google.com/rss/articles/CBMipwFBVV95cUxQOWdCempiRHFEWktCLUVGTGx6WG1jNU1ERUNXcjlpY3JQWUU1NWZjVlRsTHVyLVdRQnJwRkpKMUpxcEl3YWlwZ2Raa1NDZ3B3cWNTTlRINDJqWDFxajVPSXZvTVNXakRGME9EWE1RYmREaUpVLUhvckVwNmd2OXpONjdZTVFjaXZFUE0wOVhRaTdWYW9TTE1TSXFwNjlsRjhabmZxM1ViZw?oc=5,Student housing drives nearly $1B in higher-ed construction    The Business Journals,False,,,,Student Housing,,,False,
dd20eceab0ed,2026-10-03 00:08:15,2026-10-01 15:46:25,Student Housing — University of Michigan (MI),The landladies vs. Mosher-Jordan - Michigan Today,https://news.google.com/rss/articles/CBMigAFBVV95cUxNZy1scFEyTjNocVpLQ0xfdjZKeWg2VF9SQWpZZlJXdmEtekcwMTF4TXRFRWZnX1pXcVgyX2M2RGpoVkhuVDlfN1FUb3oyWHh6dEw2Qk1saGlJZjNCTUhmQ2tzeTVfQ0luN25EcjhzdHZ5ZDRfNDZtSWdBUkpyeTVGcg?oc=5,The landladies vs. Mosher-Jordan    Michigan Today,False,,,,Student Housing,,,False,
991f133855a7,2026-10-03 00:08:52,2026-10-02 17:09:55,Player — Core Spaces,Top 40 Student Housing Construction Firms for 2026 - Building Design + Construction,https://news.google.com/rss/articles/CBMiqAFBVV95cUxPcEpjYTdMcnF3ZkxpcFJxZHA3M0FwTEZPWUhkYnVVNVA3UF9mYkRmTnNYWHRnZlA5SURCaUFwNWFGYzI3VFhlbExHM3pGVlhLUFBjSFh0SFphN2tsbVM5UGIyeS1lU0drRUZ5aHVveDBkUXgzOTM0SHR4c1kzaGgyV3R0SVJIMlVvbHcxOTZuMlctZWRITHdWem1LbDFjZHJLQ08ydnozazE?oc=5,Top 40 Student Housing Construction Firms for 2026    Building Design + Construction,False,,,,Student Housing,,,False,
1d22bc7c7926,2026-10-03 00:09:04,2026-10-02 10:56:00,Player — Up Campus,Student housing developer knows many ‘don’t want this project’ in Lexington. Will it pass? - Lexington Herald Leader,https://news.google.com/rss/articles/CBMiaEFVX3lxTE1QWTdlS3lvZzlfOFZsdDg4UWNheGtpZWZQaWhRVGhiU0J6Z1JBUnYxWUx0Q0NwLW0yRWh0VzQzLVNXbEJCeVZOdFd0ZUFGMUxVXzkza25IVS1hNUZaVVVCeFozWHZmdWpk0gFoQVVfeXFMTkIwaEN1TTJnWTA2blhRcmwzWXRibGZ5N2E0WG9nQUsycjdjOUIwNlBCSXFkVi04MDhPVE9OZnhyWmtNRnYwWnFFM21XUVRObFFCZGdfNXpudHNqSUFuRXVBY1AxVmpUN3o?oc=5,Student housing developer knows many ‘don’t want this project’ in Lexington. Will it pass?    Lexington Herald Leader,False,,,,Student Housing,,,False,
5d5e8a1c78e0,2026-10-03 00:09:07,2026-10-01 19:06:15,Player — Harrison Street,Student Sector Hopes That The Bottom Is in Sight - Bisnow,https://news.google.com/rss/articles/CBMioAFBVV95cUxPWTJOYk1rcTBhQzJqVjl2SG0tbmplVW1EOTBsV0JFY2k5VWJVSUNvSzRITHBvQk0tZFUzbE92NDFhN29RTkI2UWlqZjM5QUZuRlpia2txRVFsbzBqbHRyZ2t5UnEzUEhJOWNnTHQzV2JLNFp1dV9uV0QwSkdjdV9pLW0yNUxNa2xCYXVlcW5pSE5nWkxhRHNxYzVfQUtLUFRR?oc=5,Student Sector Hopes That The Bottom Is in Sight    Bisnow,False,,,,Student Housing,,,False,
c64162517c7b,2026-10-03 00:09:16,2026-10-02 09:58:22,Player — Brookfield,Term Sheet: Brookfield’s student housing CMBS Metrics suspends debt fund redemptions Standard Chartered’s data center push - pei-privaterealestate.com,https://news.google.com/rss/articles/CBMi-AFBVV95cUxNVEEwUVdIVWc3NjZPSXZ3eVByN0ZCUDhmdzk5dXlCWFJjM2w1Q2o4SDlKdS1TMUhaWWdFdkVjRU1DTTBFVk5pcmJOR2RRNEl4RFQ3R1lfYjhRaTRhSlROY2dpbWs4LUR0VENrcmdpOGpWODloM2ViX25QbEcxY2JvWWEwbkN5bWI4QXlYSXRaS01WLUNhMHdUaFFfYzlzTkhxSTRqazktWnkxaWV1QkNoNkVtUzA1MGlrbjFrMWZHMUlTZzlMaHF5dk92YThaZlBCVjJ0alhLdVhYQXNNZC14TFZ4TWQzOGNGOS16RVJwbHJvY2JrR0pFNA?oc=5,Term Sheet: Brookfield’s student housing CMBS Metrics suspends debt fund redemptions Standard Chartered’s data center push    pei-privaterealestate.com,False,,,,Student Housing,,,False,
defb3d7cfd91,2026-10-03 00:09:37,2026-10-02 19:21:00,Multifamily Dive,RealPage wins pause on New York’s algorithmic rent-setting ban,https://www.multifamilydive.com/news/realpage-injunction-new-york-algorithmic-rent-setting-ban/832045/,The federal court agreed to grant a preliminary injunction while it mulls the software maker’s claims that the state’s new law violates the First Amendment.,False,,,,Multifamily,,,False,
17de2ee06b8f,2026-10-03 00:09:37,2026-10-02 19:07:45,Multifamily Dive,"How United Apartment Group plans to hit 50,000 units under management",https://www.multifamilydive.com/news/apartment-management-consolidation-mergers-acquisitions/832049/,"New hires Woody Stone and Lenzie O’Connor bring decades of experience to the San Antonio-based operator, as it also seeks acquisition opportunities in markets like Charlotte, North Carolina.",False,,,,Multifamily,,,False,
724bff136ef4,2026-10-03 00:09:43,2026-10-02 18:08:41,YieldPro,Northmarq Arranges Sale of 315-Unit Multifamily Community in Saint Louis Metro,https://yieldpro.com/2026/10/missouri-whisper-hollow/,"Northmarq’s St. Louis Investment Sales team, led by Dominic Martinez, Parker Stewart, Alex Malzone and Charlie McKee, successfully arranged the sale of Whisper Hollow Apartments, a 315-unit garden-style multifamily community located at 12430 Whisper Hollow Dr. in Maryland Heights, Missouri. Northmarq represented the seller — Banner Real Estate Group — in the transaction. The buyer […] 
 The post  ",False,,,,Multifamily,,,False,
75eb52e5e87a,2026-10-03 00:09:43,2026-10-02 17:56:20,YieldPro,Marcus & Millichap Arranges $5.89M Sale of 41-Unit Multifamily Property in North Hollywood California,https://yieldpro.com/2026/10/13103-barbara-ann/,"Marcus & Millichap (NYSE: MMI), a leading commercial real estate brokerage firm specializing in investment sales, financing, research, and advisory services, announced the sale of 13103 Barbara Ann Street, a 41-unit multifamily property in North Hollywood, California. The property sold for nearly $5.89 million, or $143,610 per unit, and closed escrow at a 5.70 percent […] 
 The post  Marcus & Mill",False,,,,Multifamily,,,False,
70ea3c360b2f,2026-10-03 00:09:43,2026-10-02 17:19:02,YieldPro,Multifamily employment lower despite overall employment gains,https://yieldpro.com/2026/10/multifamily-employment-lower-despite-overall-employment-gains/,"The Employment Situation Report from the Bureau of Labor Statistics (BLS) stated overall employment grew by 29,000 jobs in September. However, the employment gains for the last 2 months were revised lower from the gains reported last month. August’s gain was revised 29,000 jobs lower to a gain of 133,000 jobs and July’s gain was […] 
 The post  Multifamily employment lower despite overall employme",False,,,,Multifamily,,,False,
becafc61a817,2026-10-03 00:09:43,2026-10-02 16:05:22,YieldPro,Marcus & Millichap Arranges Sale of Multifamily Property in Washington D.C.,https://yieldpro.com/2026/10/kansas-avenue/,"Marcus & Millichap (NYSE: MMI), a leading commercial real estate brokerage firm specializing in investment sales, financing, research and advisory services, announced the sale of 6145-6149 Kansas Ave. NE in Washington, D.C.’s Riggs Park neighborhood. The asset sold for $1.3 million. “Multifamily rental properties are in short supply in this pocket of the Manor Park […] 
 The post  Marcus & Millich",False,,,,Multifamily,,,False,
10365db0af26,2026-10-03 00:09:43,2026-10-02 15:34:50,YieldPro,Newmark Arranges Sale and Financing of 280-Unit Ascend Waterleigh Village in Orlando Metro,https://yieldpro.com/2026/10/ascend-waterleigh-village/,"Newmark announces the Company has arranged the sale of and $45 million in financing for Ascend Waterleigh Village, a newly constructed, 280-unit Class A multifamily community in Winter Garden, Florida, within the Orlando metropolitan area. Newmark Vice Chairman Scott Ramey, Directors Brad Downing and Paul Grant and Associate Grant Bretzlaff represented seller D.R. Horton. Vice […] 
 The post  Newm",False,,,,Multifamily,,,False,
90adaaf91c36,2026-10-03 00:09:43,2026-10-02 15:15:32,YieldPro,American Landmark Apartments Acquires 350-Unit Multifamily Community in Dallas-Fort Worth,https://yieldpro.com/2026/10/sol-riverside/,"American Landmark Apartments (“American Landmark”), one of the nation’s leading multifamily investment managers and owner-operators, has acquired Lakeside Villas, a 350-unit apartment community located in the Dallas submarket of Grand Prairie, Texas. The property will be rebranded as Sol Riverside, further expanding American Landmark’s Texas portfolio while strengthening the firm’s presence in the",False,,,,Multifamily,,,False,
bb736a3b9838,2026-10-03 00:09:43,2026-10-02 14:27:06,YieldPro,Project Renewal Opens 130 Supportive and Affordable Purpose-Built Apartments in Midtown Manhatten,https://yieldpro.com/2026/10/willow-tree-commons/,"Project Renewal celebrated the opening of Willow Tree Commons, a new 21-story development in Midtown Manhattan that brings permanent housing, emergency shelter, healthcare and supportive services together in one purpose-built community. Located at 225 East 45th Street, Willow Tree Commons includes 130 supportive and affordable apartments, a 171-bed emergency shelter for women, and an on-site […] 
",False,,,,Multifamily,,,False,
fcd412467061,2026-10-03 00:09:43,2026-10-02 14:15:31,YieldPro,Berkadia Arranges $78M Sale of 200-Unit Multifamily Apartment Community in San Ramon California,https://yieldpro.com/2026/10/bridges-at-san-ramon-2/,"Berkadia, a distinguished leader in the commercial real estate sector, announces that it arranged the $78 million sale of Bridges at San Ramon, a 200-unit multifamily community located in San Ramon, California, a preferred locale within the Tri-Valley region. The transaction equated to $390,000 per unit. Senior Managing Director Jason Parr, Managing Director Scott MacDonald, […] 
 The post  Berkad",False,,,,Multifamily,,,False,
aaabfd4285f9,2026-10-03 00:09:43,2026-10-02 14:05:56,YieldPro,Thompson Thrift to Develop 284-Unit Luxury Multifamily Community Near Denver,https://yieldpro.com/2026/10/alasso/,"Thompson Thrift, a full-service nationally recognized real estate company, announced the development of Alasso, a mixed-use development featuring 284 luxury apartment homes and approximately 20,000 square feet of vertically integrated retail and restaurant space in historic Golden, approximately 15 miles west of Denver. First resident move-ins are anticipated for early 2028. “Golden is an exceptio",False,,,,Multifamily,,,False,
7759875b0d63,2026-10-03 00:09:43,2026-10-02 13:55:05,YieldPro,Jonathan Rose Companies Acquires Affordable Housing Community in Santa Cruz California,https://yieldpro.com/2026/10/la-posada-apartments/,"Jonathan Rose Companies, a leading mission-driven real estate investment and development firm, announced the acquisition of  La Posada Apartments, a 150-unit, mixed-income community located at 609 Frederick Street in Santa Cruz, California. This transaction marks the ninth acquisition for the Rose Affordable Housing Preservation Fund VI and the firm’s second property in Santa Cruz. In line with it",False,,,,Multifamily,,,False,
5825ac9f5257,2026-10-03 00:09:44,2026-10-02 22:49:19,Bisnow,Carnegie Mellon's Ken Griffin-Backed Campus Has Miami Developers Salivating,https://www.bisnow.com/news/south-florida/economic-development/carnegie-mellon-ken-griffin-wynwood-development,Developers are already trying to capitalize on Ken Griffin's $3B investment in a Carnegie Mellon campus.,False,,,,CRE,,,False,
674a2d9a943c,2026-10-03 00:09:44,2026-10-02 22:35:09,Bisnow,Stockdale Found A Gap In The Debt Market. Then It Seized An Opportunity,https://www.bisnow.com/news/national/capital-markets/stockdale-found-a-gap-in-the-credit-market-then-it-seized-an-opportunity,"The Los Angeles-based company launched a credit strategy, targeting loans between $15M and $75M for distressed assets and asset classes.",False,,,,CRE,,,False,
45ae5a1e5c90,2026-10-03 00:09:44,2026-10-02 22:17:30,Bisnow,Inside CareTrust's £1.1B UK Deal: How U.S. Investors Conquered Care Homes,https://www.bisnow.com/news/london/senior-housing/inside-caretrust-s-pound1-1b-uk-deal-how-u-s-investors-conquered-care-homes,"CareTrust buys £1.1B UK care homes, the latest in a series of U.S. megadeals for the sector.",False,,,,CRE,,,False,
d8b88dea539a,2026-10-03 00:09:44,2026-10-02 22:06:19,Bisnow,University City Office Market Improves Despite Slow Quarter In Philly,https://www.bisnow.com/news/philadelphia/office/q3-reports-burlington-hanwha,University City and the Navy Yard fielded the largest office deals in Philly last quarter as the broader market recorded negative absorption.,False,,,,CRE,,,False,
340cae0d6faf,2026-10-03 00:09:44,2026-10-02 18:56:57,Bisnow,DCHA Taps Executive Director: The D.C. Deal Sheet,https://www.bisnow.com/news/washington-dc/deal-sheet/dcha-taps-executivedirector-the-dc-deal-sheet,"Also this week, Bozzuto plans a headquarters move, Jemal Equities buys another D.C. office building, Loudoun has a new affordable senior development, and more.",False,,,,CRE,,,False,
4b7ec8916754,2026-10-03 00:09:44,2026-10-02 17:46:26,Bisnow,Federal Realty Spends $508M On Alabama Power Center,https://www.bisnow.com/news/national/retail/federal-realty-508m-the-summit-birmingham-bayer-properties,"Bayer Properties sold the 870K SF open-air shopping center in Birmingham, Alabama, 30 years after developing it.",False,,,,CRE,,,False,
fd4334e7d174,2026-10-03 00:09:44,2026-10-02 17:33:14,Bisnow,Hines Names New Co-CEO As Part Of Generational Leadership Shift,https://www.bisnow.com/news/national/top-talent/hines-names-new-co-ceo-as-part-of-generational-leadership-shift,"Hines reveals a generational leadership change with Adam Hines as co-CEO, joining Laura Hines-Pierce.",False,,,,CRE,,,False,
57519dec1028,2026-10-03 00:09:44,2026-10-02 16:56:55,Bisnow,Investors Flee Mortgage-Backed Securities As Interest Rates Eat At Returns,https://www.bisnow.com/news/national/capital-markets/investors-flee-mortgage-backed-securities-as-interest-rates-eat-at-returns,"Record sell-off hits mortgage-backed securities as U.S. Treasurys surge, squeezing returns and altering strategies.",False,,,,CRE,,,False,
3fb2542f56c9,2026-10-03 00:09:45,2026-10-02 16:30:16,Bisnow,Fort Worth Offers Incentives To Land Nearly $200M Harting Connectivity Plant,https://www.bisnow.com/news/dallas-ft-worth/industrial/fort-worth-offers-incentives-to-land-nearly-200m-harting-connectivity-plant,The Fort Worth City Council approved a series of incentives for Harting Connectivity to build a multimillion-dollar manufacturing facility.,False,,,,CRE,,,False,
2e84fb250dd7,2026-10-03 00:09:45,2026-10-02 16:14:56,Bisnow,Lone Star Piles Back Into Dutch Market With €216M Resi Buy,https://www.bisnow.com/news/netherlands/residential/catella-sells-dutch-resi-portfolio-for-euro215m-to-lone-star,"Catella sold its Dutch portfolio, 923 units in key cities, for €215.5M to Lone Star.",False,,,,CRE,,,False,
0a8d761c5069,2026-10-03 00:09:45,2026-10-02 21:05:42,Commercial Observer,"Kolter, BH Inch Toward Buyout on Oceanfront Miami Beach Condo",https://commercialobserver.com/2026/10/kolter-bh-miami-north-beach-port-royale-normandy-plaza-crystal-beach-suites/,"Developers Kolter Group and BH Group are almost done assembling their oceanfront site in Miami Beach, with plans to redevelop it into a luxury condo complex. The joint venture now owns the majority of units within the Port Royale condo building at 6969 Collins Avenue in the North Beach neighborhood. Since July, it has paid […]",False,,,,CRE,,,False,
c8c57a773761,2026-10-03 00:09:45,2026-10-02 20:50:11,Commercial Observer,Google Relocation Leads D.C.’s Office Market in Q3,https://commercialobserver.com/2026/10/google-dc-office-q3/,"Washington, D.C.’s office market held relatively steady in the third quarter, but the divide between trophy properties and the broader market was extended. Tenants leased about 1.8 million square feet during the quarter, roughly in line with the market’s five-year quarterly average, but down from the 2 million square feet leased in the second quarter, […]",False,,,,CRE,,,False,
fdc21aa0556c,2026-10-03 00:09:45,2026-10-02 18:20:50,Commercial Observer,"Bank of America, JLL Provide $276M Refi for SoCal Senior Housing",https://commercialobserver.com/2026/10/nexus-bank-of-america-jll-senior-housing-california/,"A Nexus Development affiliate has landed $276 million in refinancing for two senior housing communities with 395 units in Newport Beach, Calif. Property records show that Bank of America provided the $140 million loan for Vivante Newport Center, while JLL Real Estate Capital provided $136 million for Vivante Newport Mesa. JLL Capital Markets arranged and […]",False,,,,CRE,,,False,
14be94ad15b1,2026-10-03 00:09:45,2026-10-02 17:53:33,Commercial Observer,Sony in Talks to Anchor Tishman Speyer’s 99 Hudson Boulevard,https://commercialobserver.com/2026/10/sony-in-talks-to-anchor-tishman-speyers-99-hudson-boulevard/,"Sony is in negotiations to become the anchor tenant of Tishman Speyer’s planned 99 Hudson Boulevard in Hudson Yards, Commercial Observer has learned, and may already have a term sheet.  Sony’s current U.S. headquarters is in the top 568,000 square feet of 11 Madison Avenue, but Sony, like other corporate occupiers, is looking for newer, […]",False,,,,CRE,,,False,
ba4be277daa3,2026-10-03 00:09:45,2026-10-02 17:42:22,Commercial Observer,Hines Promotes Adam Hines to Co-CEO Alongside Laura Hines-Pierce,https://commercialobserver.com/2026/10/laura-hines-pierce-adam-hines-co-ceo-promotion/,"Laura Hines-Pierce is still co-CEO of the family firm, but with a new counterpart in Adam Hines. Hines-Pierce ascended to the role of co-CEO of investment and development firm Hines in February 2022 alongside her father, Jeffrey Hines. But as the elder Hines moves into the role of the firm’s chairman, another family member is […]",False,,,,CRE,,,False,
f48f17f91e66,2026-10-03 00:09:45,2026-10-02 17:30:41,Commercial Observer,Madison Realty Capital Supplies $127M Refi for Fort Lauderdale Development,https://commercialobserver.com/2026/10/madison-realty-arcadian-fuse-krea-multifamily/,"Madison Realty Capital provided a $127 million construction takeout loan for a newly completed multifamily development in Fort Lauderdale. The 502-unit Arcadian, developed by Fuse Group and KREA Developments, received a temporary certificate of occupancy earlier this year. The two-building complex at 640 Northwest Seventh Avenue sits adjacent to Northwest Sixth Street in the Sistrunk […]",False,,,,CRE,,,False,
e6322151c225,2026-10-03 00:09:45,2026-10-02 16:50:40,Commercial Observer,Chinese Restaurant Chain to Open 10K-SF Eatery at 365 West 46th Street,https://commercialobserver.com/2026/10/nong-geng-ji-lease-365-west-46th-street/,"One thing New York City does not lack is a place to find great Chinese food, and New Yorkers are about to get another spot to add to their lists. Nong Geng Ji, one of China’s most popular Hunan cuisine brands, has inked a 9,900-square-foot retail lease at 365 West 46th Street in Manhattan’s Hell’s […]",False,,,,CRE,,,False,
0a0575438465,2026-10-03 00:09:45,2026-10-02 16:43:40,Commercial Observer,World Trade Centers Association Leases 3K-SF Office in Namesake Campus,https://commercialobserver.com/2026/10/world-trade-centers-association-lease-one-world-trade-center/,"The international trade organization that took its name from the World Trade Center is re-establishing a headquarters presence at the campus. The World Trade Centers Association (WTCA), which bought the rights to the name in the 1980s, has signed a lease for 2,556 square feet on the 46th floor of the Durst Organization and the […]",False,,,,CRE,,,False,
079d994bdc51,2026-10-03 00:09:45,2026-10-02 22:02:45,Connect CRE,"Beyond the Headlines, CRE Is Thousands of Local Stories",https://www.connectcre.com/stories/beyond-the-headlines-cre-is-thousands-of-local-stories/,"Read the commercial real estate headlines and you would picture the market as rows of glass towers and mega-warehouses ringing a handful of big cities: distressed office high-rises, institutional write-downs, the occasional gateway-city megadeal. Big names, big cities, big bets, big wins and losses.  That may be the part that draws attention, but it’s not  ... 
 The post  Beyond the Headlines, CRE",False,,,,CRE,,,False,
fb6a763d49e0,2026-10-03 00:09:45,2026-10-02 21:55:40,Connect CRE,Capstone Equities Signs UK AI Tenant to First U.S. Location,https://www.connectcre.com/stories/capstone-equities-signs-uk-ai-tenant-to-first-u-s-location/,"Capstone Equities, its partners Rugby Realty and Republic Investment Company, and JLL announced today that Conduct AI will open its first U.S. office at 140 Crosby St., a boutique Class A office building in Manhattan’s SoHo neighborhood. The lease encompasses the entire 6,705-square-foot third floor and represents the first transaction at the property since Capstone  ... 
 The post  Capstone Equit",False,,,,CRE,,,False,
0ac927cc3c97,2026-10-03 00:09:45,2026-10-02 21:41:45,Connect CRE,North Hollywood Apartments Trade to Locally Based LLC,https://www.connectcre.com/stories/north-hollywood-apartments-trade-to-locally-based-llc/,"Marcus & Millichap has finalized the sale of 13103 Barbara Ann St., a 41-unit multifamily property in North Hollywood. The property sold for nearly $5.89 million, or $143,610 per unit, and closed escrow at a 5.7% cap rate based on in-place income. “The property had been under the same ownership for more than 30 years,  ... 
 The post  North Hollywood Apartments Trade to Locally Based LLC  appeared",False,,,,CRE,,,False,
e32e5ef3d8d0,2026-10-03 00:09:45,2026-10-02 21:33:06,Connect CRE,Mojo Coffee Officially Opens in Chicago’s Loop,https://www.connectcre.com/stories/mojo-coffee-officially-opens-in-chicagos-loop/,"Mojo Coffee has officially opened at 70 W. Madison in Chicago’s Loop, taking over a ground-floor corner of the office tower owned and managed by partners, Namdar Realty Group and Mason Asset Management. The New Zealand-born specialty roaster joins over 244,000 square feet of leasing activity across the building in recent months, including significant lease  ... 
 The post  Mojo Coffee Officially O",False,,,,CRE,,,False,
e8ec8338feac,2026-10-03 00:09:45,2026-10-02 21:31:36,Connect CRE,"Charney Companies, Tavros Break Ground on Fifth Gowanus Development",https://www.connectcre.com/stories/charney-companies-tavros-break-ground-on-fifth-gowanus-development/,"Charney Companies and Tavros recently celebrated the groundbreaking of 175 Third St. in Gowanus, Brooklyn. The 27-story mixed-use tower, the newest addition to the Gowanus Wharf development, will house more than 1,000 apartments, approximately 250 of them affordable. Designed by Bjarke Ingels Group (BIG) and dencityworks, the project will also include a 28,000-square-foot public waterfront  ... 
 ",False,,,,CRE,,,False,
37025ef4330a,2026-10-03 00:09:45,2026-10-02 21:19:23,Connect CRE,Millennium Bank Debuts Revitalized Bridgeport Banking Center,https://www.connectcre.com/stories/millennium-bank-debuts-revitalized-bridgeport-banking-center/,"Millennium Bank has officially opened its newly renovated Bridgeport banking center. Following its January 2025 acquisition of Pulaski Savings Bank, Millennium Bank invested in the historic property at 3156 S. Morgan Street, rebuilt branch operations and expanded its presence in Chicago. A centerpiece of the reopening is a new 120-foot exterior mural by Chicago artist  ... 
 The post  Millennium B",False,,,,CRE,,,False,
c8e5b7352d92,2026-10-03 00:09:45,2026-10-02 21:13:08,Connect CRE,JLL Arranges $276M Refi for Newport Beach Seniors Communities,https://www.connectcre.com/stories/jll-arranges-276m-refi-for-newport-beach-seniors-communities/,"JLL Capital Markets arranged $276 million in refinancing for Vivante Newport Center and Vivante Newport Mesa, a two-property seniors housing portfolio in Newport Beach. Senior managing director Greg Brown, assisted by senior managing director Aaron Rosenzweig worked on behalf of the borrower, an affiliate of Nexus Development, to secure two uncrossed loans for the portfolio.  ... 
 The post  JLL A",False,,,,CRE,,,False,
70b3e8aa39e1,2026-10-03 00:09:45,2026-10-02 21:08:14,Connect CRE,Northmarq Arranges Sale of St. Louis Metro Multifamily Property,https://www.connectcre.com/stories/northmarq-arranges-sale-of-st-louis-metro-multifamily-property/,"Northmarq’s St. Louis Investment Sales team, led by Dominic Martinez, Parker Stewart, Alex Malzone and Charlie McKee, arranged the sale of Whisper Hollow Apartments, a 315-unit garden-style multifamily community located at 12430 Whisper Hollow Dr. in Maryland Heights, Missouri. Northmarq represented the seller, Banner Real Estate Group, in the transaction. The buyer is Monarch Investment  ... 
 Th",False,,,,CRE,,,False,
684b33c436a5,2026-10-03 00:09:45,2026-10-02 21:03:59,Connect CRE,Olnick Organization Refinances Harlem Apartments for $171M,https://www.connectcre.com/stories/olnick-organization-refinances-harlem-apartments-for-171m/,"Walker & Dunlop arranged $170.5 million in permanent financing to refinance Lenox Terrace, a multifamily community at 484 Malcolm X Blvd. in Harlem. A Walker & Dunlop Capital Markets Institutional Advisory team led by Jonathan Schwartz, Aaron Appel, Keith Kurland, Adam Schwartz, Dustin Stolly, Sean Reimer, Michael Ianno and Cody Ela arranged the balance sheet financing  ... 
 The post  Olnick Orga",False,,,,CRE,,,False,
eec73f68e642,2026-10-03 00:09:45,2026-10-02 20:57:52,Connect CRE,Newmark Arranges $31M Sale of Advanced Manufacturing Campus in Hillsboro,https://www.connectcre.com/stories/newmark-arranges-31m-sale-of-advanced-manufacturing-campus-in-hillsboro/,"Newmark has arranged the $30.9 million sale of Trellis West, a 214,152-square-foot advanced manufacturing and research and development campus in Hillsboro, Oregon, to buyer SKB and KCB Partners. Newmark Director Kellen Kollmorgen represented the seller in the transaction. Leasing efforts at Trellis West were led by Newmark Portland Market Leader and Managing Director Travis Parrott  ... 
 The post",False,,,,CRE,,,False,
5d4b355ec329,2026-10-03 00:09:46,2026-10-02 20:45:00,Federal Reserve,Federal Reserve Board announces approval of application by Fleur Capital Corporation,https://www.federalreserve.gov/newsevents/pressreleases/orders20261002a.htm,Federal Reserve Board announces approval of application by Fleur Capital Corporation,False,,,,Macro,,,False,
8f9bf8f9d80d,2026-10-03 00:09:46,2026-10-02 20:00:00,Federal Reserve,"Federal Reserve Board announces it will extend, until November 4, the comment period on its proposal to modernize Regulation O",https://www.federalreserve.gov/newsevents/pressreleases/bcreg20261002a.htm,"Federal Reserve Board announces it will extend, until November 4, the comment period on its proposal to modernize Regulation O",False,,,,Macro,,,False,
b441ff6c63c6,2026-10-03 00:09:46,2026-10-02 15:00:00,Federal Reserve,"Federal Reserve Board issues enforcement action with Ontario Bancorporation, Inc.",https://www.federalreserve.gov/newsevents/pressreleases/enforcement20261002a.htm,"Federal Reserve Board issues enforcement action with Ontario Bancorporation, Inc.",False,,,,Macro,,,False,
6bb458ea968d,2026-10-03 00:09:47,2026-10-02 17:27:29,Connect CRE Texas,Fields West Rental Community Reveals Open Date,https://www.connectcre.com/stories/fields-west-rental-community-reveals-open-date/,"A residential component of Frisco’s Fields West development is taking shape, with leasing now underway for the first phase of The Wentwood at Fields West. Units at The Wentwood are expected to be ready for move-in in January. Additional phases are scheduled to open throughout 2027 and into 2028. The community’s amenity package includes three  ... 
 The post  Fields West Rental Community Reveals Op",False,,,,Multifamily,,,False,
822d7b65f94b,2026-10-03 00:09:47,2026-10-02 17:03:08,Connect CRE Texas,"Trader Joe’s, Senior Living Facility Advancing in Frisco",https://www.connectcre.com/stories/trader-joes-senior-living-facility-advancing-in-frisco/,"The Frisco planning board okayed a Trader Joe ’s-anchored mixed-use project, and next week the town council will vote on the plan. Community Impact reports the proposed development would include a 12,500-square-foot Trader Joe’s and a 158-unit senior living facility, along with other mixed-use elements. It would be located at the southwest corner of Majestic  ... 
 The post  Trader Joe’s, Senior L",False,,,,Multifamily,,,False,
9b76be86a06e,2026-10-03 00:09:47,2026-10-02 16:44:03,Connect CRE Texas,"JPI Secures Land, Construction Loan for Dallas Mixed-Income Rental Community",https://www.connectcre.com/stories/jpi-locks-up-land-and-construction-loan-for-dallas-mixed-income-rental-community/,"JPI closed both land and construction financing for a new income-restricted housing complex in southern Dallas. Construction begins this month, with completion anticipated in mid-2028. The Torrington Forest project, planned on nearly 17 acres at 7100 S. Great Trinity Forest Way, calls for the construction of 248 homes, including 222 homes restricted to households earning up  ... 
 The post  JPI Se",False,,,,Multifamily,,,False,
cab6d898fc0e,2026-10-03 00:09:47,2026-10-02 15:20:56,Connect CRE Texas,MCB Picks Up 421K-SF Laredo Logistics Facility,https://www.connectcre.com/stories/mcb-picks-up-421k-sf-laredo-logistics-facility/,"MCB Real Estate acquired Pinnacle One, a newly constructed 421,182-square-foot Class A industrial cross-dock facility located at 1401 Nicolas D. Hachar Road in Laredo, Texas. MCB Real Estate partnered with Vinecrest Capital as the Co-GP for the transaction. The project was built by Pure Development in 2024. The property is fully leased to Source Logistics. Source Logistics  ... 
 The post  MCB Pic",False,,,,Multifamily,,,False,
9eafb6f2f7ab,2026-10-03 00:09:50,2026-10-02 14:11:00,Connect CRE South FL,Publix Pays $83.5M for Miami Shopping Center,https://www.connectcre.com/stories/publix-pays-83-5m-for-miami-shopping-center/,"As it’s likely to do, Publix Super Markets bought out its landlord at Airpark Plaza in Miami. The company paid $83.25 million for the 204,000-square-foot shopping center. The S. Florida Business Journal reports First Washington Realty was the seller. Airpark Plaza last traded for $36.82 million in 2008. Publix often buys out its landlords, allowing  ... 
 The post  Publix Pays $83.5M for Miami Sho",False,,,,Multifamily,,,False,
53860a8f571a,2026-10-03 00:09:50,2026-10-02 16:11:15,Connect CRE Phoenix,100K-SF MOB Portfolio Changes Hands in Phoenix,https://www.connectcre.com/stories/100k-sf-mob-portfolio-trades-in-phoenix/,"A three-building, 98,500-square-foot medical office portfolio in the Phoenix Metro area sold for $12.8 million. The properties were sold by Evernorth Care Group (formerly operated as Cigna Medical Group). MCR Companies, completing a 1031 exchange, acquired the properties in Glendale and Chandler. A Phoenix Property was purchased by Empower College Prep. The portfolio consists of the following  ...",False,,,,Multifamily,,,False,
8ddeeb00823e,2026-10-03 00:09:52,2026-10-02 20:44:51,Connect CRE California,Redevelopment of Former Santee Drive-In Site Gets Boost with Land Sale,https://www.connectcre.com/stories/redevelopment-of-former-santee-drive-in-site-gets-boost-with-land-sale/,"Colliers arranged the $22.75 million sale of a 13.49-acre industrial land site located at 10990 N. Woodside Ave. in Santee, acquired by North Palisade Partners. Construction immediately commenced on the Palisade Santee Commerce Center, a 290,618-square-foot multi‑tenant industrial hub on the site of the former Santee Drive-In and slated for completion in the third quarter  ... 
 The post  Redevelo",False,,,,Multifamily,,,False,
fc9e86c6d6e4,2026-10-03 00:09:52,2026-10-02 20:24:12,Connect CRE California,"BXP Tapped to Consult on Development, Leasing at New San Francisco Office Tower",https://www.connectcre.com/stories/bxp-tapped-to-consult-on-development-leasing-at-new-san-francisco-office-tower/,"The San Francisco Recovery Fund said Friday that BXP and JLL have joined the multidisciplinary team leading Fifty at First, the 915-foot, 1.5-million-square-foot office tower planned for First and Mission streets in downtown San Francisco. Upon completion, Fifty at First will be the second tallest building in the city. BXP is serving as a consultant  ... 
 The post  BXP Tapped to Consult on Develo",False,,,,Multifamily,,,False,
ac4708bb4567,2026-10-03 00:09:54,2026-10-02 13:15:00,LA Urbanize,Fresh renderings for offices at 9160 Sunset Blvd. in West Hollywood,https://la.urbanize.city/post/fresh-renderings-offices-9160-sunset-blvd-west-hollywood,"Fresh renderings for offices at 9160 Sunset Blvd. in West Hollywood 
 Steven Sharp 
 Fri, 10/02/2026 - 06:15 
 
 A staff  presentation to the West Hollywood Planning Commission offers a look at  new angles of a proposed office complex on the Sunset Strip. The project from West Hollywood-based developer  Faring , slated to replace a shuttered car dealership at  9160-9176 Sunset Boulevard, calls for",False,,,,Residential,,,False,
922c21195ac0,2026-10-03 00:09:54,2026-10-02 13:10:00,LA Urbanize,SoLa Impact score $93M financing package for housing at 252 W. Imperial Highway,https://la.urbanize.city/post/sola-impact-score-93m-financing-package-housing-252-w-imperial-highway,"SoLa Impact score $93M financing package for housing at 252 W. Imperial Highway 
 Steven Sharp 
 Fri, 10/02/2026 - 06:10 
 
 SoLa Impact  has secured a nearly $93-million financing package for a new affordable housing development in South L.A.'s  Broadway-Manchester  neighborhood. The financing, announced by  KeyBank Community Development Lending and Investment (CDLI) , will go toward the construc",False,,,,Residential,,,False,
40bc4f199689,2026-10-03 00:09:55,2026-10-02 13:05:00,LA Urbanize,Senior housing takes shape at 1150 Colorado Blvd. in Arcadia,https://la.urbanize.city/post/senior-housing-takes-shape-1150-colorado-blvd-arcadia,"Senior housing takes shape at 1150 Colorado Blvd. in Arcadia 
 Steven Sharp 
 Fri, 10/02/2026 - 06:05 
 
 Eight months after breaking ground, framing is taking shape for a $33-million senior housing complex in  Arcadia . 
 
 
 Construction of The Ivy at Arcadia OxBlue / R.D. Olson Construction 
 
 The Ivy Arcadia , which is being developed by O&I and Oakmont Management Group, consists of a three-s",False,,,,Residential,,,False,
5e0fc4bbf08b,2026-10-03 00:09:57,2026-10-02 12:30:17,SF YIMBY,New Affordable Housing Project Begins Construction at 1397 California Circle in Milpitas,https://sfyimby.com/2026/10/new-affordable-housing-project-begins-construction-at-1397-california-circle-in-milpitas.html,"A new affordable housing project broke ground last month at 1397 California Circle in Milpitas. This event marks initial physical progress on a major project led by Waterford Property Co., Pacific Housing, and C&C Development. Once completed, the project is expected to add 75 new units of affordable housing to the Silicon Valley city.",False,,,,Policy,,,False,
9160878f4c60,2026-10-03 00:09:57,2026-10-02 20:43:46,Senior Housing News,Senior Living Dealbook: LTC Completes $160M Acquisition; NHI Invests $107.7M in SHOP Expansion,https://seniorhousingnews.com/2026/10/02/senior-living-dealbook-ltc-completes-160m-acquisition-nhi-invests-107-7m-in-shop-expansion/,Transactions LTC completes $160M acquisition LTC Properties (NYSE: LTC) is accelerating its senior housing investment strategy with a $160 million acquisition and divesting two non-senior housing operating portfolio portfolios. The three communities included with the acquisition include one community in Florida that will be operated by Charter Senior Living and two communities in Virginia and […] ,False,,,,Senior Housing,,,False,
fb9f179b3939,2026-10-03 00:09:57,2026-10-02 18:16:22,Senior Housing News,"New Schedules, Pay Bumps for Training: Inside Retention-Focused Senior Living Staffing Models",https://seniorhousingnews.com/2026/10/02/new-schedules-pay-bumps-for-training-inside-retention-focused-senior-living-staffing-models/,"Employee pay is one way to incentivize retention. How often operators pay them and how they set bonuses and wage increases are others. Some senior living operators are in 2026 experimenting with differing pay structures in an effort to improve staffing retention and hiring. Operators including Waukesha, Wisconsin-based Capri Communities are using a four-for-five day […] 
 The post  New Schedules, ",False,,,,Senior Housing,,,False,
80829f249fe4,2026-10-03 00:09:58,2026-10-02 21:54:50,Seniors Housing Business,Cardinal Senior Living Purchases Three Communities in Northeast Ohio,https://seniorshousingbusiness.com/cardinal-senior-living-purchases-three-communities-in-northeast-ohio/,"GREEN and MENTOR, Ohio — Cardinal Senior Living has completed the purchase of three communities in northeast Ohio. The acquisitions include two properties in Green and one in Mentor.  GreenView Senior… 
 The post  Cardinal Senior Living Purchases Three Communities in Northeast Ohio  appeared first on  Seniors Housing Business .",False,,,,Senior Housing,,,False,
09f6c3dd883c,2026-10-03 00:09:58,2026-10-02 21:34:43,Seniors Housing Business,"Foundry, AEW Acquire Two Communities in Florida, New Jersey",https://seniorshousingbusiness.com/foundry-aew-acquire-two-communities-in-florida-new-jersey/,"HARRINGTON PARK, N.J. and TAMPA, Fla. — Foundry Commercial, with institutional capital partner AEW, has acquired two senior living communities. The properties include Allegro Harrington Park roughly 20 miles north of… 
 The post  Foundry, AEW Acquire Two Communities in Florida, New Jersey   appeared first on  Seniors Housing Business .",False,,,,Senior Housing,,,False,
f0e89af8f57b,2026-10-03 00:09:58,2026-10-02 20:41:22,Seniors Housing Business,"Continuum Advisors Adds David Rieth, Promotes Courtney Clyde",https://seniorshousingbusiness.com/continuum-advisors-adds-david-rieth-promotes-courtney-clyde/,"TAMPA, Fla. — Seniors housing investment sales and advisory firm Continuum Advisors has expanded its national investment sales team.  David Rieth has been hired as director at the Florida-based company. Additionally,… 
 The post  Continuum Advisors Adds David Rieth, Promotes Courtney Clyde  appeared first on  Seniors Housing Business .",False,,,,Senior Housing,,,False,
3b14a2582fda,2026-10-03 23:28:06,2026-10-03 16:07:30,Student Housing — University of Arizona (AZ),Crime log shows eight reports of sexual offenses on UA campus since semester began - AZPM News,https://news.google.com/rss/articles/CBMiygFBVV95cUxONEwxQlRab0haaUhwaXIwNDU4U0ZoaF9DMERzdUNqOGN4MHNZeTBCUFI3VXpOdTBSUk52cC15SWwwcnZxVHA5R1dETDBVTDI1b2l3dnVPcm5QY2I4b0p4Z19XT3JWeEtjV21tYm9pN2xXdFhNUVJjWjNhN3hIT2RDZHc0ek11dmNrVkhRRHlKS2tPVUJFLUE5TXByRG5XMjgwSlJCVW9WTDBxMGtXYWZIWnB0V3RQZzU4RUJYS1lJUVpvS1pFWUg1ODBB?oc=5,Crime log shows eight reports of sexual offenses on UA campus since semester began    AZPM News,False,,,,Student Housing,,,False,
9c365d2d375e,2026-10-03 23:28:40,2026-10-03 04:45:00,Student Housing — Clemson University (SC),"Clemson council to talk affordable housing, parking services - upstatetoday.com",https://news.google.com/rss/articles/CBMi1gFBVV95cUxORnY3SDBZYWEza0xEZXBWT1dIX1RqV3dxb3FRc014MjAxZ2tkRktRUDBoaG9ORUE3d1RTb0cyUDRXV3VFRmRtY1RsNFlPajZxcUloZXNOeVVqZEZoemM3RnpYUGxlc1NQNTRQeDlYY3Y0ZkVweTI2S2FRcjlGQkZtcEMtbWxyM0ktMUg5b05EZTlGT0lVQzJoVGgtRmwwZThQbjFRMDUtZ3JVcHI2RjhrZ1pRbWt6UjdFbmx6c3phMUs2ZFlaRG9CcUJxeUNvSFdpV016RTZB?oc=5,"Clemson council to talk affordable housing, parking services    upstatetoday.com",False,,,,Student Housing,,,False,
6e2e39b7f0db,2026-10-03 23:29:09,2026-10-02 22:21:39,Student Housing — Illinois State University (IL),Tickets on sale for University Housing Services Cultural Dinner featuring actress Eva Noblezada - Illinois State University News,https://news.google.com/rss/articles/CBMi0AFBVV95cUxPNnBzQ1hWeDJLWUQ2cjhFU0NhcERFS21mdVNOaXdDaUt2RjgycG9lekJOQVdfWlJ3TnczMlBCT21lbFEzeW1ERWxzWTZISG5ScDhlMmd4NzFfMXlycmtWTnVuTEVzUUtVcTNFXzB2UnVyLUFFby0tREJpYVJMRE9IZXJ2X0xCNHVtR1NYb3dWSjh2ZWhER08wdWVRbjY5LXZMaFc4aHZNSXIxbVp2QklzOG0ySE45OUdzcDZJdUE5cmxzMzlBOXVJRGJzb0lGR01N?oc=5,Tickets on sale for University Housing Services Cultural Dinner featuring actress Eva Noblezada    Illinois State University News,False,,,,Student Housing,,,False,
b862f2b6d71d,2026-10-03 23:29:11,2026-10-03 09:30:00,Student Housing — Towson University (MD),‘Really scary’: Latest Towson shooting puts community on edge - The Baltimore Banner,https://news.google.com/rss/articles/CBMiqwFBVV95cUxOalJUZmlxSHY3OGtmZXdJeFBOZTE0T210LWYxQjVnbjR1cDVVZF9lZTFfWDlKOWFRX0RyZ0ZtaHZOWlc3S3FLcDZXYkY1T05ualhsNnV1SDliRzl5N1Z0M085MTF5QUdueFNzU0hVS2UxSDBWUmphY2RJSGJMWklpREVYanBISXRJbkctblpoV1BHV29EckZac3pWeG93cWhZUnVuVjdqT004cWM?oc=5,‘Really scary’: Latest Towson shooting puts community on edge    The Baltimore Banner,False,,,,Student Housing,,,False,
443e1883a631,2026-10-03 23:29:16,2026-10-01 00:25:21,Student Housing — University of Minnesota (MN),Photo Story: Faces of student power at the University of Minnesota - The Minnesota Daily,https://news.google.com/rss/articles/CBMiuwFBVV95cUxQVEZFbUVWUWdrZTFLQVhEU0VBSEtWazdjM0NNTEVpUkNBMEtsSWw0YXdLa3A4NTdHeTdYNzRlT1d4TkdMQV9sejR5TTB5WlJKUnRHR20xZ3hZZzJhNlJpdnp5NmVHSzZ4ZkVreWF4LTFOdERiUWhXRzVIRWljOUFqYVVScmJ6WG1acjJmRlVBYm9vYmhOci0xeE56THpXRHZlaU5CVUZ2SHRNNVBNbmd5YUVvbWNEajJDZmVj?oc=5,Photo Story: Faces of student power at the University of Minnesota    The Minnesota Daily,False,,,,Student Housing,,,False,
7afad67049b2,2026-10-03 23:29:18,2026-10-03 11:02:00,Student Housing — University of Oregon (OR),See photos as students Unpack the Quack and settle in to UO housing - The Register-Guard,https://news.google.com/rss/articles/CBMi0gFBVV95cUxPQmxpTy1vcHRHNTlMQWM5QXFMZ1hrSHQ1UWR0Z0Fvc095V1BjaTN5THo3TU91SHpCRS1uZUI1SnlvdHU4T1lxem5YQzV5c25lbFRFUGZld3VVbmtHVDRuRDVwSnc1SXJkLUpLQjFjeEdXMXVrdDdHMUhleG9vM2Qya2w3alk1Z1pINm9aNno5TmE0YjFuLXk3YTVOVlhRUzFnZk9mSUE3SlhYVzEwSk1YMDRRV25GU2N4a3R4eFQxcGFkZEF0cFpVRldMRWRYRDBSS3c?oc=5,See photos as students Unpack the Quack and settle in to UO housing    The Register-Guard,False,,,,Student Housing,,,False,
8bb029b86b17,2026-10-03 23:30:50,2026-10-02 06:45:12,Player — Brookfield,Norges no-go: talks over Brookfield's €1.6bn International Campus break down - Green Street News,https://news.google.com/rss/articles/CBMisAFBVV95cUxOcmJxOWlrUm1FR2J1YTZHRTJHcmVMdmp0MjBJdGoyZW5BTTc2SjBjbUN5Ynh1dHJ3NlpsRGUtVzZVaVdsN1QxZm9DbzZRUkluR1hyQ0JacV94R2ZnRWxZQUZJNFlYZHNDV3ZjazZKVy1LeWhrX3RFUGE1SDVEVUk4NUpYQUdQdVhKejBNbjJPQ3JqT2pXc0lscTNTMWZkMmVOYnBlSl9OenFxOWR5VmNleA?oc=5,Norges no-go: talks over Brookfield's €1.6bn International Campus break down    Green Street News,False,,,,Student Housing,,,False,
d0a55d0beb17,2026-10-03 23:31:20,2026-10-03 16:17:12,YieldPro,Institutional Property Advisors Brokers Multifamily Sale in Northern Santa Barbara County,https://yieldpro.com/2026/10/knollwood-meadows-apartments/,"Institutional Property Advisors (IPA), a division of Marcus & Millichap (NYSE: MMI) dedicated to serving the company’s institutional clients, announced the sale of Knollwood Meadows, 128-unit multifamily property in Orcutt, California. “Knollwood Meadows is one of just nine multifamily assets with 100 or more units to trade in Santa Barbara County over the past five […] 
 The post  Institutional P",False,,,,Multifamily,,,False,
92546346f2cb,2026-10-03 23:31:20,2026-10-03 15:50:38,YieldPro,EAH Housing with Richmond Housing Authority and the City of Richmond Celebrate Grand Re-Opening of Building in Richmond California,https://yieldpro.com/2026/10/nevin-plaza-i/,"EAH Housing, one of the largest and most respected nonprofit housing development and management organizations in the Western United States, in partnership with the Richmond Housing Authority and the City of Richmond, celebrated the grand re-opening of Nevin Plaza I. The event marked the completion of a comprehensive renovation that preserves 138 affordable homes in […] 
 The post  EAH Housing with",False,,,,Multifamily,,,False,
2739240e9ff0,2026-10-03 23:31:20,2026-10-03 15:40:29,YieldPro,ACORE CAPITAL Provides $81M Financing for Philadelphia Multifamily Portfolio,https://yieldpro.com/2026/10/olde-kensington-portfolio/,"ACORE CAPITAL, one of the leading U.S. commercial real estate investment managers, today announced it has provided $81 million in financing for a multifamily portfolio in Philadelphia’s Olde Kensington neighborhood. ACORE structured the $81 million financing to refinance two existing built-to-rent townhouse assets, and to fund construction of a third traditional mixed-use multifamily. “Philadelphi",False,,,,Multifamily,,,False,
2390c1f9e511,2026-10-03 23:31:20,2026-10-03 15:30:05,YieldPro,WD Capital Nears $1B in Financings and Equity Placements,https://yieldpro.com/2026/10/east-tower-at-oasis/,"WD Capital Group is nearing $1 billion in financings and equity placements since the firm’s founding just 24 months ago, a significant volume for the Miami-based real estate capital markets advisory firm. Its major placements include a $101 million construction financing for Visions Orlando Resort & Spa, an $85.5 million construction loan for MIRAI Design […] 
 The post  WD Capital Nears $1B in Fi",False,,,,Multifamily,,,False,
26484c2e59db,2026-10-03 23:31:20,2026-10-03 15:20:06,YieldPro,Ken Griffin is Investing Roughly $1 billion in Miami’s Wynwood and Delivering an Elite New Carnegie Mellon Campus,https://yieldpro.com/2026/10/miamis-wynwood-development/,"Ken Griffin is investing roughly $1 billion in Miami’s Wynwood and bringing an elite new Carnegie Mellon campus into the neighborhood. Griffin and Carnegie Mellon University announced plans to open a satellite campus on a 35-acre site in the Miami neighborhood, as part of a $3 billion gift Griffin made to the university. The Pittsburgh, […] 
 The post  Ken Griffin is Investing Roughly $1 billion i",False,,,,Multifamily,,,False,
0bf5c339d1ec,2026-10-03 23:31:20,2026-10-03 14:25:02,YieldPro,BWE Secures $42.5M to Refinance the Baggage Building a Historic Mixed-Use Property in Nashville Tennessee,https://yieldpro.com/2026/10/baggage-building/,"BWE, a national commercial and multifamily mortgage banking firm, announced that it has secured $42,500,000 to refinance the Baggage Building, a Class A mixed-use with office and retail property that has an iconic place in Nashville’s storied history. Nick Harb, Senior Vice President in BWE’s Nashville office, arranged the financing on behalf of the sponsor, […] 
 The post  BWE Secures $42.5M to R",False,,,,Multifamily,,,False,
3cfc514a7d8a,2026-10-03 23:31:37,2026-10-03 13:15:00,LA Urbanize,"Speed cams coming soon, RAND Corporation reports on Santa Monica, and more",https://la.urbanize.city/post/speed-cams-coming-soon-rand-corporation-reports-santa-monica-and-more,"Speed cams coming soon, RAND Corporation reports on Santa Monica, and more 
 Steven Sharp 
 Sat, 10/03/2026 - 06:15 
 
 Mind your speedometers, motorists: you're being watched. This week, the City of Los Angeles announced the start of installation for 125 speed cameras along corridors identified for a history of crashes and injuries. Each of the City's 15 Council Districts will see the installatio",False,,,,Residential,,,False,
88c0c9bca2fc,2026-10-03 23:31:40,2026-10-03 12:30:36,SF YIMBY,"Environmental Review Starts For Murphy Village, Milpitas",https://sfyimby.com/2026/10/environmental-review-starts-for-murphy-village-milpitas.html,"The environmental review process is beginning for the redevelopment of a 38-acre business park into nearly 800 dwelling units in  Milpitas ,  Santa Clara County . The project, dubbed Murphy Village, is a master plan with a mix of detached homes, townhouses, and an apartment complex.  Toll Brothers  is the project sponsor.",False,,,,Policy,,,False,
a9b9a7d6f9ce,2026-10-04 23:46:06,2026-10-04 09:19:31,Student Housing — University of Georgia (GA),University of Georgia student survives accidental fall from 8th-floor window - kxan.com,https://news.google.com/rss/articles/CBMitAFBVV95cUxNaEl6UUxaM1FFeVhwaUtXWm1abHV4aDhBRnIwTGdnSk5TMzJGUG9pYmZ1TFNMS2NjYTJyVmJhQUo5eTJFYUw2MXpxOThoRE9aQnNHZWV6QXVzTDExRDU2bWFRYjZZR1Q1cVMzMFk3cV9ueWdveC12am1FUEpDZldtQmhYeFZDcjJTMU1HRGUyVzBRR2ROZWZVSTBrU0FGNnBESndLV28wNU9ya2ZQS0VqN0VNNHXSAbQBQVVfeXFMTWhJelFMWjNRRXlYcGlLV1ptWmx1eGg4QUZyMExnZ0pOUzMyRlBvaWJmdUxTTEtjY2EyclZiYUFKOXkyRWFMNjF6cTk4aERPWkJzR2VlekF1c0wxMUQ1Nm1hUWI2WUdUNXFTMzBZN3Ffbnlnb3gtdmptRVBKQ2ZXbUJoWHhWQ3IyUzFNR0RlMlcwUUdkTmVmVUkwa1NBRjZwREp3S1dvMDVPcmtmUEtFajdFTTR1?oc=5,University of Georgia student survives accidental fall from 8th-floor window    kxan.com,False,,,,Student Housing,,,False,
eac23facdd35,2026-10-04 23:46:13,2026-10-02 19:12:33,Student Housing — San Diego State University (CA),San Diego State University breaks ground on Fenton Parkway Bridge - timesofsandiego.com,https://news.google.com/rss/articles/CBMitgFBVV95cUxPV0gzY01OVFgyblNUZW0wenRtZ2VMRTZ2X2VIRTZPTlFGR1Rtd254TXJGOVRxYTN4ZWJPeTJ5VEQ4LXRTeUZNdjBXUUF2WW9YdGp1V3NpS3o1QUtyOXZrWHlEMmJtN2d0RmNSMUQwbmZpSm5xZktPQXIxT3B4UlNmQmRKRkFSOTFESlFiZUtPQkE5aFgzWFhxN0swNl9zREhCZHhkRmVUOUtGOVQ5dmN3M3UxbzNQZw?oc=5,San Diego State University breaks ground on Fenton Parkway Bridge    timesofsandiego.com,False,,,,Student Housing,,,False,
477562b625b3,2026-10-04 23:49:15,2026-10-04 10:25:28,Player — Overture (Greystar),Overture Tributary brings resort-style living to Birmingham’s 55-and-older set - 280 Living,https://news.google.com/rss/articles/CBMiowFBVV95cUxPRnJ2RWp6OWV0Q1pDcFhrUy10WjFUc2Y4RjlHUDlzMzVDbEtES3ZBbjNoTXVmVFFYTkVnR3JzZ0xVcFlkZlAtb0s4Y2NXSFRaNXVXaXFvR2J1UHpZbFRRalF1Q1E0N2thcjJKYnlDM2ZhTDA1T2JHQjF3VlBCTU8xaHNHcHlPU3l0OVNsR2dCTXB3QzJnYjVRQXJMWDA1QTJHQXQ40gGjAUFVX3lxTE9GcnZFano5ZXRDWkNwWGtTLXRaMVRzZjhGOUdQOXMzNUNsS0RLdkFuM2hNdWZUUVhORWdHcnNnTFVwWWRmUC1vSzhjY1dIVFo1dVdpcW9HYnVQellsVFFqUXVDUTQ3a2FyMkpieUMzZmFMMDVPYkdCMXdWUEJNTzFoc0dweU9TeXQ5U2xHZ0JNcHdDMmdiNVFBckxYMDVBMkdBdDg?oc=5,Overture Tributary brings resort-style living to Birmingham’s 55-and-older set    280 Living,False,,,,Active Adult,,,False,
24359dccff10,2026-10-04 23:49:26,2026-10-04 12:41:16,Player — Active Adult — housing,Ballantine Greens Active Adult Community Underway in Parsippany - Parsippany Focus,https://news.google.com/rss/articles/CBMilwFBVV95cUxQbGVXaktCRnZZdmRTdGtyTVFWTzNYdGhYcFJuOFFYckNWYjFRcHBNX1dzQjRnbTJ0akNTdW1aWEVTQm5fOEU3ZUVET2h1cWhvQkpQRUxFSDlrb1Q0QW8xbmptNU1tTVFqNDNfX2VlNTZsZlFKUFF1R0JadHQwQUhLMElxeWRkNV9ocXZHX0RGakYzeWhrN01j?oc=5,Ballantine Greens Active Adult Community Underway in Parsippany    Parsippany Focus,False,,,,Active Adult,,,False,
39c886709dc9,2026-10-04 23:49:26,2026-10-02 01:09:00,Player — Active Adult — housing,Is Lennar (LEN) Quietly Recasting Its Capital and Community Strategy With Active Adult Dividends? - finance.yahoo.com,https://news.google.com/rss/articles/CBMinwFBVV95cUxQOFczV1ZSeW1Ga0FkM2lUd01SOGVsOURJZEIzQVpRMWc2MmFYdnM5YjBwVU9zZ3oyWk0tNUZxMnFvQzhaLXI5M043U0xuRjJBbjhqODYyb3IxOEFzSGVtT3RTUUcwazlKY3F6OEJjVVkycUEtUUVYbWRabVhaRzJXcWhrcFV0U0UtUWUwQmJ3NEhQaFNaVndmQ3R4VS1jTjA?oc=5,Is Lennar (LEN) Quietly Recasting Its Capital and Community Strategy With Active Adult Dividends?    finance.yahoo.com,False,,,,Active Adult,,,False,
f392241d5827,2026-10-04 23:49:34,2026-10-04 18:24:58,YieldPro,Multifamily CMBS delinquency rate leads overall rate higher in September,https://yieldpro.com/2026/10/multifamily-cmbs-delinquency-rate-leads-overall-rate-higher-in-september/,"Trepp reported that the delinquency rate for multifamily commercial mortgage-backed securities (CMBS) rose 35 basis points in September, the largest increase of the property types that Trepp tracks. The overall CMBS delinquency rate also rose, climbing 17 basis points. Overall CBMS delinquency rate moves higher in September For delinquencies, Trepp focuses on loans that are […] 
 The post  Multifa",False,,,,Multifamily,,,False,
d898ed2a992f,2026-10-04 23:49:34,2026-10-04 15:30:16,YieldPro,JLL Arranged the Sale of Multifamily Development Site in Brooklyn,https://yieldpro.com/2026/10/441-467-prospect-ave/,"JLL Capital Markets announced that it arranged the $55 million sale of 441–467 Prospect Ave., a residential development site in Brooklyn’s Park Slope neighborhood. JLL represented Arrow Linen Supply Company in the sale and negotiated directly with the buyer, Goose Property Management. The site occupies two lots on the north side of Prospect Avenue between […] 
 The post  JLL Arranged the Sale of M",False,,,,Multifamily,,,False,
bfefe1f5fdbe,2026-10-04 23:49:34,2026-10-04 15:15:19,YieldPro,Draper and Kramer Arranges Financing for the Acquisition of The Ash Edgewater Apartments,https://yieldpro.com/2026/10/the-ash-edgewater/,"Draper and Kramer, Incorporated, a national full-service real estate firm, announces that a team led by Dan Freedman and Chris Beck, both senior vice presidents with the firm’s Commercial Finance Group (CFG), recently brokered Chicago-area loans totaling $27.5 million. The transactions include a $13.5 million loan financing the acquisition of a three-building industrial complex in […] 
 The post  ",False,,,,Multifamily,,,False,
3770997aba6d,2026-10-04 23:49:34,2026-10-04 15:15:07,YieldPro,Pennrose Celebrates Grand Opening of Forge a New Mixed-Income Rental Community in Lenox Massachusetts,https://yieldpro.com/2026/10/forge-2/,"Pennrose celebrated the grand opening of Forge, a new mixed-income rental community for individuals and families in Lenox, Massachusetts. Nestled within a beautiful, wooded setting, the community features 65 thoughtfully designed apartment homes across 13 townhome-style buildings, along with a modern clubhouse and inviting shared amenity spaces. Speakers at the grand opening ceremony included: Kar",False,,,,Multifamily,,,False,
817e671f3c7e,2026-10-04 23:49:34,2026-10-04 15:10:28,YieldPro,Marcus & Millichap Arranges Sale of Vintage Multifamily Apartment Building,https://yieldpro.com/2026/10/beverly-glen-boulevard/,"Marcus & Millichap (NYSE: MMI), a leading commercial real estate brokerage firm specializing in investment sales, financing, research, and advisory services, announced the sale of 1441 S. Beverly Glen Blvd., a 71-unit multifamily property in Los Angeles. The property sold for $14.2 million, or $200,000 per unit. “This transaction provided a rare opportunity to acquire […] 
 The post  Marcus & Mill",False,,,,Multifamily,,,False,
330e1ccfa1d5,2026-10-04 23:49:34,2026-10-04 15:00:18,YieldPro,BI Group USA’s Parkside Residences Brickell Marks Major Construction Milestone as Project Reaches Second Floor,https://yieldpro.com/2026/10/parkside-residences-in-brickell/,"BI Group USA, the North American arm of Central Asia’s largest developer, has reached a key construction milestone at Parkside Residences in Brickell, with the second-floor slab now poured as construction progresses on the eight-story residential development. A total of 664 cubic yards of concrete was placed for the second-floor slab, covering approximately 26,200 square […] 
 The post  BI Group U",False,,,,Multifamily,,,False,
d7995a2bf83c,2026-10-04 23:49:35,2026-10-04 20:45:19,Bisnow,Walt Disney Pays $115M For Former Yamaha Campus: The Los Angeles Deal Sheet,https://www.bisnow.com/news/los-angeles/deal-sheet/oc-senior-living-complexes-get-276m-refinance-the-los-angeles-deal-sheet,"The roughly 25-acre, infill industrial-zoned property features three buildings: one industrial, one flex and one office, totaling approximately 279K SF.",False,,,,CRE,,,False,
84fceba80b6a,2026-10-04 23:49:35,2026-10-04 20:32:08,Bisnow,"Life Insurers Writing Riskier Loans To CRE, Setting Off Alarm Bells",https://www.bisnow.com/news/national/finance/insurance-industry-lending-to-cre-takes-on-more-risks-as-market-reprices,Insurance companies grew their leverage on CRE loans faster than any other type of investor in the first half of the year.,False,,,,CRE,,,False,
0d3381ab005e,2026-10-04 23:49:35,2026-10-04 19:24:02,Bisnow,Lawmakers Are Canceling Data Center Tax Breaks. Developers Are Learning To Adapt,https://www.bisnow.com/news/national/data-center-development/lawmakers-are-canceling-data-center-tax-breaks-developers-are-learning-to-adapt-,State and local governments are rolling back data center tax breaks as public opposition grows.,False,,,,CRE,,,False,
8bbc2b83c5e9,2026-10-04 23:49:36,2026-10-04 13:00:41,Commercial Observer,Sunday Summary: The Best Office Market in Years,https://commercialobserver.com/2026/10/sunday-summary-the-best-office-market-in-years/,"Friday we were hit with employment numbers that were disappointing. The economy added only 29,000 jobs in September, and the U.S. unemployment rate ticked up to 4.2 percent. Moreover, borrowers need to be at least a little nervous about the fact that the 10-Year Treasury has reached its highest rate in 19 years. (What were […]",False,,,,CRE,,,False,
baf89bad27eb,2026-10-04 23:49:43,2026-10-04 13:15:00,LA Urbanize,10 small lot homes proposed at 13750 Fenton Ave. in Sylmar,https://la.urbanize.city/post/10-small-lot-homes-proposed-13750-fenton-ave-sylmar,"10 small lot homes proposed at 13750 Fenton Ave. in Sylmar 
 Steven Sharp 
 Sun, 10/04/2026 - 06:15 
 
 A single-family lot in  Sylmar  is set for redevelopment with small lot homes,  according to a new application to the Los Angeles Department of City Planning. The 1.2-acre site, located at 13750 Fenton Avenue, is to be subdivided into 10 lots, each of which would be improved with a single-family",False,,,,Residential,,,False,
8141dd47d1de,2026-10-04 23:49:47,2026-10-04 12:30:50,SF YIMBY,"New Building Permits For 1000 Stanyan Street, San Francisco",https://sfyimby.com/2026/10/new-building-permits-for-1000-stanyan-street-san-francisco.html,"New building permits have been filed for the four-story duplex at  1000 Stanyan Street  in Cole Valley,  San Francisco . The project seeks to add two residential units to a vacant lot near the Muni light rail station along Carl Street, two blocks from Kezar Pavilion in Golden Gate Park.  RKD Consulting  is responsible for the application.",False,,,,Policy,,,False,
e432ea2f1be9,2026-10-06 01:37:42,2026-10-05 16:44:25,Student Housing — Oregon State University (OR),Fields Holdings Secures $95M Construction Loan From Affinius Capital - Commercial Observer,https://news.google.com/rss/articles/CBMiqwFBVV95cUxNUl9FQXE5clRpMl94MUs0Yl8yUzBaU1FGZkM4OGpNZ184QUhXT0luVV9TYkZmUzVHeUQyUlBKRzFXbFlwQ0hrNGZQQ2NYUmw5ODZYUW9iTFgyczVVUHVrRHdWZ3pjaFlVaHBnRXhrNU5EM2RHRThjc01tTkZ5bGpkU0VBWkJEOGVwa0lhTTBqdXEyNFlxNHQ0OUtaSUFDRmxqaGVOc0xOOHdQTEU?oc=5,Fields Holdings Secures $95M Construction Loan From Affinius Capital    Commercial Observer,False,,,,Student Housing,,,False,
088e45d9f701,2026-10-06 01:37:48,2026-10-05 09:13:00,Student Housing — Purdue University (IN),"See where IUI, Purdue are buying land in Indianapolis - IndyStar",https://news.google.com/rss/articles/CBMixwFBVV95cUxQOXRZVTNRNW1pcDktMm5YTmFuUHhDLWRiM1RDY2kwUElrcFlKRWY1Ni1pMzJxclI2c1hHZ0M0amtmejhJX2V4LVE0VVdBWUo3aXZFM1QzT0RxTlN3RjFJc2JvWTF6OWxkTWRBNER6NDdlM2tJZ3RLRm56Tkh4MnFkM1RLalpWdkd2YTdCd2tYS2ozSWRTQXhrSmxGT21uZ05EbXpqV1Jwd05WbXNKMldvSjhhTng3cU9BZTBFMkM4U3BTWHI1WUxJ?oc=5,"See where IUI, Purdue are buying land in Indianapolis    IndyStar",False,,,,Student Housing,,,False,
f744aa1d586d,2026-10-06 01:38:02,2026-10-05 13:48:39,Student Housing — University of Texas at Austin (TX),What's behind JBSA-Fort Sam Houston's massive student housing relocation? KSAT goes inside the dorms - ksat.com,https://news.google.com/rss/articles/CBMi2AFBVV95cUxNM091cU5QS2hNR3NUc2pFdy0zUktnc1dEX01hRjJSMnEwakxKR1NBWjR4X3NWYjhNeEppTzRVdjhqZlRTWHdtYy1QV042WVkwNU9URE44M3BDcVJGYWVvNVhBLTFJR1d6QkRMbTdVd25RSElmWUxOVFdYSWhmMk9NcUVBYnhUVjN4ZndnVzlnZWxMTWdJZjZrRTVKTnFHWU81TEhkQlVaelNLOERQOUJZeFJad0diTHJjaFE5Z1VmM0lLYWVOR05leXltU3NYbURYV0dIaVdRbTc?oc=5,What's behind JBSA-Fort Sam Houston's massive student housing relocation? KSAT goes inside the dorms    ksat.com,False,,,,Student Housing,,,False,
8cadd2e5399d,2026-10-06 01:38:08,2026-10-05 11:24:49,Student Housing — University of Kentucky (KY),"UK sees small increase in students due to limited infrastructure, officials say - Lexington Herald Leader",https://news.google.com/rss/articles/CBMidkFVX3lxTFB4YTBmb2cxUGRSbFI0WGh0UklWMFMzVll4TGtHbzdJVUtTRlR2OXVaQTdZVlU2VFJFWWV3Xy1tLThIcVFfV3M3c2ctTkIxWDl0dVJibTJxcTAxbVRjNzI1bFd1ZWlDeU90TndkVDVDOXRUOWo0ZWfSAXZBVV95cUxQeGEwZm9nMVBkUmxSNFhodFJJVjBTM1ZZeExrR283SVVLU0ZUdjl1WkE3WVZVNlRSRVlld18tbS04SHFRX1dzN3NnLU5CMVg5dHVSYm0ycXEwMW1UYzcyNWxXdWVpQ3lPdE53ZFQ1Qzl0VDlqNGVn?oc=5,"UK sees small increase in students due to limited infrastructure, officials say    Lexington Herald Leader",False,,,,Student Housing,,,False,
ded39474702e,2026-10-06 01:38:18,2026-10-05 15:54:34,Student Housing — University of Utah (UT),There's a glut of studios and one-bedrooms in SLC. So why are student housing complexes popping up? - buildingsaltlake.com,https://news.google.com/rss/articles/CBMixAFBVV95cUxQMF92a1J3OWtBclJmc192NU9sMHlMSWEtaWtheDRVa1FxYjJpblVOdHl2WUtlTVNaODNPcjc3NWt3am4ySG9pUC1LUkc1cE5VbHdmbnJib0x0XzRpWGxBUnh6NlRQX2Y4MWlZbVM1WFhlR1FmVGZtdGxXVVZ4cXYxeXM3dTlpbktxdEJ3ZjAzOE9abjJmcE4tNlV0RmZJT3RuV2h1RkdFMGdHZGtpYWU1SC1QWVBwT0E4alg3ZXdlNjZta0Zi?oc=5,There's a glut of studios and one-bedrooms in SLC. So why are student housing complexes popping up?    buildingsaltlake.com,False,,,,Student Housing,,,False,
d1da96b4cb8b,2026-10-06 01:38:37,2026-10-05 19:17:22,Student Housing — Utah State University (UT),New Student Housing Project Represents Investment in USU Eastern’s Future - ETV News,https://news.google.com/rss/articles/CBMiugFBVV95cUxNaXVyT1M2OXdfSkV5bk9wa0t6bk9leVM2dklPLWNUT0Etc1QwMkVKbjV3NnBjaGNCdkRJaDRKUXJuam1iLWpnTklYRXc5VXVSTlRHenFMbVFfakZhdi1uRy1uRUhHY01Eby1Wcms2eTBEODRtOEVjVmIzMzAtWUJWOXJ2MDEtUlo0REtDNXRqVFdRSXNWVGRnMHB0VEdiRFp2Q3BGNEFpN1dQZW1Tc2NRMXFTUzVIbEdWLXc?oc=5,New Student Housing Project Represents Investment in USU Eastern’s Future    ETV News,False,,,,Student Housing,,,False,
5446daedfc5f,2026-10-06 01:39:04,2026-10-06 00:35:31,Student Housing — University of Notre Dame (IN),University announces plan for new residence halls on north side of campus - Notre Dame News,https://news.google.com/rss/articles/CBMioAFBVV95cUxNZTdRNUlFc3BxUThlNHBmZk9hZVlZVDhzbHFYUkhfZlJ2dWY2M05teExKTjFpeERLRGtuYnl1aUFKVi1DMFphMF90V3BGb1BtWEdEQWpfLU10ZkJwdkhHNVZRU3hZLTVFdjkzR2lXemYyclQxYjBwb2xnUXhvcXY4VUM5SVdGNTgtbTlaX0FmQXFzWFUzVmlMUjdTMDBNSjJU?oc=5,University announces plan for new residence halls on north side of campus    Notre Dame News,False,,,,Student Housing,,,False,
0382fcf4ae0f,2026-10-06 01:39:13,2026-10-04 23:36:44,Student Housing — University of Southern California (CA),Moxie Management Expands USC Off Campus Housing with Enhanced Student-Focused Properties - Treasure Coast News,https://news.google.com/rss/articles/CBMi0wFBVV95cUxQdlplV0JFNTdyMnhieEpRWFBfbWViT0pFQm1wbkxVSGxfMHBUMENwOFA2VkNzLTYzYkV0cHBpRE1CcjJLYlBVQnQ1TlNCcGtwR3A1X0I3QUJNelNDOG5IM2w2Rnp1RTVwbk9ORkNBWTd1TXB0Mmlhemh0ejhPcVZQQWZkMEM1Y0JQblN4dlpXWFA3WWpVZm8teGRrUjR6STF4aDdZVEtvd19GaUlIYjl6TmozMFVtTzdXRWllRFo2NHFXa2xheDBkM0lxLVFpaXR2dk9V?oc=5,Moxie Management Expands USC Off Campus Housing with Enhanced Student-Focused Properties    Treasure Coast News,False,,,,Student Housing,,,False,
5f9e6cee8ac5,2026-10-06 01:40:01,2026-10-02 05:00:00,Student Housing — George Washington University (DC),The George Washington University - Britannica,https://news.google.com/rss/articles/CBMic0FVX3lxTE9NclhZLVlpZGxMd0FSNkN1R2ZzbXpFNzBTYk5JV3JxN2lXVW9mYWhlbnBsZVltNlJYT0NfSnVtb1F0WEdyOU9sSW9IOUhvejdMQmZuczVhTFpPcVZhdktGeEdBWHpTY2ZzZk9Yd3VjcjZnY2c?oc=5,The George Washington University    Britannica,False,,,,Student Housing,,,False,
3a9425664683,2026-10-06 01:40:26,2026-10-05 10:01:00,Student Housing — University of Akron (OH),Student-focused apartment site near University of Akron hits market - Akron Beacon Journal,https://news.google.com/rss/articles/CBMi2wFBVV95cUxNMHV1bEgxRmhJTm1heEtTWFF3SF9rbXVHaGNIS0R1YlFKQ044em9tdUtqdUtTaVZ5eXhYZEJyU2NjLTRlWE1KdDd1UTlKcjg5MXJBVHVXdzdiOFd6VFUwamZDdWdlTmhLaXBhMFZVbDEyRElvREhBbHNvQTB6VHJvNzJ4bWJtLTlBZHhfa1FJamJzWW1yb1lRQ01RY1JOMmduMS0xNUV1NHNiY2NhcmhIRzhwYXBRMGhja2xvZ1VHTksyRnZkbUhwTWN1cWxadmlpQ18tU0d2UW5ydlE?oc=5,Student-focused apartment site near University of Akron hits market    Akron Beacon Journal,False,,,,Student Housing,,,False,
11586a5d1c57,2026-10-06 01:40:47,2026-10-05 12:25:13,Player — Up Campus,Gilbane's Maxwell merges its lots as a roughly 750-bed Up Campus building seeks the other end of the block; Andover Commons returns Thursday - The Lexington Times,https://news.google.com/rss/articles/CBMif0FVX3lxTFBYN2tDd2FkR3UxcnZtYnpVVll3S2lnc3dOcWh5Qm5NTjVva05rYV9McTZ4T1dZMWMtbzZDSHpYdHVMellMd1pMWHA3S1NTT0FYMVItNlVFTGI3d2tWc1Q1TTVLei1zQ2stVy11ZHJiVHZheHdTYlEySC1sUndwYVU?oc=5,Gilbane's Maxwell merges its lots as a roughly 750-bed Up Campus building seeks the other end of the block; Andover Commons returns Thursday    The Lexington Times,False,,,,Student Housing,,,False,
969a79d7a355,2026-10-06 01:40:50,2026-10-05 20:25:07,Player — Harrison Street,"Harrison Street says selectivity will drive real estate outcomes - Institutional Real Estate, Inc.",https://news.google.com/rss/articles/CBMikAFBVV95cUxNX05fREJXclZCRWpHOWxTSHdOeFBpa0JQMVJGZmJrbmh0V2xtZF9yZjhDVXpXU2FSS2ZZLTlxaTBVUGRwWWpJd2dPZ3VlcDZSMjJLVWxFRXpOTXA5RW1iTVJ0R2VmbDZVMDQyUWxxVGcwNjh6OVRTcm9BaDBNZVNuV0NqSzNxR0h4bms4Q3NWUFU?oc=5,"Harrison Street says selectivity will drive real estate outcomes    Institutional Real Estate, Inc.",False,,,,Student Housing,,,False,
de55f799563c,2026-10-06 01:40:50,2026-10-05 19:25:06,Player — Harrison Street,The private-public development deals reshaping Canada’s student housing - Financial Post,https://news.google.com/rss/articles/CBMimAFBVV95cUxOUFZSSGJfa0ttVi1Bb0xVSHZ2MURyNzR5VkpseWhRb0h3aUFwX09mdFlSNkZMN0JXSEsxVVBCOE0xQUEyb1VOUUpFTW51VDU5MC1XTU1helFnTndKYnFNZW9FNmVQaWh2c0E2VHI2dDRJdzJJcUdnM25NbVNJZklmZTJDeE1xZkc2ZUhWQl9WLUdEZ1FkWHo5bg?oc=5,The private-public development deals reshaping Canada’s student housing    Financial Post,False,,,,Student Housing,,,False,
5c1d0ba4ecd7,2026-10-06 01:41:13,2026-10-05 04:37:00,Player — Carlyle (Active Adult),1 Mid-Cap Stock with Promising Prospects and 2 That Underwhelm - FinancialContent,https://news.google.com/rss/articles/CBMiwgFBVV95cUxOOUs2cTNNbzNHMzEyWkhIMzZKZjA0QnBDeHo2OUc2V0h3Qzc1enRFMUFZVkxsZ0pKQV9YWnF6Qzk1RjVDTVlWdFRwSEFYNnBqZkp3VFBpWmQydjIxdE0yUzdRNC1POGhWYlNVX1loN0lsWmVTWVBMbW43WkpINVRXUm9BSVRwQk9na0J6U3F2ZUR3RE5QZmxBcmU2T3pfbm9SYnhxVFAxcXZpYXlOZTZmV1AtTXBZeEpESmhvOEVYUXZaQQ?oc=5,1 Mid-Cap Stock with Promising Prospects and 2 That Underwhelm    FinancialContent,False,,,,Active Adult,,,False,
8acd13fec4ab,2026-10-06 01:41:16,2026-10-05 18:33:45,Player — Active Adult — housing,Capital Square Launches 72-Home Active Adult DST Near San Antonio - citybiz,https://news.google.com/rss/articles/CBMipwFBVV95cUxOWXRWRV9yOXN2a1N2bnoyU3o4djVMUUxQV19xamZSQ29Xb0ZwaWk0N1VfMjJNUEtUY3VvdHZQdGVRZFhNLVB0TXdGXzBjWjdsMlFqX2FVQm0zdlRob2dvRThLb0swbEo0VlRwcHQzRzljV184ZnJiM2ducjJpUmZ2QnBwb3dFVUl6TlBVZV9oeENCN1RPTVZRQ2F3VkNySG84Rlp2N2Vhdw?oc=5,Capital Square Launches 72-Home Active Adult DST Near San Antonio    citybiz,False,,,,Active Adult,,,False,
a4c82bb7d3c2,2026-10-06 01:41:20,2026-10-05 20:27:00,Multifamily Dive,Affordable housing ‘fast track’ plan targets low-production NYC neighborhoods,https://www.multifamilydive.com/news/affordable-housing-fast-track-plan-targets-low-production-nyc-neighborhoo/832134/,"Twelve districts contributed just 1.1% of the city’s new affordable housing in the past five years, the city says.",False,,,,Multifamily,,,False,
5bf337199d12,2026-10-06 01:41:20,2026-10-05 17:16:30,Multifamily Dive,5 multifamily deals you may have missed last week,https://www.multifamilydive.com/news/multifamily-transactions-american-landmark-jonathan-rose-pxv-multifamily/832156/,Matt Ferrari’s PXV Multifamily made its second apartment buy. American Landmark and affordable stalwart Johnathan Rose Cos. also announced acquisitions.,False,,,,Multifamily,,,False,
83c368ab8ed5,2026-10-06 01:41:24,2026-10-05 19:48:58,YieldPro,Eastham Capital and Bender Companies Joint Venture Acquires 198-Unit Residential Multifamily Community in Twin Cities Suburb,https://yieldpro.com/2026/10/woodland-north-apartments/,"Eastham Capital, a private equity real estate firm dedicated to providing superior, risk-adjusted returns to investors through the transformation of undervalued multifamily real estate, has announced the acquisition of Woodland North Apartments, a 198-unit community in the major Twin Cities suburb of Coon Rapids in Minnesota. South Florida-based Eastham Capital acquired the community through its [",False,,,,Multifamily,,,False,
5a78e5530a55,2026-10-06 01:41:24,2026-10-05 19:11:13,YieldPro,JLL Arranges $100M Financing for 2-Property Multifamily Portfolio in Northern Florida,https://yieldpro.com/2026/10/the-pointe-at-davis-creek/,"JLL Capital Markets announced that it has arranged $100 million in bridge financing for Waypoint Residential‘s two-property portfolio in Florida, facilitating the recapitalization of recently completed construction projects. JLL worked on behalf of the borrower, Waypoint Residential, to secure floating-rate construction take-out financing with TPG Real Estate Credit. The portfolio consists of The ",False,,,,Multifamily,,,False,
4144ed71d564,2026-10-06 01:41:24,2026-10-05 18:56:58,YieldPro,Greenstone Partners Senior Director Michael Duckler Closes $22M Multifamily Portfolio Sale in Blue Island Illinois,https://yieldpro.com/2026/10/blue-station-apartments/,"Michael Duckler, Senior Director at Greenstone Partners, recently represented the purchaser in the $22 million sale of a 345-unit multifamily portfolio in Blue Island, Illinois. The portfolio comprises 27 buildings in Chicago’s south suburban market. The out-of-state buyer, which has a significant presence in the submarket, worked closely with Duckler throughout the acquisition, benefiting from […",False,,,,Multifamily,,,False,
2a20d4ff5046,2026-10-06 01:41:24,2026-10-05 17:56:44,YieldPro,Berkadia Arranges Sale of 228-Unit Multifamily Asset in Madison Wisconsin,https://yieldpro.com/2026/10/aster-at-sun-prairie/,"Berkadia has announced the sale of Aster at Sun Prairie, a standout 228-unit multifamily property formerly known as Springs at Sun Prairie, located in Sun Prairie / Madison, Wisconsin, Dane County. Senior Managing Director Pete Evans of Berkadia Chicago and Senior Director Richard Evans of Berkadia Milwaukee led the transaction on behalf of the seller, Menomonee Falls, WI-based Continental Propert",False,,,,Multifamily,,,False,
c64f01a53e99,2026-10-06 01:41:24,2026-10-05 17:55:46,YieldPro,Walker & Dunlop Arranges $170.5M Refinance for Harlem Multifamily Community,https://yieldpro.com/2026/10/lenox-terrace-harlem/,"Walker & Dunlop has arranged $170.5M in permanent financing to refinance Lenox Terrace, a multifamily community in Harlem, New York. Walker & Dunlop Capital Markets Institutional Advisory led by Jonathan Schwartz, Aaron Appel, Keith Kurland, Adam Schwartz, Dustin Stolly, Sean Reimer, Michael Ianno, and Cody Ela arranged the balance sheet financing provided by Chase Commercial […] 
 The post  Walke",False,,,,Multifamily,,,False,
4d1c77493f5f,2026-10-06 01:41:24,2026-10-05 17:54:12,YieldPro,Mia Rose Sells Multifamily Apartment Community in Dardenne Prairie Missouri,https://yieldpro.com/2026/10/the-prairie-luxury-apartments/,"Mia Rose Holdings has sold The Prairie, a 204-unit multifamily community in Dardenne Prairie, Mo., to a private individual. The buyer assumed the property’s five-year, fixed-rate $28.5 million loan, issued by CBRE Capital Markets in 2025. This is the first time the asset changes hands since the selling party brought it online. Mia Rose Holdings’ […] 
 The post  Mia Rose Sells Multifamily Apartment",False,,,,Multifamily,,,False,
b4cafba267d3,2026-10-06 01:41:24,2026-10-05 15:47:27,YieldPro,"BKREA Selected to Explore Sale of Parkchester Site with Potential to Build Over 2,300 Apartments Adjacent to Future Metro-North Station",https://yieldpro.com/2026/10/1601-bronxdale-avenue-redevelopment/,"Himmel + Meringoff Properties and Affinius Capital announced they have selected BKREA to sell 1601 Bronxdale Avenue, a fully-entitled, large-scale Bronx development site slated to become a massive mixed-use hub with thousands of new homes and direct pedestrian access to the forthcoming Parkchester/Van Nest Metro-North station. The planned layout provides 2.42 million square feet across […] 
 The p",False,,,,Multifamily,,,False,
fc2053e43e5a,2026-10-06 01:41:24,2026-10-05 15:30:03,YieldPro,Berkadia Arranges $127M Take-Out Financing for Luxury Multifamily Property The Arcadian in Fort Lauderdale,https://yieldpro.com/2026/10/the-arcadian-take-out-financing/,"Berkadia, a distinguished leader in the commercial real estate sector, announced that it arranged $127 million in construction take-out financing from Madison Realty Capital for The Arcadian, a newly built 502-unit mixed-use multifamily community in Fort Lauderdale’s Sistrunk District. The loan refinances the property’s existing construction debt and provides capital as The Arcadian continues leas",False,,,,Multifamily,,,False,
b969d85caf83,2026-10-06 01:41:24,2026-10-05 15:13:28,YieldPro,JLL Capital Markets Announces the Sale of Transit-Oriented Multifamily Property in Woodbridge New Jersey,https://yieldpro.com/2026/10/avenue-green-apartments/,"JLL Capital Markets announced the $79 million sale of Avenue & Green, a 232-unit, transit-oriented luxury apartment community in Woodbridge, New Jersey. The property was renamed The Point Woodbridge. JLL represented the seller, Prism Capital Partners and Northwestern Mutual, in the sale of the property to Pantzer. This marks Pantzer’s second acquisition in the tri-state area […] 
 The post  JLL Ca",False,,,,Multifamily,,,False,
6a6df12a1210,2026-10-06 01:41:24,2026-10-05 14:56:40,YieldPro,CBRE Arranges $15M Refinancing for Brooklyn Multifamily Property,https://yieldpro.com/2026/10/499-8th-street-apartments/,"CBRE announced it has originated a $15 million loan for a 175-unit rent-stabilized multifamily property located at 430 and 499 East 8th Street in the desirable Midwood section of Brooklyn, New York. The financing was secured on behalf of ARM Management through Four Leaf Credit Union. The CBRE Capital Markets team of Judah Hammer, Jeff […] 
 The post  CBRE Arranges $15M Refinancing for Brooklyn Mul",False,,,,Multifamily,,,False,
4ded1771146b,2026-10-06 01:41:25,2026-10-05 21:42:26,Bisnow,"Amazon, LA Olympics Organizer Take Over 39-Acre Site Formerly Home To Forever 21",https://www.bisnow.com/news/los-angeles/industrial/with-a-lease-to-la28-and-a-sale-to-amazon-former-forever-21-hq-is-no-longer-vacant,Amazon bought two buildings at the former Forever 21 HQ. LA28 leased the remaining building.,False,,,,CRE,,,False,
31fa90b378ad,2026-10-06 01:41:25,2026-10-05 21:19:12,Bisnow,Riverwards Secures $36M In Construction Financing For Philly Apartment Project,https://www.bisnow.com/news/philadelphia/multifamily/riverwards-port-richmond-construction-financing,Riverwards Group obtained $36M from Silver Heights Capital and Nuveen Green Capital for Phase 2 of Somerset Place in Philly's Port Richmond.,False,,,,CRE,,,False,
989118b14f98,2026-10-06 01:41:25,2026-10-05 21:09:08,Bisnow,High Costs Pose Barriers For Ground-Up Hotel Development In Charlotte,https://www.bisnow.com/news/charlotte/hotel/high-costs-pose-barriers-for-ground-up-hotel-development-in-charlotte,"Hotels are in demand in Charlotte, but developers and investors are facing the same barriers as the rest of the nation in ground-up builds.",False,,,,CRE,,,False,
6ada776c25d9,2026-10-06 01:41:25,2026-10-05 19:53:03,Bisnow,Test Valley Renews HQ Lease At Flex Project Near DFW Airport: The DFW Deal Sheet,https://www.bisnow.com/news/dallas-ft-worth/deal-sheet/test-valley-llc-renews-hq-lease-at-flex-project-near-dfw-airport-the-dfw-deal-sheet,"Test Valley LLC renews a lease at the Royal Jetstar Tech Center, maintaining full occupancy near the DFW airport, in a strategic deal by Bradford Commercial.",False,,,,CRE,,,False,
55227de977bb,2026-10-06 01:41:25,2026-10-05 19:30:56,Bisnow,"Denver Construction Costs On The Rise, Surpass National Increases",https://www.bisnow.com/news/denver/construction-development/denver-construction-costs-on-the-rise-surpass-national-costs,"Denver's construction costs are up 4.6% year-over-year, increasing faster than the national average.",False,,,,CRE,,,False,
163e1a295fe1,2026-10-06 01:41:25,2026-10-05 18:57:49,Bisnow,Bears Stadium Saga Shifts Toward Potential Public Ownership Play,https://www.bisnow.com/news/chicago/economic-development/bears-stadium-saga-shifts-toward-potential-public-ownership-play,The latest plan to keep the team in Illinois is at the heart of recent discussions between Bears top brass and state leadership.,False,,,,CRE,,,False,
636bb2d56b66,2026-10-06 01:41:25,2026-10-05 18:04:56,Bisnow,"Real Estate Fundraising Shrinks, Targets Get Smaller",https://www.bisnow.com/news/national/capital-markets/real-estate-fundraising-shrinks-targets-get-smaller,"Investor appetite has weakened, reducing fundraising to historic lows.",False,,,,CRE,,,False,
f4a7725ded3b,2026-10-06 01:41:25,2026-10-05 17:37:57,Bisnow,Delin Secures €227M Loan To Refinance Dutch Logistics Fund,https://www.bisnow.com/news/netherlands/industrial/delin-secures-227m-euro-refinance-logistic-fund-the-netherlands,"Delin Property refinanced 13 logistics assets in the Netherlands, allowing the fund to make capital expenditures across the portfolio.",False,,,,CRE,,,False,
9d68f0051431,2026-10-06 01:41:26,2026-10-05 17:15:42,Bisnow,Lioncor Bets Ireland's Residential Reset Can Unlock A New Wave Of Capital,https://www.bisnow.com/news/dublin/affordable-housing/lioncor-bets-ireland-s-residential-reset-can-unlock-a-new-wave-of-capital,International capital returns to Irish housing with Lioncor at the forefront. New developments signal growth potential.,False,,,,CRE,,,False,
53634c999308,2026-10-06 01:41:26,2026-10-05 17:08:50,Bisnow,"Austin Suburb Set To Decide On Annexation, Zoning For Data Center Campus",https://www.bisnow.com/news/austin-san-antonio/data-center/taylor-deciding-annexation-zoning-data-center-campus-powerhouse,"Taylor, Texas, is considering the annexation and zoning of a potential 664-acre data center, promising $5B in economic output.",False,,,,CRE,,,False,
cb30fb196946,2026-10-06 01:41:26,2026-10-05 22:00:26,Commercial Observer,Miami-Dade Office Rents Rise and Vacancy Tightens,https://commercialobserver.com/2026/10/miami-dade-office-q3/,"Miami-Dade County’s office market remains strong, with vacancy rates dropping and rents rising, benefiting both the high and low segments, according to a new report from Savills.  Office availability dropped to 14.6 percent, down 1.2 percentage points over the past year, all while asking rents rose to an average of $68.50 per square foot per […]",False,,,,CRE,,,False,
7398d8ef4e1e,2026-10-06 01:41:26,2026-10-05 19:14:46,Commercial Observer,Gravity Fitness Signs 23K-SF Lease at Queens’ Flushing Plaza,https://commercialobserver.com/2026/10/gravity-fitness-lease-41-61-kissena-boulevard-flushing-plaza/,"An athletic club is following a gravitational pull leading it to eastern Queens. Gravity Fitness signed a long-term, 23,000-square-foot lease at Muss Development’s Flushing Plaza at 41-61 Kissena Boulevard, where it will occupy the ground floor of a two-story office and retail complex in Downtown Flushing, according to the landlord. Muss Development did not disclose […]",False,,,,CRE,,,False,
7b17fd900a2f,2026-10-06 01:41:26,2026-10-05 18:57:43,Commercial Observer,French Consulting Firm Wavestone Leases 10K SF at 511 Fifth Avenue,https://commercialobserver.com/2026/10/wavestone-lease-511-fifth-avenue/,"Wavestone, a global strategic business and technology transformation consulting firm, has inked a 9,812-square-foot office lease at 511 Fifth Avenue, an 18-story Midtown office building recently redeveloped by owners Aurora Capital, Wharton Properties and ACHS Management.  The France-based firm will relocate roughly two blocks east from 130 West 42nd Street — though it is unclear […]",False,,,,CRE,,,False,
7a3e79b66f7d,2026-10-06 01:41:26,2026-10-05 18:25:24,Commercial Observer,Dwight Capital Refis Philly Apartments With $32M HUD Loan,https://commercialobserver.com/2026/10/dwight-capital-philly-apartments/,"Scannapieco Development has landed $32 million of agency-backed debt to refinance a newly built Philadelphia multifamily property, Commercial Observer has learned. Dwight Capital closed the U.S. Department of Housing and Urban Development (HUD) (223)(f) loan for Scannapieco’s 110-unit Americana development that debuted in 2024 in Philadelphia’s Kensington neighborhood. Loan proceeds will be used t",False,,,,CRE,,,False,
cd3dca1b1fce,2026-10-06 01:41:26,2026-10-05 18:16:56,Commercial Observer,CRE Law Firm Adler & Stachenfeld Takes 40K SF at 1301 Avenue of the Americas,https://commercialobserver.com/2026/10/adler-stachenfeld-lease-1301-avenue-of-the-americas/,"Commercial real estate law firm Adler & Stachenfeld (A&S) is relocating its New York City offices within Midtown. The practice, which was founded in 1997 by Bruce Stachenfeld and Terri Adler, has signed a 40,000-square-foot lease on the entire 12th floor of 1301 Avenue of the Americas, now owned in a joint venture between Rithm […]",False,,,,CRE,,,False,
efd5eaab34fe,2026-10-06 01:41:26,2026-10-05 17:59:49,Commercial Observer,The AI Infrastructure Industry Has Entered Its Coordination Crisis,https://commercialobserver.com/2026/10/ai-infrastructure-industry-coordination-crisis/,"A data center can now be built in 18 months. The transformer that powers it can take as long as four years to arrive. And the transformer is only one of the clocks that has to line up. Power, cooling, electrical equipment, permitting, construction and utility upgrades all operate on different timelines. Those timelines were […]",False,,,,CRE,,,False,
73025ce68f35,2026-10-06 01:41:26,2026-10-05 17:55:38,Commercial Observer,Steve Wylder On Safehold’s Plan to Fill Affordable Housing Capital Gaps,https://commercialobserver.com/2026/10/steve-wylder-safehold-affordable-housing-ground-lease/,"Safehold has spent nearly a decade modernizing the ground lease strategy of owning the land underneath a development to reduce costs for builders and users. More recently, the real estate investment trust started using the strategy to help affordable housing developers close increasingly stubborn gaps in their capital stacks. The company launched a dedicated affordable […]",False,,,,CRE,,,False,
6fd0c3fe0596,2026-10-06 01:41:26,2026-10-05 17:50:24,Commercial Observer,Blackstone Sells Fort Lauderdale Industrial Campus for $57M,https://commercialobserver.com/2026/10/blackstone-fort-lauderdale-bkm-kayne-anderson-link-logistics/,"Blackstone’s industrial arm has sold an industrial campus in Fort Lauderdale, Fla., for $57 million. Industrial investor BKM Capital Partners and Boca Raton-based Kayne Anderson Real Estate purchased the seven-building property at 2201, 2301 and 2381 Stirling Road, less than a mile west of Interstate 95, near the Dania Pointe retail complex. The 210,000-square-foot campus, […]",False,,,,CRE,,,False,
0610611aa1e6,2026-10-06 01:41:26,2026-10-05 16:44:25,Commercial Observer,Affinius Capital Provides $95M Construction Loan for Oregon State Student Housing,https://commercialobserver.com/2026/10/affinius-capital-95m-construction-loan-oregon-state-student-housing/,"Fields Holdings has secured $94.8 million in construction financing to build Zev Corvallis, a 13-story, 262-unit student housing complex on the campus of Oregon State University in Corvallis, Ore., Commercial Observer can first report.  Affinius Capital provided debt. No broker was listed on the transaction.  Tyler Figley, Affinius Capital senior vice president, noted in a […]",False,,,,CRE,,,False,
42c47538e6d0,2026-10-06 01:41:26,2026-10-05 16:01:36,Commercial Observer,Record Diesel Prices Fuel More Challenges for Retail Real Estate,https://commercialobserver.com/2026/10/record-diesel-prices-retail-real-estate-challenges/,"When it comes to diesel prices’ impact on U.S. retail, the pain at the pump is being felt in retailers’ real estate strategies.  Diesel fuel, a key component of transportation costs that impacts the pricing of nearly every item on Americans’ shopping lists, surpassed an all-time average high of $6 per gallon in September. Businesses […]",False,,,,CRE,,,False,
632c5acea4b9,2026-10-06 01:41:26,2026-10-05 15:55:51,Commercial Observer,U.S. Government Buys SoCal ICE Complex for $950M,https://commercialobserver.com/2026/10/ice-geo-immigration-california/,"GEO Group has sold a three-property immigration detention complex in Southern California’s Inland Empire for $950 million to the federal government for the U.S. Immigration and Customs Enforcement (ICE). The Boca Raton, Fla.-based prison operator sold two ICE processing centers, one with 1,280 beds and another with 660 beds, as well as the 704-bed Desert […]",False,,,,CRE,,,False,
0a7f8be34225,2026-10-06 01:41:26,2026-10-05 14:15:57,Commercial Observer,Chicago Leads CMBS Distress Among 11 Metros in MLB Playoffs,https://commercialobserver.com/2026/10/chicago-cmbs-distress-mlb-playoffs-cubs-white-sox/,"Both the Chicago Cubs and the Chicago White Sox reached Major League Baseball’s 2026 postseason, but the owners of the city’s office towers in the commercial mortgage-backed securities (CMBS) market have not earned similar success. In fact, Chicago is the weakest real estate market in this year’s MLB playoffs.  In July, the $536 million loan […]",False,,,,CRE,,,False,
c6ac55a56201,2026-10-06 01:41:26,2026-10-05 13:34:33,Commercial Observer,"Canyon Adds Chad Goodman From Related as Head of Eastern, Central Region Credit",https://commercialobserver.com/2026/10/canyon-partners-real-estate-chad-goodman-related/,"Canyon Partners Real Estate is expanding its credit platform with the addition of Chad Goodman from Related Fund Management to lead opportunistic organizations across the Eastern and Central U.S., Commercial Observer can first report. Goodman joined Canyon’s New York office as head of eastern and central region credit after spending the last six years at […]",False,,,,CRE,,,False,
f531d468aef9,2026-10-06 01:41:26,2026-10-05 13:00:30,Commercial Observer,"The Hekemian Group Scores $45M Recap From RXR, North Carolina Investment Authority",https://commercialobserver.com/2026/10/the-hekemian-group-scores-45m-recap-from-rxr-north-carolina-investment-authority/,"The Hekemian Group has secured a $45 million loan to recapitalize District Montvale, a 308-unit multifamily property that opened in 2022 and is part of the larger DePiero Farm master development in Montvale, N.J., Commercial Observer can first report.  RXR and the North Carolina Investment Authority (NCIA) provided the debt, which comes out of RXR […]",False,,,,CRE,,,False,
e823937f432d,2026-10-06 01:41:26,2026-10-05 12:00:46,Commercial Observer,"Silver Heights, Nuveen Green Capital Lend $36M on Philly Apartments Build",https://commercialobserver.com/2026/10/silver-heights-nuveen-green-capital-philadelphia-apartments/,"Riverwards Group has landed $35.8 million of construction financing to develop a multifamily project in Philadelphia as the next phase of its master-planned residential community, Commercial Observer has learned. Silver Heights Capital provided a $19.9 million senior construction loan in the deal, while Nuveen Green Capital supplied $15.9 million of Commercial Property Assessed Clean Energy […]",False,,,,CRE,,,False,
94e0bb7554ac,2026-10-06 01:41:26,2026-10-05 11:57:50,Commercial Observer,"Trebellar, an AI Platform for Corporate Occupiers, Raises $18M Series A",https://commercialobserver.com/2026/10/trebellar-series-a/,"Trebellar, an AI-native platform for corporate real estate, announced that it has raised an $18 million Series A to automate enterprise real estate portfolio strategies. Blossom Capital led the round, with participation from Haystack, Alt Capital, 1Flourish and Bynd Venture Capital. Founded in 2022, San Francisco-based Trebellar brings together portfolio data in a format that […]",False,,,,CRE,,,False,
dc24229896b1,2026-10-06 01:41:26,2026-10-05 10:30:23,Commercial Observer,Jessica Rascionato of Citizens Bank Talks Shop,https://commercialobserver.com/2026/10/jessica-rascionato-citizens-bank/,"Jessica Rascionato is the head of commercial real estate at Citizens Bank, where she leads the bank’s $25 billion national CRE strategy with an emphasis on capital flows, financial trends and constantly evolving macroeconomic storylines.  Rascionato has been an executive at the bank for nearly a decade, helping guide it through COVID-19, Citizen’s $3.3 billion […]",False,,,,CRE,,,False,
b7341da90a12,2026-10-06 01:41:26,2026-10-05 21:53:02,Connect CRE,Global Consulting Firm Wavestone Relocates to Fifth Avenue,https://www.connectcre.com/stories/global-consulting-firm-wavestone-relocates-to-fifth-avenue/,"Cushman & Wakefield arranged a 9,812-square-foot lease for Wavestone at 511 Fifth Ave. in Midtown Manhattan. The global consulting firm will relocate from 130 W. 42nd St. to the building’s 13th floor. Cushman & Wakefield’s Nick Masi represented Wavestone. Newmark’s Scott Klau and Natalie Serio represented building ownership, Aurora Capital, Wharton Properties and ACHS Management.  ... 
 The post  ",False,,,,CRE,,,False,
85af781026ae,2026-10-06 01:41:26,2026-10-05 21:43:21,Connect CRE,Byline Bank Closes on Term Loan for South Bay IOS Portfolio,https://www.connectcre.com/stories/byline-bank-closes-on-term-loan-for-south-bay-ios-portfolio/,"Byline Bank’s Commercial Real Estate Group (BCREG) closed on a $20.25-million term loan with Stockbridge Capital Group to refinance a two-property industrial outdoor storage (IOS) portfolio in Wilmington. The 13-acre portfolio is 100% leased and includes properties at 501 Quay Ave. and 1540-1550 Eubank Ave. Located near the Ports of Los Angeles and Long Beach  ... 
 The post  Byline Bank Closes on",False,,,,CRE,,,False,
482979d693d8,2026-10-06 01:41:26,2026-10-05 21:34:46,Connect CRE,Net-Leased Gerber Collision Property in Illinois Trades Hands,https://www.connectcre.com/stories/net-leased-gerber-collision-property-in-illinois-trades-hands/,"Marcus & Millichap completed the sale of 5840 W. Ogden Ave., an 18,620-square-foot, net-leased Gerber Collision & Glass property in Cicero, Illinois. “This transaction provided the buyer with a newly renovated property backed by a new 15-year corporate lease with an established national, publicly traded tenant,” said Lior Regenstreif, executive managing director of investments. “The  ... 
 The pos",False,,,,CRE,,,False,
063a643ce435,2026-10-06 01:41:26,2026-10-05 21:34:34,Connect CRE,CBRE Arranges Financing for Rent-Stabilized Midwood Multifamily,https://www.connectcre.com/stories/cbre-arranges-financing-for-rent-stabilized-midwood-multifamily/,"CBRE originated a $15-million loan for a 175-unit rent-stabilized multifamily property located at 430 and 499 E. 8th St. in the Midwood section of Brooklyn. The financing was secured on behalf of ARM Management through Four Leaf Credit Union.  The CBRE Capital Markets team of Judah Hammer, Jeff Feldman and Jack Hayes arranged the refinancing  ... 
 The post  CBRE Arranges Financing for Rent-Stabil",False,,,,CRE,,,False,
9b244abed4b3,2026-10-06 01:41:26,2026-10-05 21:26:37,Connect CRE,Nuveen Snaps Up Vons-Anchored San Luis Obispo Center,https://www.connectcre.com/stories/nuveen-snaps-up-vons-anchored-san-luis-obispo-center/,"JLL Capital Markets arranged the $58.25-million sale of Marigold Center, a 174,428-square-foot grocery-anchored shopping center located at 3900 Broad St. in San Luis Obispo. Senior managing directors Gleb Lvovich and Geoff Tranchina, along with managing directors Daniel Tyner and Eric Kathrein, represented the seller, First Washington Realty. Nuveen Real Estate acquired the asset. Marigold Center ",False,,,,CRE,,,False,
a9af35820b0f,2026-10-06 01:41:26,2026-10-05 21:21:28,Connect CRE,16-Acre Baltimore Port Property Sells for $11M to Chesapeake Terminals,https://www.connectcre.com/stories/16-acre-baltimore-port-property-sells-for-11m-to-chesapeake-terminals/,"Gold and Company, LLC, a commercial real estate firm serving the Baltimore metropolitan area, has facilitated the sale of a waterfront industrial property at 1935 and 1999 Chesapeake Ave. in Baltimore. The income-producing property, totaling 16.5 acres, was purchased by Miami-based Chesapeake Terminals for $11.1 million. The transaction was brokered by Senior Vice President Jim  ... 
 The post  16",False,,,,CRE,,,False,
7197fb127d77,2026-10-06 01:41:26,2026-10-05 21:15:07,Connect CRE,Lee & Associates Brokers 40K-SF Blue Island Truck Terminal Lease,https://www.connectcre.com/stories/lee-associates-brokers-40k-sf-blue-island-truck-terminal-lease/,"Lee & Associates negotiated a lease transaction for a 40,116-square-foot truck terminal located at 3301 Wireton Road, Units 101 & 105, Blue Island, Illinois. Sean Austin, principal at Lee & Associates of Illinois, represented the tenant, Beverly Freight, Inc., a licensed freight carrier. The landlord, Wireton 3301, LLC, was represented by Colin Green of CBRE.  ... 
 The post  Lee & Associates Brok",False,,,,CRE,,,False,
fbe954c7e92b,2026-10-06 01:41:26,2026-10-05 21:10:49,Connect CRE,Stamford Offices Secure Permanent Loan from BMO,https://www.connectcre.com/stories/stamford-offices-secure-permanent-loan-from-bmo/,"Avison Young arranged a $22.5-million permanent mortgage loan on behalf of an investor group led by Mountain Development Corp. (MDC) for Harbor Square, a 165,114-square-foot multi-building office campus at 700 and 850 Canal St. in Stamford, CT. Bank of Montreal (BMO) provided the financing. Avison Young’s Tri-State Debt and Equity Finance team led by principals  ... 
 The post  Stamford Offices Se",False,,,,CRE,,,False,
7a8ab8fdb94b,2026-10-06 01:41:26,2026-10-05 21:02:48,Connect CRE,Kiln Signs 22K-SF Coworking Space Lease at Woodinville MXU Development,https://www.connectcre.com/stories/kiln-signs-22k-sf-coworking-space-lease-at-woodinville-mxu-development/,"Utah-based coworking company Kiln has signed a lease in Woodinville’s 19.5-acre Harvest development, with plans to open its 22,045-square-foot location at the site in 2027. It marks the company’s third new lease in the region this year, following deals in Seattle’s Fremont neighborhood and Bellevue. Those locations are expected to open in October and May  ... 
 The post  Kiln Signs 22K-SF Coworkin",False,,,,CRE,,,False,
cf96dedcc273,2026-10-06 01:41:26,2026-10-05 21:02:13,Connect CRE,Davis Provides $44M Construction Financing for Downtown Residential Conversion,https://www.connectcre.com/stories/davis-provides-44m-construction-financing-for-downtown-residential-conversion/,"JLL Capital Markets has arranged $44 million in financing for 31 Milk St., an adaptive reuse multifamily redevelopment in Downtown Boston. Managing director Anthony Cutone, director Madeline Joyce and associates Michael Schwarze and Joe Marinaro represented the borrower, Dinosaur Capital Partners and Mugar Enterprises. The three-year, senior construction loan was provided by an affiliate of  ... 
",False,,,,CRE,,,False,
1bc4132b3f03,2026-10-06 01:41:26,2026-10-05 20:30:00,Federal Reserve,Federal Reserve Board announces approval of application by Isabella Bank Corporation,https://www.federalreserve.gov/newsevents/pressreleases/orders20261005a.htm,Federal Reserve Board announces approval of application by Isabella Bank Corporation,False,,,,Macro,,,False,
c2908a90f2cf,2026-10-06 01:41:27,2026-10-05 18:32:05,Connect CRE Texas,Hunington Closes on Construction Loan for 279-Unit Katy Apartment Development,https://www.connectcre.com/stories/hunington-closes-on-construction-loan-for-279-unit-katy-apartment-development/,"Hunington Properties secured its financing, enabling it to begin work on The Vic at Sunterra, a 279-unit multifamily community in Katy. The $47 million, HUD 221(d)(4) non-recourse financing provides a high loan-to-cost ratio and substantial proceeds, with a 24-month interest-only period, followed by a fully amortizing 40-year term providing the borrower long-term stability and predictable  ... 
 T",False,,,,Multifamily,,,False,
11004a40cff3,2026-10-06 01:41:27,2026-10-05 18:15:50,Connect CRE Texas,Riverside Picks Up 11-Story Austin Office Building,https://www.connectcre.com/stories/riverside-picks-up-11-story-austin-office-building/,"Private equity investor Riverside has acquired Lavaca Plaza, an 11-story building with 122,042 square feet of office space in Austin, Texas, for an unspecified price. Unico Properties sold the asset. Commercial Search reports Unico paid $61.4 million for the property in 2015. In the marketing material, JLL suggested the property might be a candidate for  ... 
 The post  Riverside Picks Up 11-Story",False,,,,Multifamily,,,False,
9ad1e3fed330,2026-10-06 01:41:27,2026-10-05 16:46:19,Connect CRE Texas,Houston Industrial Market Stays Strong,https://www.connectcre.com/stories/houston-industrial-market-stays-strong/,"Houston’s industrial market accelerated in the third quarter of 2026, recording its strongest quarterly leasing activity in more than four years, while office leasing remained ahead of last year’s pace despite elevated vacancy, according to Cushman & Wakefield’s latest market research. Industrial leasing totaled 14.6 million square feet during Q3, up 66% from the previous  ... 
 The post  Houston ",False,,,,Multifamily,,,False,
6b78e1bf67e9,2026-10-06 01:41:27,2026-10-05 16:25:18,Connect CRE Texas,Trammell Crow-Led JV Sells Houston Warehouse for $26.8M,https://www.connectcre.com/stories/trammell-crow-led-jv-sells-houston-warehouse-for-26-8m/,"Trammell Crow Company (TCC) and joint venture partner Daiwa House Texas Inc. sold Building 3 at Blue Ridge Commerce Center in Houston, Texas. Located at 16851 Blue Ridge Commerce Dr. and measuring 153,928 square feet, Building 3 was sold to Applied Optoelectronics (“AOI”; NASDAQ: AAOI) for $26.8 million. AOI leased 100% of the building in  ... 
 The post  Trammell Crow-Led JV Sells Houston Warehou",False,,,,Multifamily,,,False,
1cc4d54be090,2026-10-06 01:41:30,2026-10-05 13:58:04,Connect CRE South FL,Development Group Scores Financing for 502-Unit Fort Lauderdale Apartment Complex,https://www.connectcre.com/stories/development-group-scores-financing-for-502-unit-fort-lauderdale-apartment-complex/,"The Fuse Group and KREA Developments landed a $127 million construction take-out loan for The Arcadian, a recently delivered 502-unit Fort Lauderdale multifamily community. Berkadia’s Scott Wadler, Brad Williamson, Bobby Dockerty, and Nicholas Horowitz of Berkadia Miami arranged the financing on behalf of the joint venture. Madison Realty Capital provided the loan. Located at 640  ... 
 The post  ",False,,,,Multifamily,,,False,
1396bd64f729,2026-10-06 01:41:31,2026-10-05 16:02:33,Connect CRE Phoenix,Arizona Biltmore Owner Buys Wrigley Mansion,https://www.connectcre.com/stories/arizona-biltmore-owners-buy-wrigley-mansion/,"The Wrigley Mansion is joining the Arizona Biltmore under ownership by Henderson Park in a joint venture with Western & Southern Financial Group, and funds managed by Hamilton Lane, South Street Partners and Pyramid Global Hospitality. Pyramid Global Hospitality will oversee operations at both properties. It was sold by the Hormel family, who owned it  ... 
 The post  Arizona Biltmore Owner Buys W",False,,,,Multifamily,,,False,
ec1061fa378b,2026-10-06 01:41:34,2026-10-05 20:47:04,Connect CRE California,Jonathan Rose Makes Second Acquisition in Santa Cruz,https://www.connectcre.com/stories/jonathan-rose-makes-second-acquisition-in-santa-cruz/,"Jonathan Rose Companies has acquired La Posada Apartments, a 150-unit, mixed-income community located at 609 Frederick St. in Santa Cruz. The $85-million transaction marks the ninth acquisition for the Rose Affordable Housing Preservation Fund VI and the firm’s second property in Santa Cruz.   In line with its longstanding mission to preserve existing affordable housing, Jonathan Rose Companies ac",False,,,,Multifamily,,,False,
335cc4d698e6,2026-10-06 01:41:34,2026-10-05 17:33:41,Connect CRE California,Yamaha Divests U.S. Headquarters in Sale-Leaseback,https://www.connectcre.com/stories/yamaha-divests-u-s-headquarters-in-sale-leaseback/,"Avison Young arranged the sale of the former U.S. headquarters campus of Yamaha Motor Corporation, U.S.A., located at 6555 Katella Ave. in Cypress. LA Business First identified the buyer as The Walt Disney Co., which paid $115 million and will use the property for back-office operations. Yamaha will lease back the property, its U.S. headquarters  ... 
 The post  Yamaha Divests U.S. Headquarters in",False,,,,Multifamily,,,False,
ef6f7aea90c1,2026-10-06 01:41:34,2026-10-05 09:01:47,Yardi Matrix Blog,U.S. Industrial Market Outlook – September 2026,https://www.yardimatrix.com/blog/u-s-industrial-market-outlook-september-2026/,"Industrial fundamentals continued to rebalance in August, while renewed construction activity and record e-commerce penetration pointed to durable long-term logistics demand, the latest Yardi Matrix Industrial National Report shows. Report highlights Leasing conditions remain uneven Rent growth remained strongest in several Sun Belt and East Coast markets. Atlanta led major metros with a 7.9 perce",False,,,,Multifamily,,,False,
c106168ea0ff,2026-10-06 01:41:34,2026-10-01 11:00:00,Yardi Matrix Blog,Columbus Multifamily Market Report – September 2026,https://www.yardimatrix.com/blog/columbus-multifamily-market-report/,"Fundamentals Hold Amid Supply Growth The Columbus multifamily market remained resilient through the first half of 2026, according to the latest Yardi Matrix Columbus multifamily market report. The average advertised asking rent climbed 0.2%, on a trailing three-month basis through July, to $1,368, mirroring the U.S. pace of growth, as reported in the national multifamily […] 
 The post  Columbus M",False,,,,Multifamily,,,False,
2be77683ab61,2026-10-06 01:41:35,2026-10-05 13:15:00,LA Urbanize,Fresh imagery for proposed housing complex at 1238 Lincoln Blvd. in Santa Monica,https://la.urbanize.city/post/fresh-imagery-proposed-housing-complex-1238-lincoln-blvd-santa-monica,"Fresh imagery for proposed housing complex at 1238 Lincoln Blvd. in Santa Monica 
 Steven Sharp 
 Mon, 10/05/2026 - 06:15 
 
 A staff report to the Santa Monica Architectural Review Board  offers a look at additional imagery depicting plans to build housing on the longtime site of  the Boys & Girls Clubs of Santa Monica . Lincoln Property Company 's plans for the site at  1238 Lincoln Boulevard  i",False,,,,Residential,,,False,
6c9364e177a3,2026-10-06 01:41:35,2026-10-05 13:10:00,LA Urbanize,Mixed-use project proposed at 177 S. Robertson Blvd. in Beverly Hills,https://la.urbanize.city/post/mixed-use-project-proposed-177-s-robertson-blvd-beverly-hills,"Mixed-use project proposed at 177 S. Robertson Blvd. in Beverly Hills 
 Steven Sharp 
 Mon, 10/05/2026 - 06:10 
 
 A mixed-use apartment complex  is set to replace a vehicular service center and a preschool just south of Wilshire Boulevard in  Beverly Hills .  
 
 
 View looking west Gabbay Architects 
 
 The project,  slated for a site at 177-195 S. Robertson Boulevard , is proposed by OHR Hamet,",False,,,,Residential,,,False,
2792f4eff650,2026-10-06 01:41:36,2026-10-05 13:05:00,LA Urbanize,Construction loan issued for affordable housing at 400 Centinela Ave. in Inglewood,https://la.urbanize.city/post/construction-loan-issued-affordable-housing-400-centinela-ave-inglewood,"Construction loan issued for affordable housing at 400 Centinela Ave. in Inglewood 
 Steven Sharp 
 Mon, 10/05/2026 - 06:05 
 
 The Los Angeles County Affordable Housing Solutions Agency (LACAHSA) has announced the closing of its first construction loan,  which will go toward a mixed-use development  in the  City of Inglewood . Sankofa Place at Centinela - a joint venture between  Venice Community",False,,,,Residential,,,False,
c0305621f5e2,2026-10-06 01:41:39,2026-10-05 12:30:33,SF YIMBY,"New Building Permits Issued For Mission Bay Block 4 East, San Francisco",https://sfyimby.com/2026/10/new-building-permits-issued-for-mission-bay-block-4-east-san-francisco.html,"New building permits have been issued for both phases of the  Mission Bay Block 4 East  development in  San Francisco’s   Mission Bay  neighborhood. The project will include two affordable housing blocks, rising 16 stories and 23 stories.  Curtis Development  and  Bayview Senior Services  are the joint developers.",False,,,,Policy,,,False,
d885914a9305,2026-10-06 01:41:39,2026-10-05 12:00:38,SF YIMBY,"Preliminary Plans For 2213 25th Street in Potrero Hill, San Francisco",https://sfyimby.com/2026/10/preliminary-plans-for-2213-25th-street-in-potrero-hill-san-francisco.html,Preliminary plans have surfaced for a narrow apartment complex at 2213 25th Street in  San Francisco’s   Potrero Hill  neighborhood. The infill project could replace a single-family house with three dwelling units.  Burlingame -based  Arcus Housing  is listed as the property owner.,False,,,,Policy,,,False,
bd26cfdc127a,2026-10-06 01:41:39,2026-10-05 21:10:09,Senior Housing News,Movers and Shakers: Civitas Promotes Executive Vice President; The Springs Living CEO Joins Koda Ridge Capital as Partner,https://seniorhousingnews.com/2026/10/05/movers-and-shakers-civitas-promotes-executive-vice-president-the-springs-living-ceo-joins-koda-ridge-capital-as-partner/,"Movers & Shakers is brought to you by the Senior Housing News Job Board. Browse and apply to management and executive senior living jobs and positions from leading professional firms serving the industry. Employers can post single jobs, purchase job packages or our premium subscription that includes unlimited job posts and editorial coverage for one […] 
 The post  Movers and Shakers: Civitas Prom",False,,,,Senior Housing,,,False,
b67f8b690965,2026-10-06 01:41:39,2026-10-05 20:48:10,Senior Housing News,"‘3 Jobs in One’: How 8 Senior Living Operators Support, Hire, Train Executive Directors",https://seniorhousingnews.com/2026/10/05/3-jobs-in-one-how-8-senior-living-operators-support-hire-train-executive-directors/,"This story is part of your SHN+ subscription Senior living operators are evolving their leadership development programs and training to prepare the next generation of senior living executive directors. The vital role of the executive director is becoming even more vital in 2026 and today’s community leaders must bring soft skills in hospitality, oversee care […] 
 The post  ‘3 Jobs in One’: How 8 ",False,,,,Senior Housing,,,False,
ed31fb7643b9,2026-10-06 01:41:39,2026-10-05 20:43:47,Senior Housing News,CareTrust REIT Grows U.K. SHOP Platform With 45-Property Care Home Deal,https://seniorhousingnews.com/2026/10/05/caretrust-reit-grows-u-k-shop-platform-with-45-property-care-home-deal/,"CareTrust REIT (NYSE: CTR) has acquired 45 care homes in the U.K. for approximately $1.5 billion. The deal, valued at £1.1 billion, expands the Dana Point, California-based real estate investment trust following its entry into the U.K. market with last year’s acquisition of Care REIT for $817 million. The transaction, in partnership with LNT Care […] 
 The post  CareTrust REIT Grows U.K. SHOP Plat",False,,,,Senior Housing,,,False,
